landscape_id,landscape_name,pattern,level,layer,class,id,metric_name,metric,value,warnings
1,random_1,random,landscape,1,NA,NA,ai,ai,64.4857329780563,NA
2,random_2,random,landscape,1,NA,NA,ai,ai,63.12299832836372,NA
3,clustered_3_rot150,clustered,landscape,1,NA,NA,ai,ai,98.12334740881178,NA
4,random_4,random,landscape,1,NA,NA,ai,ai,50.557922559245334,NA
5,clustered_5_rot91,clustered,landscape,1,NA,NA,ai,ai,94.24770455064136,NA
6,labyrinth_6,labyrinth,landscape,1,NA,NA,ai,ai,94.96287826874718,NA
7,clustered_7_rot125,clustered,landscape,1,NA,NA,ai,ai,96.9866065525194,NA
8,labyrinth_8,labyrinth,landscape,1,NA,NA,ai,ai,94.13079674306186,NA
9,clustered_9_rot272,clustered,landscape,1,NA,NA,ai,ai,95.04963599195571,NA
10,random_10,random,landscape,1,NA,NA,ai,ai,50.27696505494869,NA
11,labyrinth_11,labyrinth,landscape,1,NA,NA,ai,ai,95.80014968182951,NA
12,clustered_12_rot17,clustered,landscape,1,NA,NA,ai,ai,93.75598013360475,NA
13,clustered_13_rot286,clustered,landscape,1,NA,NA,ai,ai,97.41326763024306,NA
14,random_14,random,landscape,1,NA,NA,ai,ai,53.68810151405198,NA
15,random_15,random,landscape,1,NA,NA,ai,ai,54.39123794002253,NA
16,labyrinth_16,labyrinth,landscape,1,NA,NA,ai,ai,91.82745623021742,NA
17,random_17,random,landscape,1,NA,NA,ai,ai,56.842780308643256,NA
18,labyrinth_18,labyrinth,landscape,1,NA,NA,ai,ai,96.0266499898105,NA
19,clustered_19_rot254,clustered,landscape,1,NA,NA,ai,ai,98.77257043904775,NA
20,random_20,random,landscape,1,NA,NA,ai,ai,77.72412908700827,NA
21,clustered_21_rot190,clustered,landscape,1,NA,NA,ai,ai,96.21595621271234,NA
22,clustered_22_rot218,clustered,landscape,1,NA,NA,ai,ai,97.38696047292788,NA
23,clustered_23_rot3,clustered,landscape,1,NA,NA,ai,ai,91.76048764776425,NA
24,clustered_24_rot31,clustered,landscape,1,NA,NA,ai,ai,97.51886189600044,NA
25,random_25,random,landscape,1,NA,NA,ai,ai,62.138429590852176,NA
26,random_26,random,landscape,1,NA,NA,ai,ai,64.88985122880128,NA
27,labyrinth_27,labyrinth,landscape,1,NA,NA,ai,ai,93.19810834131552,NA
28,clustered_28_rot276,clustered,landscape,1,NA,NA,ai,ai,96.99929985350042,NA
29,clustered_29_rot188,clustered,landscape,1,NA,NA,ai,ai,96.525303895375,NA
30,clustered_30_rot52,clustered,landscape,1,NA,NA,ai,ai,98.42237560977561,NA
31,random_31,random,landscape,1,NA,NA,ai,ai,79.93370989350522,NA
32,random_32,random,landscape,1,NA,NA,ai,ai,51.04199600752876,NA
33,labyrinth_33,labyrinth,landscape,1,NA,NA,ai,ai,92.71186800984086,NA
34,labyrinth_34,labyrinth,landscape,1,NA,NA,ai,ai,93.36479150134778,NA
35,clustered_35_rot173,clustered,landscape,1,NA,NA,ai,ai,96.04378768580294,NA
36,labyrinth_36,labyrinth,landscape,1,NA,NA,ai,ai,95.80540354760315,NA
37,labyrinth_37,labyrinth,landscape,1,NA,NA,ai,ai,93.33977651930424,NA
38,labyrinth_38,labyrinth,landscape,1,NA,NA,ai,ai,92.87372946730014,NA
39,labyrinth_39,labyrinth,landscape,1,NA,NA,ai,ai,93.02596303430835,NA
40,clustered_40_rot22,clustered,landscape,1,NA,NA,ai,ai,97.51944315240283,NA
41,random_41,random,landscape,1,NA,NA,ai,ai,65.48357109781998,NA
42,clustered_42_rot150,clustered,landscape,1,NA,NA,ai,ai,90.88659754021734,NA
43,labyrinth_43,labyrinth,landscape,1,NA,NA,ai,ai,93.99979157873582,NA
44,labyrinth_44,labyrinth,landscape,1,NA,NA,ai,ai,95.40471056741336,NA
45,clustered_45_rot177,clustered,landscape,1,NA,NA,ai,ai,97.47379077084798,NA
46,random_46,random,landscape,1,NA,NA,ai,ai,60.43978693707799,NA
47,random_47,random,landscape,1,NA,NA,ai,ai,63.57280924876557,NA
48,labyrinth_48,labyrinth,landscape,1,NA,NA,ai,ai,91.62594058089593,NA
49,labyrinth_49,labyrinth,landscape,1,NA,NA,ai,ai,90.36767232295881,NA
50,random_50,random,landscape,1,NA,NA,ai,ai,50.57783778963157,NA
51,random_51,random,landscape,1,NA,NA,ai,ai,79.08436215196068,NA
52,random_52,random,landscape,1,NA,NA,ai,ai,63.190265135535554,NA
53,labyrinth_53,labyrinth,landscape,1,NA,NA,ai,ai,92.75193107389153,NA
54,labyrinth_54,labyrinth,landscape,1,NA,NA,ai,ai,93.6338954737899,NA
55,random_55,random,landscape,1,NA,NA,ai,ai,57.47641774158494,NA
56,labyrinth_56,labyrinth,landscape,1,NA,NA,ai,ai,94.97356304916246,NA
57,random_57,random,landscape,1,NA,NA,ai,ai,52.565002694840366,NA
58,random_58,random,landscape,1,NA,NA,ai,ai,66.30871987174983,NA
59,labyrinth_59,labyrinth,landscape,1,NA,NA,ai,ai,95.0226684305045,NA
60,clustered_60_rot335,clustered,landscape,1,NA,NA,ai,ai,93.98325497212788,NA
61,clustered_61_rot151,clustered,landscape,1,NA,NA,ai,ai,93.25788604155247,NA
62,clustered_62_rot88,clustered,landscape,1,NA,NA,ai,ai,98.07764173581609,NA
63,random_63,random,landscape,1,NA,NA,ai,ai,63.56464784122392,NA
64,labyrinth_64,labyrinth,landscape,1,NA,NA,ai,ai,93.34384437589839,NA
65,random_65,random,landscape,1,NA,NA,ai,ai,68.50940842343398,NA
66,clustered_66_rot224,clustered,landscape,1,NA,NA,ai,ai,94.37478163604344,NA
67,labyrinth_67,labyrinth,landscape,1,NA,NA,ai,ai,96.03895780870907,NA
68,labyrinth_68,labyrinth,landscape,1,NA,NA,ai,ai,93.4768996494456,NA
69,clustered_69_rot78,clustered,landscape,1,NA,NA,ai,ai,97.85863690193585,NA
70,clustered_70_rot170,clustered,landscape,1,NA,NA,ai,ai,98.70142396126612,NA
71,labyrinth_71,labyrinth,landscape,1,NA,NA,ai,ai,96.39905760634863,NA
72,random_72,random,landscape,1,NA,NA,ai,ai,50.24373849632609,NA
73,clustered_73_rot156,clustered,landscape,1,NA,NA,ai,ai,93.86749065118143,NA
74,clustered_74_rot348,clustered,landscape,1,NA,NA,ai,ai,93.93664319011897,NA
75,random_75,random,landscape,1,NA,NA,ai,ai,68.6359138496421,NA
76,random_76,random,landscape,1,NA,NA,ai,ai,57.379814283986455,NA
77,labyrinth_77,labyrinth,landscape,1,NA,NA,ai,ai,90.18045768679319,NA
78,random_78,random,landscape,1,NA,NA,ai,ai,49.62465579496809,NA
79,clustered_79_rot79,clustered,landscape,1,NA,NA,ai,ai,97.04808079279564,NA
80,labyrinth_80,labyrinth,landscape,1,NA,NA,ai,ai,94.73134182321586,NA
81,random_81,random,landscape,1,NA,NA,ai,ai,51.10690745060521,NA
82,clustered_82_rot20,clustered,landscape,1,NA,NA,ai,ai,96.9395084016594,NA
83,random_83,random,landscape,1,NA,NA,ai,ai,50.16849923430448,NA
84,random_84,random,landscape,1,NA,NA,ai,ai,50.18766446126425,NA
85,labyrinth_85,labyrinth,landscape,1,NA,NA,ai,ai,90.12176705728137,NA
86,clustered_86_rot6,clustered,landscape,1,NA,NA,ai,ai,97.82917491568227,NA
87,labyrinth_87,labyrinth,landscape,1,NA,NA,ai,ai,92.24283456485942,NA
88,labyrinth_88,labyrinth,landscape,1,NA,NA,ai,ai,93.9383557824601,NA
89,labyrinth_89,labyrinth,landscape,1,NA,NA,ai,ai,94.67817055722111,NA
90,random_90,random,landscape,1,NA,NA,ai,ai,71.26495090500508,NA
91,clustered_91_rot72,clustered,landscape,1,NA,NA,ai,ai,97.18495318014098,NA
92,random_92,random,landscape,1,NA,NA,ai,ai,57.1174937343421,NA
93,clustered_93_rot150,clustered,landscape,1,NA,NA,ai,ai,89.39364374523838,NA
94,random_94,random,landscape,1,NA,NA,ai,ai,51.940525889820634,NA
95,labyrinth_95,labyrinth,landscape,1,NA,NA,ai,ai,90.26145645868309,NA
96,labyrinth_96,labyrinth,landscape,1,NA,NA,ai,ai,94.16593978948782,NA
97,clustered_97_rot105,clustered,landscape,1,NA,NA,ai,ai,97.675249359028,NA
98,labyrinth_98,labyrinth,landscape,1,NA,NA,ai,ai,94.8560661979192,NA
99,labyrinth_99,labyrinth,landscape,1,NA,NA,ai,ai,95.95391823663735,NA
100,clustered_100_rot83,clustered,landscape,1,NA,NA,ai,ai,97.93475806507098,NA
1,random_1,random,landscape,1,NA,NA,area_cv,area_cv,1989.2816722160028,NA
2,random_2,random,landscape,1,NA,NA,area_cv,area_cv,1984.0506250782273,NA
3,clustered_3_rot150,clustered,landscape,1,NA,NA,area_cv,area_cv,266.6269815803845,NA
4,random_4,random,landscape,1,NA,NA,area_cv,area_cv,631.2969461488527,NA
5,clustered_5_rot91,clustered,landscape,1,NA,NA,area_cv,area_cv,434.54641295071497,NA
6,labyrinth_6,labyrinth,landscape,1,NA,NA,area_cv,area_cv,432.463892324788,NA
7,clustered_7_rot125,clustered,landscape,1,NA,NA,area_cv,area_cv,297.76219405849076,NA
8,labyrinth_8,labyrinth,landscape,1,NA,NA,area_cv,area_cv,476.5827421811742,NA
9,clustered_9_rot272,clustered,landscape,1,NA,NA,area_cv,area_cv,513.1635499278427,NA
10,random_10,random,landscape,1,NA,NA,area_cv,area_cv,769.7735024795911,NA
11,labyrinth_11,labyrinth,landscape,1,NA,NA,area_cv,area_cv,428.7387367211148,NA
12,clustered_12_rot17,clustered,landscape,1,NA,NA,area_cv,area_cv,440.56662263452495,NA
13,clustered_13_rot286,clustered,landscape,1,NA,NA,area_cv,area_cv,295.9035547001937,NA
14,random_14,random,landscape,1,NA,NA,area_cv,area_cv,1117.6227840922345,NA
15,random_15,random,landscape,1,NA,NA,area_cv,area_cv,1175.1871493723884,NA
16,labyrinth_16,labyrinth,landscape,1,NA,NA,area_cv,area_cv,565.8083824536023,NA
17,random_17,random,landscape,1,NA,NA,area_cv,area_cv,1411.0003251179132,NA
18,labyrinth_18,labyrinth,landscape,1,NA,NA,area_cv,area_cv,505.1581023286432,NA
19,clustered_19_rot254,clustered,landscape,1,NA,NA,area_cv,area_cv,218.2556647603906,NA
20,random_20,random,landscape,1,NA,NA,area_cv,area_cv,2369.7388507451024,NA
21,clustered_21_rot190,clustered,landscape,1,NA,NA,area_cv,area_cv,347.42881468593544,NA
22,clustered_22_rot218,clustered,landscape,1,NA,NA,area_cv,area_cv,222.3787404856858,NA
23,clustered_23_rot3,clustered,landscape,1,NA,NA,area_cv,area_cv,792.792618561572,NA
24,clustered_24_rot31,clustered,landscape,1,NA,NA,area_cv,area_cv,245.3276367092247,NA
25,random_25,random,landscape,1,NA,NA,area_cv,area_cv,1814.29937851848,NA
26,random_26,random,landscape,1,NA,NA,area_cv,area_cv,1996.8374714542722,NA
27,labyrinth_27,labyrinth,landscape,1,NA,NA,area_cv,area_cv,536.3019156243813,NA
28,clustered_28_rot276,clustered,landscape,1,NA,NA,area_cv,area_cv,359.052609047755,NA
29,clustered_29_rot188,clustered,landscape,1,NA,NA,area_cv,area_cv,375.7246053294886,NA
30,clustered_30_rot52,clustered,landscape,1,NA,NA,area_cv,area_cv,198.10255525863366,NA
31,random_31,random,landscape,1,NA,NA,area_cv,area_cv,2346.267770715775,NA
32,random_32,random,landscape,1,NA,NA,area_cv,area_cv,754.2655070520296,NA
33,labyrinth_33,labyrinth,landscape,1,NA,NA,area_cv,area_cv,468.65011936363084,NA
34,labyrinth_34,labyrinth,landscape,1,NA,NA,area_cv,area_cv,452.56956435518856,NA
35,clustered_35_rot173,clustered,landscape,1,NA,NA,area_cv,area_cv,352.02394496478706,NA
36,labyrinth_36,labyrinth,landscape,1,NA,NA,area_cv,area_cv,455.34599338695017,NA
37,labyrinth_37,labyrinth,landscape,1,NA,NA,area_cv,area_cv,484.23035481239623,NA
38,labyrinth_38,labyrinth,landscape,1,NA,NA,area_cv,area_cv,546.6339785886156,NA
39,labyrinth_39,labyrinth,landscape,1,NA,NA,area_cv,area_cv,426.3100007141056,NA
40,clustered_40_rot22,clustered,landscape,1,NA,NA,area_cv,area_cv,303.7880355219998,NA
41,random_41,random,landscape,1,NA,NA,area_cv,area_cv,2064.4386413211632,NA
42,clustered_42_rot150,clustered,landscape,1,NA,NA,area_cv,area_cv,748.4483842876924,NA
43,labyrinth_43,labyrinth,landscape,1,NA,NA,area_cv,area_cv,446.49020474314875,NA
44,labyrinth_44,labyrinth,landscape,1,NA,NA,area_cv,area_cv,502.6980454791638,NA
45,clustered_45_rot177,clustered,landscape,1,NA,NA,area_cv,area_cv,264.3323709776513,NA
46,random_46,random,landscape,1,NA,NA,area_cv,area_cv,1771.3099238632044,NA
47,random_47,random,landscape,1,NA,NA,area_cv,area_cv,1963.2158755803073,NA
48,labyrinth_48,labyrinth,landscape,1,NA,NA,area_cv,area_cv,450.1458330526165,NA
49,labyrinth_49,labyrinth,landscape,1,NA,NA,area_cv,area_cv,729.5676825067083,NA
50,random_50,random,landscape,1,NA,NA,area_cv,area_cv,666.6410594771755,NA
51,random_51,random,landscape,1,NA,NA,area_cv,area_cv,2340.1132956802153,NA
52,random_52,random,landscape,1,NA,NA,area_cv,area_cv,1930.4614178355218,NA
53,labyrinth_53,labyrinth,landscape,1,NA,NA,area_cv,area_cv,564.4944266756906,NA
54,labyrinth_54,labyrinth,landscape,1,NA,NA,area_cv,area_cv,453.5521201290205,NA
55,random_55,random,landscape,1,NA,NA,area_cv,area_cv,1486.9599820492413,NA
56,labyrinth_56,labyrinth,landscape,1,NA,NA,area_cv,area_cv,483.507550642973,NA
57,random_57,random,landscape,1,NA,NA,area_cv,area_cv,947.1950929438824,NA
58,random_58,random,landscape,1,NA,NA,area_cv,area_cv,2116.7507524498415,NA
59,labyrinth_59,labyrinth,landscape,1,NA,NA,area_cv,area_cv,402.52141932403316,NA
60,clustered_60_rot335,clustered,landscape,1,NA,NA,area_cv,area_cv,487.71922896273014,NA
61,clustered_61_rot151,clustered,landscape,1,NA,NA,area_cv,area_cv,651.6978051043119,NA
62,clustered_62_rot88,clustered,landscape,1,NA,NA,area_cv,area_cv,267.798279506547,NA
63,random_63,random,landscape,1,NA,NA,area_cv,area_cv,1997.4622844126347,NA
64,labyrinth_64,labyrinth,landscape,1,NA,NA,area_cv,area_cv,546.7365307217372,NA
65,random_65,random,landscape,1,NA,NA,area_cv,area_cv,2173.9417001396946,NA
66,clustered_66_rot224,clustered,landscape,1,NA,NA,area_cv,area_cv,445.04367548518394,NA
67,labyrinth_67,labyrinth,landscape,1,NA,NA,area_cv,area_cv,470.47858952679775,NA
68,labyrinth_68,labyrinth,landscape,1,NA,NA,area_cv,area_cv,526.8605809018504,NA
69,clustered_69_rot78,clustered,landscape,1,NA,NA,area_cv,area_cv,253.74073563989862,NA
70,clustered_70_rot170,clustered,landscape,1,NA,NA,area_cv,area_cv,209.46996072096934,NA
71,labyrinth_71,labyrinth,landscape,1,NA,NA,area_cv,area_cv,380.26866556160013,NA
72,random_72,random,landscape,1,NA,NA,area_cv,area_cv,717.9585096995509,NA
73,clustered_73_rot156,clustered,landscape,1,NA,NA,area_cv,area_cv,610.7549970587701,NA
74,clustered_74_rot348,clustered,landscape,1,NA,NA,area_cv,area_cv,629.3901201013963,NA
75,random_75,random,landscape,1,NA,NA,area_cv,area_cv,2195.0934804379585,NA
76,random_76,random,landscape,1,NA,NA,area_cv,area_cv,1494.0341792070872,NA
77,labyrinth_77,labyrinth,landscape,1,NA,NA,area_cv,area_cv,496.1293509753012,NA
78,random_78,random,landscape,1,NA,NA,area_cv,area_cv,618.5344559401562,NA
79,clustered_79_rot79,clustered,landscape,1,NA,NA,area_cv,area_cv,291.97929991516077,NA
80,labyrinth_80,labyrinth,landscape,1,NA,NA,area_cv,area_cv,595.4111217607696,NA
81,random_81,random,landscape,1,NA,NA,area_cv,area_cv,798.2099077480877,NA
82,clustered_82_rot20,clustered,landscape,1,NA,NA,area_cv,area_cv,318.1425745008045,NA
83,random_83,random,landscape,1,NA,NA,area_cv,area_cv,720.8172121701273,NA
84,random_84,random,landscape,1,NA,NA,area_cv,area_cv,663.7043945120628,NA
85,labyrinth_85,labyrinth,landscape,1,NA,NA,area_cv,area_cv,666.0224311446866,NA
86,clustered_86_rot6,clustered,landscape,1,NA,NA,area_cv,area_cv,304.7371903788574,NA
87,labyrinth_87,labyrinth,landscape,1,NA,NA,area_cv,area_cv,589.1218705421348,NA
88,labyrinth_88,labyrinth,landscape,1,NA,NA,area_cv,area_cv,524.3186676207365,NA
89,labyrinth_89,labyrinth,landscape,1,NA,NA,area_cv,area_cv,468.5150324087611,NA
90,random_90,random,landscape,1,NA,NA,area_cv,area_cv,2268.4933310789934,NA
91,clustered_91_rot72,clustered,landscape,1,NA,NA,area_cv,area_cv,279.70522256370504,NA
92,random_92,random,landscape,1,NA,NA,area_cv,area_cv,1407.5548690288279,NA
93,clustered_93_rot150,clustered,landscape,1,NA,NA,area_cv,area_cv,781.9861624700104,NA
94,random_94,random,landscape,1,NA,NA,area_cv,area_cv,806.5198291390736,NA
95,labyrinth_95,labyrinth,landscape,1,NA,NA,area_cv,area_cv,645.749271364583,NA
96,labyrinth_96,labyrinth,landscape,1,NA,NA,area_cv,area_cv,540.7560765965736,NA
97,clustered_97_rot105,clustered,landscape,1,NA,NA,area_cv,area_cv,312.4040366340729,NA
98,labyrinth_98,labyrinth,landscape,1,NA,NA,area_cv,area_cv,470.37365581243273,NA
99,labyrinth_99,labyrinth,landscape,1,NA,NA,area_cv,area_cv,563.1423509263858,NA
100,clustered_100_rot83,clustered,landscape,1,NA,NA,area_cv,area_cv,275.31043365626374,NA
1,random_1,random,landscape,1,NA,NA,area_mn,area_mn,0.0014771048744460858,NA
2,random_2,random,landscape,1,NA,NA,area_mn,area_mn,0.0014409221902017292,NA
3,clustered_3_rot150,clustered,landscape,1,NA,NA,area_mn,area_mn,0.0625,NA
4,random_4,random,landscape,1,NA,NA,area_mn,area_mn,0.011904761904761906,NA
5,clustered_5_rot91,clustered,landscape,1,NA,NA,area_mn,area_mn,0.020408163265306124,NA
6,labyrinth_6,labyrinth,landscape,1,NA,NA,area_mn,area_mn,0.019230769230769232,NA
7,clustered_7_rot125,clustered,landscape,1,NA,NA,area_mn,area_mn,0.05,NA
8,labyrinth_8,labyrinth,landscape,1,NA,NA,area_mn,area_mn,0.014285714285714287,NA
9,clustered_9_rot272,clustered,landscape,1,NA,NA,area_mn,area_mn,0.017857142857142856,NA
10,random_10,random,landscape,1,NA,NA,area_mn,area_mn,0.0075187969924812035,NA
11,labyrinth_11,labyrinth,landscape,1,NA,NA,area_mn,area_mn,0.021276595744680854,NA
12,clustered_12_rot17,clustered,landscape,1,NA,NA,area_mn,area_mn,0.02,NA
13,clustered_13_rot286,clustered,landscape,1,NA,NA,area_mn,area_mn,0.049999999999999996,NA
14,random_14,random,landscape,1,NA,NA,area_mn,area_mn,0.003236245954692557,NA
15,random_15,random,landscape,1,NA,NA,area_mn,area_mn,0.003003003003003003,NA
16,labyrinth_16,labyrinth,landscape,1,NA,NA,area_mn,area_mn,0.011764705882352941,NA
17,random_17,random,landscape,1,NA,NA,area_mn,area_mn,0.0023752969121140144,NA
18,labyrinth_18,labyrinth,landscape,1,NA,NA,area_mn,area_mn,0.01694915254237288,NA
19,clustered_19_rot254,clustered,landscape,1,NA,NA,area_mn,area_mn,0.09090909090909091,NA
20,random_20,random,landscape,1,NA,NA,area_mn,area_mn,0.0013513513513513514,NA
21,clustered_21_rot190,clustered,landscape,1,NA,NA,area_mn,area_mn,0.03571428571428572,NA
22,clustered_22_rot218,clustered,landscape,1,NA,NA,area_mn,area_mn,0.09090909090909091,NA
23,clustered_23_rot3,clustered,landscape,1,NA,NA,area_mn,area_mn,0.009433962264150945,NA
24,clustered_24_rot31,clustered,landscape,1,NA,NA,area_mn,area_mn,0.07692307692307693,NA
25,random_25,random,landscape,1,NA,NA,area_mn,area_mn,0.0016920473773265653,NA
26,random_26,random,landscape,1,NA,NA,area_mn,area_mn,0.0014947683109118087,NA
27,labyrinth_27,labyrinth,landscape,1,NA,NA,area_mn,area_mn,0.011764705882352941,NA
28,clustered_28_rot276,clustered,landscape,1,NA,NA,area_mn,area_mn,0.038461538461538464,NA
29,clustered_29_rot188,clustered,landscape,1,NA,NA,area_mn,area_mn,0.030303030303030304,NA
30,clustered_30_rot52,clustered,landscape,1,NA,NA,area_mn,area_mn,0.11111111111111112,NA
31,random_31,random,landscape,1,NA,NA,area_mn,area_mn,0.0014245014245014246,NA
32,random_32,random,landscape,1,NA,NA,area_mn,area_mn,0.008064516129032258,NA
33,labyrinth_33,labyrinth,landscape,1,NA,NA,area_mn,area_mn,0.011235955056179777,NA
34,labyrinth_34,labyrinth,landscape,1,NA,NA,area_mn,area_mn,0.015873015873015876,NA
35,clustered_35_rot173,clustered,landscape,1,NA,NA,area_mn,area_mn,0.034482758620689655,NA
36,labyrinth_36,labyrinth,landscape,1,NA,NA,area_mn,area_mn,0.015873015873015872,NA
37,labyrinth_37,labyrinth,landscape,1,NA,NA,area_mn,area_mn,0.014285714285714287,NA
38,labyrinth_38,labyrinth,landscape,1,NA,NA,area_mn,area_mn,0.011764705882352943,NA
39,labyrinth_39,labyrinth,landscape,1,NA,NA,area_mn,area_mn,0.0125,NA
40,clustered_40_rot22,clustered,landscape,1,NA,NA,area_mn,area_mn,0.05,NA
41,random_41,random,landscape,1,NA,NA,area_mn,area_mn,0.0014084507042253522,NA
42,clustered_42_rot150,clustered,landscape,1,NA,NA,area_mn,area_mn,0.008849557522123894,NA
43,labyrinth_43,labyrinth,landscape,1,NA,NA,area_mn,area_mn,0.012987012987012988,NA
44,labyrinth_44,labyrinth,landscape,1,NA,NA,area_mn,area_mn,0.014084507042253521,NA
45,clustered_45_rot177,clustered,landscape,1,NA,NA,area_mn,area_mn,0.0625,NA
46,random_46,random,landscape,1,NA,NA,area_mn,area_mn,0.001692047377326565,NA
47,random_47,random,landscape,1,NA,NA,area_mn,area_mn,0.0014880952380952382,NA
48,labyrinth_48,labyrinth,landscape,1,NA,NA,area_mn,area_mn,0.012048192771084338,NA
49,labyrinth_49,labyrinth,landscape,1,NA,NA,area_mn,area_mn,0.007407407407407408,NA
50,random_50,random,landscape,1,NA,NA,area_mn,area_mn,0.010526315789473686,NA
51,random_51,random,landscape,1,NA,NA,area_mn,area_mn,0.0014184397163120568,NA
52,random_52,random,landscape,1,NA,NA,area_mn,area_mn,0.0015313935681470138,NA
53,labyrinth_53,labyrinth,landscape,1,NA,NA,area_mn,area_mn,0.010309278350515465,NA
54,labyrinth_54,labyrinth,landscape,1,NA,NA,area_mn,area_mn,0.014492753623188406,NA
55,random_55,random,landscape,1,NA,NA,area_mn,area_mn,0.0021413276231263384,NA
56,labyrinth_56,labyrinth,landscape,1,NA,NA,area_mn,area_mn,0.013513513513513514,NA
57,random_57,random,landscape,1,NA,NA,area_mn,area_mn,0.004310344827586207,NA
58,random_58,random,landscape,1,NA,NA,area_mn,area_mn,0.001375515818431912,NA
59,labyrinth_59,labyrinth,landscape,1,NA,NA,area_mn,area_mn,0.02380952380952381,NA
60,clustered_60_rot335,clustered,landscape,1,NA,NA,area_mn,area_mn,0.016949152542372885,NA
61,clustered_61_rot151,clustered,landscape,1,NA,NA,area_mn,area_mn,0.01098901098901099,NA
62,clustered_62_rot88,clustered,landscape,1,NA,NA,area_mn,area_mn,0.0625,NA
63,random_63,random,landscape,1,NA,NA,area_mn,area_mn,0.0014450867052023123,NA
64,labyrinth_64,labyrinth,landscape,1,NA,NA,area_mn,area_mn,0.012658227848101266,NA
65,random_65,random,landscape,1,NA,NA,area_mn,area_mn,0.001360544217687075,NA
66,clustered_66_rot224,clustered,landscape,1,NA,NA,area_mn,area_mn,0.020833333333333336,NA
67,labyrinth_67,labyrinth,landscape,1,NA,NA,area_mn,area_mn,0.015384615384615385,NA
68,labyrinth_68,labyrinth,landscape,1,NA,NA,area_mn,area_mn,0.011627906976744186,NA
69,clustered_69_rot78,clustered,landscape,1,NA,NA,area_mn,area_mn,0.07142857142857144,NA
70,clustered_70_rot170,clustered,landscape,1,NA,NA,area_mn,area_mn,0.1,NA
71,labyrinth_71,labyrinth,landscape,1,NA,NA,area_mn,area_mn,0.0196078431372549,NA
72,random_72,random,landscape,1,NA,NA,area_mn,area_mn,0.008849557522123894,NA
73,clustered_73_rot156,clustered,landscape,1,NA,NA,area_mn,area_mn,0.015873015873015872,NA
74,clustered_74_rot348,clustered,landscape,1,NA,NA,area_mn,area_mn,0.015384615384615385,NA
75,random_75,random,landscape,1,NA,NA,area_mn,area_mn,0.0013351134846461949,NA
76,random_76,random,landscape,1,NA,NA,area_mn,area_mn,0.0020920502092050207,NA
77,labyrinth_77,labyrinth,landscape,1,NA,NA,area_mn,area_mn,0.00819672131147541,NA
78,random_78,random,landscape,1,NA,NA,area_mn,area_mn,0.012195121951219513,NA
79,clustered_79_rot79,clustered,landscape,1,NA,NA,area_mn,area_mn,0.05,NA
80,labyrinth_80,labyrinth,landscape,1,NA,NA,area_mn,area_mn,0.014705882352941176,NA
81,random_81,random,landscape,1,NA,NA,area_mn,area_mn,0.006756756756756757,NA
82,clustered_82_rot20,clustered,landscape,1,NA,NA,area_mn,area_mn,0.04761904761904762,NA
83,random_83,random,landscape,1,NA,NA,area_mn,area_mn,0.008849557522123895,NA
84,random_84,random,landscape,1,NA,NA,area_mn,area_mn,0.010638297872340425,NA
85,labyrinth_85,labyrinth,landscape,1,NA,NA,area_mn,area_mn,0.01,NA
86,clustered_86_rot6,clustered,landscape,1,NA,NA,area_mn,area_mn,0.04761904761904762,NA
87,labyrinth_87,labyrinth,landscape,1,NA,NA,area_mn,area_mn,0.010526315789473684,NA
88,labyrinth_88,labyrinth,landscape,1,NA,NA,area_mn,area_mn,0.012820512820512822,NA
89,labyrinth_89,labyrinth,landscape,1,NA,NA,area_mn,area_mn,0.017241379310344827,NA
90,random_90,random,landscape,1,NA,NA,area_mn,area_mn,0.0013245033112582784,NA
91,clustered_91_rot72,clustered,landscape,1,NA,NA,area_mn,area_mn,0.05555555555555556,NA
92,random_92,random,landscape,1,NA,NA,area_mn,area_mn,0.00234192037470726,NA
93,clustered_93_rot150,clustered,landscape,1,NA,NA,area_mn,area_mn,0.007692307692307693,NA
94,random_94,random,landscape,1,NA,NA,area_mn,area_mn,0.006802721088435375,NA
95,labyrinth_95,labyrinth,landscape,1,NA,NA,area_mn,area_mn,0.009090909090909092,NA
96,labyrinth_96,labyrinth,landscape,1,NA,NA,area_mn,area_mn,0.014705882352941178,NA
97,clustered_97_rot105,clustered,landscape,1,NA,NA,area_mn,area_mn,0.05,NA
98,labyrinth_98,labyrinth,landscape,1,NA,NA,area_mn,area_mn,0.014492753623188406,NA
99,labyrinth_99,labyrinth,landscape,1,NA,NA,area_mn,area_mn,0.01694915254237288,NA
100,clustered_100_rot83,clustered,landscape,1,NA,NA,area_mn,area_mn,0.0625,NA
1,random_1,random,landscape,1,NA,NA,area_sd,area_sd,0.029383776546765186,NA
2,random_2,random,landscape,1,NA,NA,area_sd,area_sd,0.028588625721588292,NA
3,clustered_3_rot150,clustered,landscape,1,NA,NA,area_sd,area_sd,0.1666418634877403,NA
4,random_4,random,landscape,1,NA,NA,area_sd,area_sd,0.0751543983510539,NA
5,clustered_5_rot91,clustered,landscape,1,NA,NA,area_sd,area_sd,0.08868294141851327,NA
6,labyrinth_6,labyrinth,landscape,1,NA,NA,area_sd,area_sd,0.08316613313938231,NA
7,clustered_7_rot125,clustered,landscape,1,NA,NA,area_sd,area_sd,0.1488810970292454,NA
8,labyrinth_8,labyrinth,landscape,1,NA,NA,area_sd,area_sd,0.06808324888302489,NA
9,clustered_9_rot272,clustered,landscape,1,NA,NA,area_sd,area_sd,0.09163634820140047,NA
10,random_10,random,landscape,1,NA,NA,area_sd,area_sd,0.05787770695335272,NA
11,labyrinth_11,labyrinth,landscape,1,NA,NA,area_sd,area_sd,0.09122100781300316,NA
12,clustered_12_rot17,clustered,landscape,1,NA,NA,area_sd,area_sd,0.08811332452690498,NA
13,clustered_13_rot286,clustered,landscape,1,NA,NA,area_sd,area_sd,0.14795177735009685,NA
14,random_14,random,landscape,1,NA,NA,area_sd,area_sd,0.03616902213890727,NA
15,random_15,random,landscape,1,NA,NA,area_sd,area_sd,0.035290905386558206,NA
16,labyrinth_16,labyrinth,landscape,1,NA,NA,area_sd,area_sd,0.06656569205336497,NA
17,random_17,random,landscape,1,NA,NA,area_sd,area_sd,0.0335154471524445,NA
18,labyrinth_18,labyrinth,landscape,1,NA,NA,area_sd,area_sd,0.08562001734383783,NA
19,clustered_19_rot254,clustered,landscape,1,NA,NA,area_sd,area_sd,0.19841424069126418,NA
20,random_20,random,landscape,1,NA,NA,area_sd,area_sd,0.032023497983041924,NA
21,clustered_21_rot190,clustered,landscape,1,NA,NA,area_sd,area_sd,0.12408171953069125,NA
22,clustered_22_rot218,clustered,landscape,1,NA,NA,area_sd,area_sd,0.20216249135062347,NA
23,clustered_23_rot3,clustered,landscape,1,NA,NA,area_sd,area_sd,0.07479175646807285,NA
24,clustered_24_rot31,clustered,landscape,1,NA,NA,area_sd,area_sd,0.18871356669940362,NA
25,random_25,random,landscape,1,NA,NA,area_sd,area_sd,0.030698805051074113,NA
26,random_26,random,landscape,1,NA,NA,area_sd,area_sd,0.029848093743711095,NA
27,labyrinth_27,labyrinth,landscape,1,NA,NA,area_sd,area_sd,0.0630943430146331,NA
28,clustered_28_rot276,clustered,landscape,1,NA,NA,area_sd,area_sd,0.13809715732605962,NA
29,clustered_29_rot188,clustered,landscape,1,NA,NA,area_sd,area_sd,0.11385594100893595,NA
30,clustered_30_rot52,clustered,landscape,1,NA,NA,area_sd,area_sd,0.22011395028737074,NA
31,random_31,random,landscape,1,NA,NA,area_sd,area_sd,0.03342261781646403,NA
32,random_32,random,landscape,1,NA,NA,area_sd,area_sd,0.060827863471937874,NA
33,labyrinth_33,labyrinth,landscape,1,NA,NA,area_sd,area_sd,0.052657316782430436,NA
34,labyrinth_34,labyrinth,landscape,1,NA,NA,area_sd,area_sd,0.07183643878653788,NA
35,clustered_35_rot173,clustered,landscape,1,NA,NA,area_sd,area_sd,0.12138756722923692,NA
36,labyrinth_36,labyrinth,landscape,1,NA,NA,area_sd,area_sd,0.0722771418074524,NA
37,labyrinth_37,labyrinth,landscape,1,NA,NA,area_sd,area_sd,0.06917576497319947,NA
38,labyrinth_38,labyrinth,landscape,1,NA,NA,area_sd,area_sd,0.06430987983395478,NA
39,labyrinth_39,labyrinth,landscape,1,NA,NA,area_sd,area_sd,0.05328875008926321,NA
40,clustered_40_rot22,clustered,landscape,1,NA,NA,area_sd,area_sd,0.1518940177609999,NA
41,random_41,random,landscape,1,NA,NA,area_sd,area_sd,0.02907660058198822,NA
42,clustered_42_rot150,clustered,landscape,1,NA,NA,area_sd,area_sd,0.06623437029094623,NA
43,labyrinth_43,labyrinth,landscape,1,NA,NA,area_sd,area_sd,0.05798574087573361,NA
44,labyrinth_44,labyrinth,landscape,1,NA,NA,area_sd,area_sd,0.07080254161678363,NA
45,clustered_45_rot177,clustered,landscape,1,NA,NA,area_sd,area_sd,0.16520773186103208,NA
46,random_46,random,landscape,1,NA,NA,area_sd,area_sd,0.02997140311105253,NA
47,random_47,random,landscape,1,NA,NA,area_sd,area_sd,0.029214521958040286,NA
48,labyrinth_48,labyrinth,landscape,1,NA,NA,area_sd,area_sd,0.05423443771718272,NA
49,labyrinth_49,labyrinth,landscape,1,NA,NA,area_sd,area_sd,0.05404205055605246,NA
50,random_50,random,landscape,1,NA,NA,area_sd,area_sd,0.07017274310286059,NA
51,random_51,random,landscape,1,NA,NA,area_sd,area_sd,0.033193096392627165,NA
52,random_52,random,landscape,1,NA,NA,area_sd,area_sd,0.029562961988292835,NA
53,labyrinth_53,labyrinth,landscape,1,NA,NA,area_sd,area_sd,0.058195301719143375,NA
54,labyrinth_54,labyrinth,landscape,1,NA,NA,area_sd,area_sd,0.06573219132304645,NA
55,random_55,random,landscape,1,NA,NA,area_sd,area_sd,0.031840684840454846,NA
56,labyrinth_56,labyrinth,landscape,1,NA,NA,area_sd,area_sd,0.06533885819499635,NA
57,random_57,random,landscape,1,NA,NA,area_sd,area_sd,0.040827374695857,NA
58,random_58,random,landscape,1,NA,NA,area_sd,area_sd,0.029116241436724092,NA
59,labyrinth_59,labyrinth,landscape,1,NA,NA,area_sd,area_sd,0.09583843317238885,NA
60,clustered_60_rot335,clustered,landscape,1,NA,NA,area_sd,area_sd,0.082664276095378,NA
61,clustered_61_rot151,clustered,landscape,1,NA,NA,area_sd,area_sd,0.07161514341805626,NA
62,clustered_62_rot88,clustered,landscape,1,NA,NA,area_sd,area_sd,0.16737392469159187,NA
63,random_63,random,landscape,1,NA,NA,area_sd,area_sd,0.02886506191347738,NA
64,labyrinth_64,labyrinth,landscape,1,NA,NA,area_sd,area_sd,0.06920715578756166,NA
65,random_65,random,landscape,1,NA,NA,area_sd,area_sd,0.029577438097138708,NA
66,clustered_66_rot224,clustered,landscape,1,NA,NA,area_sd,area_sd,0.09271743239274667,NA
67,labyrinth_67,labyrinth,landscape,1,NA,NA,area_sd,area_sd,0.07238132146566119,NA
68,labyrinth_68,labyrinth,landscape,1,NA,NA,area_sd,area_sd,0.06126285824440122,NA
69,clustered_69_rot78,clustered,landscape,1,NA,NA,area_sd,area_sd,0.18124338259992762,NA
70,clustered_70_rot170,clustered,landscape,1,NA,NA,area_sd,area_sd,0.20946996072096935,NA
71,labyrinth_71,labyrinth,landscape,1,NA,NA,area_sd,area_sd,0.074562483443451,NA
72,random_72,random,landscape,1,NA,NA,area_sd,area_sd,0.06353615130084521,NA
73,clustered_73_rot156,clustered,landscape,1,NA,NA,area_sd,area_sd,0.09694523762837619,NA
74,clustered_74_rot348,clustered,landscape,1,NA,NA,area_sd,area_sd,0.09682924924636867,NA
75,random_75,random,landscape,1,NA,NA,area_sd,area_sd,0.02930698905791667,NA
76,random_76,random,landscape,1,NA,NA,area_sd,area_sd,0.03125594517169638,NA
77,labyrinth_77,labyrinth,landscape,1,NA,NA,area_sd,area_sd,0.04066634024387715,NA
78,random_78,random,landscape,1,NA,NA,area_sd,area_sd,0.07543103121221419,NA
79,clustered_79_rot79,clustered,landscape,1,NA,NA,area_sd,area_sd,0.14598964995758038,NA
80,labyrinth_80,labyrinth,landscape,1,NA,NA,area_sd,area_sd,0.08756045908246611,NA
81,random_81,random,landscape,1,NA,NA,area_sd,area_sd,0.0539331018748708,NA
82,clustered_82_rot20,clustered,landscape,1,NA,NA,area_sd,area_sd,0.15149646404800218,NA
83,random_83,random,landscape,1,NA,NA,area_sd,area_sd,0.06378913382036526,NA
84,random_84,random,landscape,1,NA,NA,area_sd,area_sd,0.07060685048000667,NA
85,labyrinth_85,labyrinth,landscape,1,NA,NA,area_sd,area_sd,0.06660224311446866,NA
86,clustered_86_rot6,clustered,landscape,1,NA,NA,area_sd,area_sd,0.14511294779945594,NA
87,labyrinth_87,labyrinth,landscape,1,NA,NA,area_sd,area_sd,0.06201282847811945,NA
88,labyrinth_88,labyrinth,landscape,1,NA,NA,area_sd,area_sd,0.06722034200265854,NA
89,labyrinth_89,labyrinth,landscape,1,NA,NA,area_sd,area_sd,0.0807784538635795,NA
90,random_90,random,landscape,1,NA,NA,area_sd,area_sd,0.030046269285814487,NA
91,clustered_91_rot72,clustered,landscape,1,NA,NA,area_sd,area_sd,0.15539179031316946,NA
92,random_92,random,landscape,1,NA,NA,area_sd,area_sd,0.03296381426297021,NA
93,clustered_93_rot150,clustered,landscape,1,NA,NA,area_sd,area_sd,0.06015278172846235,NA
94,random_94,random,landscape,1,NA,NA,area_sd,area_sd,0.054865294499256714,NA
95,labyrinth_95,labyrinth,landscape,1,NA,NA,area_sd,area_sd,0.0587044792149621,NA
96,labyrinth_96,labyrinth,landscape,1,NA,NA,area_sd,area_sd,0.0795229524406726,NA
97,clustered_97_rot105,clustered,landscape,1,NA,NA,area_sd,area_sd,0.15620201831703645,NA
98,labyrinth_98,labyrinth,landscape,1,NA,NA,area_sd,area_sd,0.06817009504528011,NA
99,labyrinth_99,labyrinth,landscape,1,NA,NA,area_sd,area_sd,0.09544785608921792,NA
100,clustered_100_rot83,clustered,landscape,1,NA,NA,area_sd,area_sd,0.17206902103516483,NA
1,random_1,random,landscape,1,NA,NA,cai_cv,cai_cv,1126.3596838535445,NA
2,random_2,random,landscape,1,NA,NA,cai_cv,cai_cv,1071.4122062462552,NA
3,clustered_3_rot150,clustered,landscape,1,NA,NA,cai_cv,cai_cv,142.70567890459216,NA
4,random_4,random,landscape,1,NA,NA,cai_cv,cai_cv,644.1819179863147,NA
5,clustered_5_rot91,clustered,landscape,1,NA,NA,cai_cv,cai_cv,322.13717069910797,NA
6,labyrinth_6,labyrinth,landscape,1,NA,NA,cai_cv,cai_cv,244.00372017745124,NA
7,clustered_7_rot125,clustered,landscape,1,NA,NA,cai_cv,cai_cv,152.32711506427628,NA
8,labyrinth_8,labyrinth,landscape,1,NA,NA,cai_cv,cai_cv,250.96541264581393,NA
9,clustered_9_rot272,clustered,landscape,1,NA,NA,cai_cv,cai_cv,439.04428524187466,NA
10,random_10,random,landscape,1,NA,NA,cai_cv,cai_cv,389.66487903880784,NA
11,labyrinth_11,labyrinth,landscape,1,NA,NA,cai_cv,cai_cv,271.91444438113996,NA
12,clustered_12_rot17,clustered,landscape,1,NA,NA,cai_cv,cai_cv,277.08758595235753,NA
13,clustered_13_rot286,clustered,landscape,1,NA,NA,cai_cv,cai_cv,167.40400754723893,NA
14,random_14,random,landscape,1,NA,NA,cai_cv,cai_cv,438.6879831918817,NA
15,random_15,random,landscape,1,NA,NA,cai_cv,cai_cv,382.78948734162844,NA
16,labyrinth_16,labyrinth,landscape,1,NA,NA,cai_cv,cai_cv,256.9074740219402,NA
17,random_17,random,landscape,1,NA,NA,cai_cv,cai_cv,571.117225216122,NA
18,labyrinth_18,labyrinth,landscape,1,NA,NA,cai_cv,cai_cv,267.65711142375403,NA
19,clustered_19_rot254,clustered,landscape,1,NA,NA,cai_cv,cai_cv,91.2790958438269,NA
20,random_20,random,landscape,1,NA,NA,cai_cv,cai_cv,2720.294101747089,NA
21,clustered_21_rot190,clustered,landscape,1,NA,NA,cai_cv,cai_cv,194.5087498683161,NA
22,clustered_22_rot218,clustered,landscape,1,NA,NA,cai_cv,cai_cv,105.62959469663824,NA
23,clustered_23_rot3,clustered,landscape,1,NA,NA,cai_cv,cai_cv,504.9639752896259,NA
24,clustered_24_rot31,clustered,landscape,1,NA,NA,cai_cv,cai_cv,103.00900801140513,NA
25,random_25,random,landscape,1,NA,NA,cai_cv,cai_cv,836.5279378138509,NA
26,random_26,random,landscape,1,NA,NA,cai_cv,cai_cv,1239.3115296664332,NA
27,labyrinth_27,labyrinth,landscape,1,NA,NA,cai_cv,cai_cv,336.970301216308,NA
28,clustered_28_rot276,clustered,landscape,1,NA,NA,cai_cv,cai_cv,210.97826225628978,NA
29,clustered_29_rot188,clustered,landscape,1,NA,NA,cai_cv,cai_cv,245.60495061661194,NA
30,clustered_30_rot52,clustered,landscape,1,NA,NA,cai_cv,cai_cv,91.34229767485083,NA
31,random_31,random,landscape,1,NA,NA,cai_cv,cai_cv,2147.5614643921085,NA
32,random_32,random,landscape,1,NA,NA,cai_cv,cai_cv,508.738883333242,NA
33,labyrinth_33,labyrinth,landscape,1,NA,NA,cai_cv,cai_cv,341.5487341996202,NA
34,labyrinth_34,labyrinth,landscape,1,NA,NA,cai_cv,cai_cv,281.60255296742235,NA
35,clustered_35_rot173,clustered,landscape,1,NA,NA,cai_cv,cai_cv,202.0573088680259,NA
36,labyrinth_36,labyrinth,landscape,1,NA,NA,cai_cv,cai_cv,301.1854456689395,NA
37,labyrinth_37,labyrinth,landscape,1,NA,NA,cai_cv,cai_cv,309.60849278204205,NA
38,labyrinth_38,labyrinth,landscape,1,NA,NA,cai_cv,cai_cv,319.35773314145956,NA
39,labyrinth_39,labyrinth,landscape,1,NA,NA,cai_cv,cai_cv,253.7055353686211,NA
40,clustered_40_rot22,clustered,landscape,1,NA,NA,cai_cv,cai_cv,151.1387690774483,NA
41,random_41,random,landscape,1,NA,NA,cai_cv,cai_cv,1557.2312441479908,NA
42,clustered_42_rot150,clustered,landscape,1,NA,NA,cai_cv,cai_cv,532.0862869532965,NA
43,labyrinth_43,labyrinth,landscape,1,NA,NA,cai_cv,cai_cv,322.4260576121259,NA
44,labyrinth_44,labyrinth,landscape,1,NA,NA,cai_cv,cai_cv,326.21384043895375,NA
45,clustered_45_rot177,clustered,landscape,1,NA,NA,cai_cv,cai_cv,131.92792187559294,NA
46,random_46,random,landscape,1,NA,NA,cai_cv,cai_cv,893.3387119287441,NA
47,random_47,random,landscape,1,NA,NA,cai_cv,cai_cv,903.9799515414106,NA
48,labyrinth_48,labyrinth,landscape,1,NA,NA,cai_cv,cai_cv,289.58880544291,NA
49,labyrinth_49,labyrinth,landscape,1,NA,NA,cai_cv,cai_cv,354.57263919673363,NA
50,random_50,random,landscape,1,NA,NA,cai_cv,cai_cv,413.004093760325,NA
51,random_51,random,landscape,1,NA,NA,cai_cv,cai_cv,2655.1836094703503,NA
52,random_52,random,landscape,1,NA,NA,cai_cv,cai_cv,1534.9352910653552,NA
53,labyrinth_53,labyrinth,landscape,1,NA,NA,cai_cv,cai_cv,351.97871144081154,NA
54,labyrinth_54,labyrinth,landscape,1,NA,NA,cai_cv,cai_cv,248.59329003352423,NA
55,random_55,random,landscape,1,NA,NA,cai_cv,cai_cv,645.8600739214482,NA
56,labyrinth_56,labyrinth,landscape,1,NA,NA,cai_cv,cai_cv,301.5870859542632,NA
57,random_57,random,landscape,1,NA,NA,cai_cv,cai_cv,387.7260965160696,NA
58,random_58,random,landscape,1,NA,NA,cai_cv,cai_cv,1650.1544685539538,NA
59,labyrinth_59,labyrinth,landscape,1,NA,NA,cai_cv,cai_cv,237.697475100529,NA
60,clustered_60_rot335,clustered,landscape,1,NA,NA,cai_cv,cai_cv,308.85317662241476,NA
61,clustered_61_rot151,clustered,landscape,1,NA,NA,cai_cv,cai_cv,465.3881052246545,NA
62,clustered_62_rot88,clustered,landscape,1,NA,NA,cai_cv,cai_cv,167.87203917800454,NA
63,random_63,random,landscape,1,NA,NA,cai_cv,cai_cv,1108.5006478950672,NA
64,labyrinth_64,labyrinth,landscape,1,NA,NA,cai_cv,cai_cv,263.16456587451114,NA
65,random_65,random,landscape,1,NA,NA,cai_cv,cai_cv,1974.7057621403162,NA
66,clustered_66_rot224,clustered,landscape,1,NA,NA,cai_cv,cai_cv,229.82357419750338,NA
67,labyrinth_67,labyrinth,landscape,1,NA,NA,cai_cv,cai_cv,321.10577330951304,NA
68,labyrinth_68,labyrinth,landscape,1,NA,NA,cai_cv,cai_cv,365.27153258031086,NA
69,clustered_69_rot78,clustered,landscape,1,NA,NA,cai_cv,cai_cv,138.8245861726541,NA
70,clustered_70_rot170,clustered,landscape,1,NA,NA,cai_cv,cai_cv,103.38621167472478,NA
71,labyrinth_71,labyrinth,landscape,1,NA,NA,cai_cv,cai_cv,285.3819042615555,NA
72,random_72,random,landscape,1,NA,NA,cai_cv,cai_cv,406.7179403955537,NA
73,clustered_73_rot156,clustered,landscape,1,NA,NA,cai_cv,cai_cv,453.92144339314007,NA
74,clustered_74_rot348,clustered,landscape,1,NA,NA,cai_cv,cai_cv,405.8683220152552,NA
75,random_75,random,landscape,1,NA,NA,cai_cv,cai_cv,1769.2503271578869,NA
76,random_76,random,landscape,1,NA,NA,cai_cv,cai_cv,485.28745619083315,NA
77,labyrinth_77,labyrinth,landscape,1,NA,NA,cai_cv,cai_cv,350.64895150152984,NA
78,random_78,random,landscape,1,NA,NA,cai_cv,cai_cv,481.4026160894846,NA
79,clustered_79_rot79,clustered,landscape,1,NA,NA,cai_cv,cai_cv,185.2066216017084,NA
80,labyrinth_80,labyrinth,landscape,1,NA,NA,cai_cv,cai_cv,304.4929654617802,NA
81,random_81,random,landscape,1,NA,NA,cai_cv,cai_cv,405.2731980419117,NA
82,clustered_82_rot20,clustered,landscape,1,NA,NA,cai_cv,cai_cv,192.96409888145763,NA
83,random_83,random,landscape,1,NA,NA,cai_cv,cai_cv,375.99344075842873,NA
84,random_84,random,landscape,1,NA,NA,cai_cv,cai_cv,594.2844803619814,NA
85,labyrinth_85,labyrinth,landscape,1,NA,NA,cai_cv,cai_cv,322.99506242141433,NA
86,clustered_86_rot6,clustered,landscape,1,NA,NA,cai_cv,cai_cv,165.47857028973127,NA
87,labyrinth_87,labyrinth,landscape,1,NA,NA,cai_cv,cai_cv,269.9719514065351,NA
88,labyrinth_88,labyrinth,landscape,1,NA,NA,cai_cv,cai_cv,335.9004141570932,NA
89,labyrinth_89,labyrinth,landscape,1,NA,NA,cai_cv,cai_cv,219.76661390763863,NA
90,random_90,random,landscape,1,NA,NA,cai_cv,cai_cv,2747.726332806817,NA
91,clustered_91_rot72,clustered,landscape,1,NA,NA,cai_cv,cai_cv,143.79774993844313,NA
92,random_92,random,landscape,1,NA,NA,cai_cv,cai_cv,565.8609910871086,NA
93,clustered_93_rot150,clustered,landscape,1,NA,NA,cai_cv,cai_cv,561.8646530054899,NA
94,random_94,random,landscape,1,NA,NA,cai_cv,cai_cv,531.2224392156141,NA
95,labyrinth_95,labyrinth,landscape,1,NA,NA,cai_cv,cai_cv,400.8768116150179,NA
96,labyrinth_96,labyrinth,landscape,1,NA,NA,cai_cv,cai_cv,315.84542706822236,NA
97,clustered_97_rot105,clustered,landscape,1,NA,NA,cai_cv,cai_cv,174.80033514993428,NA
98,labyrinth_98,labyrinth,landscape,1,NA,NA,cai_cv,cai_cv,337.82808669927283,NA
99,labyrinth_99,labyrinth,landscape,1,NA,NA,cai_cv,cai_cv,300.833629659254,NA
100,clustered_100_rot83,clustered,landscape,1,NA,NA,cai_cv,cai_cv,135.54553333946063,NA
1,random_1,random,landscape,1,NA,NA,cai_mn,cai_mn,0.14885807345233315,NA
2,random_2,random,landscape,1,NA,NA,cai_mn,cai_mn,0.16166591616004805,NA
3,clustered_3_rot150,clustered,landscape,1,NA,NA,cai_mn,cai_mn,22.002046441589357,NA
4,random_4,random,landscape,1,NA,NA,cai_mn,cai_mn,0.15127982519222646,NA
5,clustered_5_rot91,clustered,landscape,1,NA,NA,cai_mn,cai_mn,6.186561041247864,NA
6,labyrinth_6,labyrinth,landscape,1,NA,NA,cai_mn,cai_mn,11.026339500566168,NA
7,clustered_7_rot125,clustered,landscape,1,NA,NA,cai_mn,cai_mn,18.37452237481385,NA
8,labyrinth_8,labyrinth,landscape,1,NA,NA,cai_mn,cai_mn,9.023993030488466,NA
9,clustered_9_rot272,clustered,landscape,1,NA,NA,cai_mn,cai_mn,3.868766868898033,NA
10,random_10,random,landscape,1,NA,NA,cai_mn,cai_mn,0.5384265592297113,NA
11,labyrinth_11,labyrinth,landscape,1,NA,NA,cai_mn,cai_mn,9.331082470145136,NA
12,clustered_12_rot17,clustered,landscape,1,NA,NA,cai_mn,cai_mn,7.258163912196013,NA
13,clustered_13_rot286,clustered,landscape,1,NA,NA,cai_mn,cai_mn,17.26268371869732,NA
14,random_14,random,landscape,1,NA,NA,cai_mn,cai_mn,0.43425910627518277,NA
15,random_15,random,landscape,1,NA,NA,cai_mn,cai_mn,0.5581187415615614,NA
16,labyrinth_16,labyrinth,landscape,1,NA,NA,cai_mn,cai_mn,7.970905760701249,NA
17,random_17,random,landscape,1,NA,NA,cai_mn,cai_mn,0.28731548817724956,NA
18,labyrinth_18,labyrinth,landscape,1,NA,NA,cai_mn,cai_mn,8.632521391648277,NA
19,clustered_19_rot254,clustered,landscape,1,NA,NA,cai_mn,cai_mn,35.83975747399894,NA
20,random_20,random,landscape,1,NA,NA,cai_mn,cai_mn,0.07398078670889413,NA
21,clustered_21_rot190,clustered,landscape,1,NA,NA,cai_mn,cai_mn,12.898165938290932,NA
22,clustered_22_rot218,clustered,landscape,1,NA,NA,cai_mn,cai_mn,31.559514518025104,NA
23,clustered_23_rot3,clustered,landscape,1,NA,NA,cai_mn,cai_mn,2.275519305151503,NA
24,clustered_24_rot31,clustered,landscape,1,NA,NA,cai_mn,cai_mn,31.65686160561198,NA
25,random_25,random,landscape,1,NA,NA,cai_mn,cai_mn,0.19884566350792546,NA
26,random_26,random,landscape,1,NA,NA,cai_mn,cai_mn,0.12557336141482037,NA
27,labyrinth_27,labyrinth,landscape,1,NA,NA,cai_mn,cai_mn,5.692742396291936,NA
28,clustered_28_rot276,clustered,landscape,1,NA,NA,cai_mn,cai_mn,12.277012098070008,NA
29,clustered_29_rot188,clustered,landscape,1,NA,NA,cai_mn,cai_mn,9.849858354896595,NA
30,clustered_30_rot52,clustered,landscape,1,NA,NA,cai_mn,cai_mn,36.59487935265862,NA
31,random_31,random,landscape,1,NA,NA,cai_mn,cai_mn,0.10821139212994994,NA
32,random_32,random,landscape,1,NA,NA,cai_mn,cai_mn,0.2593146568638259,NA
33,labyrinth_33,labyrinth,landscape,1,NA,NA,cai_mn,cai_mn,5.972221176512774,NA
34,labyrinth_34,labyrinth,landscape,1,NA,NA,cai_mn,cai_mn,8.491439324847956,NA
35,clustered_35_rot173,clustered,landscape,1,NA,NA,cai_mn,cai_mn,12.280776104096336,NA
36,labyrinth_36,labyrinth,landscape,1,NA,NA,cai_mn,cai_mn,7.572955091353328,NA
37,labyrinth_37,labyrinth,landscape,1,NA,NA,cai_mn,cai_mn,6.39457155687245,NA
38,labyrinth_38,labyrinth,landscape,1,NA,NA,cai_mn,cai_mn,5.80986031907844,NA
39,labyrinth_39,labyrinth,landscape,1,NA,NA,cai_mn,cai_mn,8.710747983096239,NA
40,clustered_40_rot22,clustered,landscape,1,NA,NA,cai_mn,cai_mn,18.559794968808735,NA
41,random_41,random,landscape,1,NA,NA,cai_mn,cai_mn,0.08861534951494061,NA
42,clustered_42_rot150,clustered,landscape,1,NA,NA,cai_mn,cai_mn,2.2148253323388944,NA
43,labyrinth_43,labyrinth,landscape,1,NA,NA,cai_mn,cai_mn,6.753754706072452,NA
44,labyrinth_44,labyrinth,landscape,1,NA,NA,cai_mn,cai_mn,6.298864967396804,NA
45,clustered_45_rot177,clustered,landscape,1,NA,NA,cai_mn,cai_mn,23.223083993079022,NA
46,random_46,random,landscape,1,NA,NA,cai_mn,cai_mn,0.15819338462466923,NA
47,random_47,random,landscape,1,NA,NA,cai_mn,cai_mn,0.18619975601102765,NA
48,labyrinth_48,labyrinth,landscape,1,NA,NA,cai_mn,cai_mn,7.334194107011277,NA
49,labyrinth_49,labyrinth,landscape,1,NA,NA,cai_mn,cai_mn,4.304391415150099,NA
50,random_50,random,landscape,1,NA,NA,cai_mn,cai_mn,0.5200472817329865,NA
51,random_51,random,landscape,1,NA,NA,cai_mn,cai_mn,0.08129276740565525,NA
52,random_52,random,landscape,1,NA,NA,cai_mn,cai_mn,0.08430364987698585,NA
53,labyrinth_53,labyrinth,landscape,1,NA,NA,cai_mn,cai_mn,5.2863343621427274,NA
54,labyrinth_54,labyrinth,landscape,1,NA,NA,cai_mn,cai_mn,10.284551809225924,NA
55,random_55,random,landscape,1,NA,NA,cai_mn,cai_mn,0.265359506689182,NA
56,labyrinth_56,labyrinth,landscape,1,NA,NA,cai_mn,cai_mn,7.265423511599564,NA
57,random_57,random,landscape,1,NA,NA,cai_mn,cai_mn,0.3741836284522747,NA
58,random_58,random,landscape,1,NA,NA,cai_mn,cai_mn,0.08778440870872121,NA
59,labyrinth_59,labyrinth,landscape,1,NA,NA,cai_mn,cai_mn,11.217647769204238,NA
60,clustered_60_rot335,clustered,landscape,1,NA,NA,cai_mn,cai_mn,6.0356122095956675,NA
61,clustered_61_rot151,clustered,landscape,1,NA,NA,cai_mn,cai_mn,3.1373741744676615,NA
62,clustered_62_rot88,clustered,landscape,1,NA,NA,cai_mn,cai_mn,17.825056632552197,NA
63,random_63,random,landscape,1,NA,NA,cai_mn,cai_mn,0.13854813526295,NA
64,labyrinth_64,labyrinth,landscape,1,NA,NA,cai_mn,cai_mn,8.3377663325869,NA
65,random_65,random,landscape,1,NA,NA,cai_mn,cai_mn,0.07683292526275186,NA
66,clustered_66_rot224,clustered,landscape,1,NA,NA,cai_mn,cai_mn,9.729220885766225,NA
67,labyrinth_67,labyrinth,landscape,1,NA,NA,cai_mn,cai_mn,6.2180153117067585,NA
68,labyrinth_68,labyrinth,landscape,1,NA,NA,cai_mn,cai_mn,5.212787412901005,NA
69,clustered_69_rot78,clustered,landscape,1,NA,NA,cai_mn,cai_mn,23.063195348904383,NA
70,clustered_70_rot170,clustered,landscape,1,NA,NA,cai_mn,cai_mn,31.823074800732858,NA
71,labyrinth_71,labyrinth,landscape,1,NA,NA,cai_mn,cai_mn,8.781301337507458,NA
72,random_72,random,landscape,1,NA,NA,cai_mn,cai_mn,0.5734550163590201,NA
73,clustered_73_rot156,clustered,landscape,1,NA,NA,cai_mn,cai_mn,3.596305315452927,NA
74,clustered_74_rot348,clustered,landscape,1,NA,NA,cai_mn,cai_mn,4.072973481036694,NA
75,random_75,random,landscape,1,NA,NA,cai_mn,cai_mn,0.08837187122659614,NA
76,random_76,random,landscape,1,NA,NA,cai_mn,cai_mn,0.3936377244385495,NA
77,labyrinth_77,labyrinth,landscape,1,NA,NA,cai_mn,cai_mn,5.306379935624152,NA
78,random_78,random,landscape,1,NA,NA,cai_mn,cai_mn,0.26971965421066174,NA
79,clustered_79_rot79,clustered,landscape,1,NA,NA,cai_mn,cai_mn,15.948733212284058,NA
80,labyrinth_80,labyrinth,landscape,1,NA,NA,cai_mn,cai_mn,6.668980669082448,NA
81,random_81,random,landscape,1,NA,NA,cai_mn,cai_mn,0.5438917319254049,NA
82,clustered_82_rot20,clustered,landscape,1,NA,NA,cai_mn,cai_mn,14.537121278814277,NA
83,random_83,random,landscape,1,NA,NA,cai_mn,cai_mn,0.6927350305515626,NA
84,random_84,random,landscape,1,NA,NA,cai_mn,cai_mn,0.27596745214333607,NA
85,labyrinth_85,labyrinth,landscape,1,NA,NA,cai_mn,cai_mn,5.0906910836173,NA
86,clustered_86_rot6,clustered,landscape,1,NA,NA,cai_mn,cai_mn,17.500117047582386,NA
87,labyrinth_87,labyrinth,landscape,1,NA,NA,cai_mn,cai_mn,8.14612219594713,NA
88,labyrinth_88,labyrinth,landscape,1,NA,NA,cai_mn,cai_mn,6.1110908841561304,NA
89,labyrinth_89,labyrinth,landscape,1,NA,NA,cai_mn,cai_mn,12.570058857028977,NA
90,random_90,random,landscape,1,NA,NA,cai_mn,cai_mn,0.05884721057164715,NA
91,clustered_91_rot72,clustered,landscape,1,NA,NA,cai_mn,cai_mn,20.899332132589983,NA
92,random_92,random,landscape,1,NA,NA,cai_mn,cai_mn,0.3306610454573353,NA
93,clustered_93_rot150,clustered,landscape,1,NA,NA,cai_mn,cai_mn,2.0215079710462005,NA
94,random_94,random,landscape,1,NA,NA,cai_mn,cai_mn,0.32569176866138555,NA
95,labyrinth_95,labyrinth,landscape,1,NA,NA,cai_mn,cai_mn,3.647751047352147,NA
96,labyrinth_96,labyrinth,landscape,1,NA,NA,cai_mn,cai_mn,6.389152877847266,NA
97,clustered_97_rot105,clustered,landscape,1,NA,NA,cai_mn,cai_mn,16.484219237676975,NA
98,labyrinth_98,labyrinth,landscape,1,NA,NA,cai_mn,cai_mn,6.060094899673954,NA
99,labyrinth_99,labyrinth,landscape,1,NA,NA,cai_mn,cai_mn,7.064643234392162,NA
100,clustered_100_rot83,clustered,landscape,1,NA,NA,cai_mn,cai_mn,21.266902575509913,NA
1,random_1,random,landscape,1,NA,NA,cai_sd,cai_sd,1.6766773255281768,NA
2,random_2,random,landscape,1,NA,NA,cai_sd,cai_sd,1.732108359078592,NA
3,clustered_3_rot150,clustered,landscape,1,NA,NA,cai_sd,cai_sd,31.398169747373753,NA
4,random_4,random,landscape,1,NA,NA,cai_sd,cai_sd,0.9745172794496285,NA
5,clustered_5_rot91,clustered,landscape,1,NA,NA,cai_sd,cai_sd,19.929212701849142,NA
6,labyrinth_6,labyrinth,landscape,1,NA,NA,cai_sd,cai_sd,26.904678580777247,NA
7,clustered_7_rot125,clustered,landscape,1,NA,NA,cai_sd,cai_sd,27.989379840393884,NA
8,labyrinth_8,labyrinth,landscape,1,NA,NA,cai_sd,cai_sd,22.647101346094868,NA
9,clustered_9_rot272,clustered,landscape,1,NA,NA,cai_sd,cai_sd,16.98559984722782,NA
10,random_10,random,landscape,1,NA,NA,cai_sd,cai_sd,2.0980592007352694,NA
11,labyrinth_11,labyrinth,landscape,1,NA,NA,cai_sd,cai_sd,25.372561053441096,NA
12,clustered_12_rot17,clustered,landscape,1,NA,NA,cai_sd,cai_sd,20.11147116876912,NA
13,clustered_13_rot286,clustered,landscape,1,NA,NA,cai_sd,cai_sd,28.898424355304048,NA
14,random_14,random,landscape,1,NA,NA,cai_sd,cai_sd,1.9050425151456896,NA
15,random_15,random,landscape,1,NA,NA,cai_sd,cai_sd,2.136419869581049,NA
16,labyrinth_16,labyrinth,landscape,1,NA,NA,cai_sd,cai_sd,20.477852646486895,NA
17,random_17,random,landscape,1,NA,NA,cai_sd,cai_sd,1.6409082436940627,NA
18,labyrinth_18,labyrinth,landscape,1,NA,NA,cai_sd,cai_sd,23.10555739992343,NA
19,clustered_19_rot254,clustered,landscape,1,NA,NA,cai_sd,cai_sd,32.7142065748866,NA
20,random_20,random,landscape,1,NA,NA,cai_sd,cai_sd,2.0124949772681413,NA
21,clustered_21_rot190,clustered,landscape,1,NA,NA,cai_sd,cai_sd,25.088061322510654,NA
22,clustered_22_rot218,clustered,landscape,1,NA,NA,cai_sd,cai_sd,33.33618727361662,NA
23,clustered_23_rot3,clustered,landscape,1,NA,NA,cai_sd,cai_sd,11.490552741775902,NA
24,clustered_24_rot31,clustered,landscape,1,NA,NA,cai_sd,cai_sd,32.60941910748428,NA
25,random_25,random,landscape,1,NA,NA,cai_sd,cai_sd,1.663399528375118,NA
26,random_26,random,landscape,1,NA,NA,cai_sd,cai_sd,1.556245146203569,NA
27,labyrinth_27,labyrinth,landscape,1,NA,NA,cai_sd,cai_sd,19.182851200253406,NA
28,clustered_28_rot276,clustered,landscape,1,NA,NA,cai_sd,cai_sd,25.901826781502564,NA
29,clustered_29_rot188,clustered,landscape,1,NA,NA,cai_sd,cai_sd,24.191739748350006,NA
30,clustered_30_rot52,clustered,landscape,1,NA,NA,cai_sd,cai_sd,33.42660363205796,NA
31,random_31,random,landscape,1,NA,NA,cai_sd,cai_sd,2.32390615746504,NA
32,random_32,random,landscape,1,NA,NA,cai_sd,cai_sd,1.3192344896484558,NA
33,labyrinth_33,labyrinth,landscape,1,NA,NA,cai_sd,cai_sd,20.398045831981044,NA
34,labyrinth_34,labyrinth,landscape,1,NA,NA,cai_sd,cai_sd,23.9121099224515,NA
35,clustered_35_rot173,clustered,landscape,1,NA,NA,cai_sd,cai_sd,24.814205704044653,NA
36,labyrinth_36,labyrinth,landscape,1,NA,NA,cai_sd,cai_sd,22.808638542201166,NA
37,labyrinth_37,labyrinth,landscape,1,NA,NA,cai_sd,cai_sd,19.798136617101953,NA
38,labyrinth_38,labyrinth,landscape,1,NA,NA,cai_sd,cai_sd,18.554238213694074,NA
39,labyrinth_39,labyrinth,landscape,1,NA,NA,cai_sd,cai_sd,22.099649805125676,NA
40,clustered_40_rot22,clustered,landscape,1,NA,NA,cai_sd,cai_sd,28.0510456591557,NA
41,random_41,random,landscape,1,NA,NA,cai_sd,cai_sd,1.3799459097576003,NA
42,clustered_42_rot150,clustered,landscape,1,NA,NA,cai_sd,cai_sd,11.784781873343032,NA
43,labyrinth_43,labyrinth,landscape,1,NA,NA,cai_sd,cai_sd,21.775865039582825,NA
44,labyrinth_44,labyrinth,landscape,1,NA,NA,cai_sd,cai_sd,20.547769314208967,NA
45,clustered_45_rot177,clustered,landscape,1,NA,NA,cai_sd,cai_sd,30.637732107492624,NA
46,random_46,random,landscape,1,NA,NA,cai_sd,cai_sd,1.4132027445625042,NA
47,random_47,random,landscape,1,NA,NA,cai_sd,cai_sd,1.6832084641587126,NA
48,labyrinth_48,labyrinth,landscape,1,NA,NA,cai_sd,cai_sd,21.239005103358256,NA
49,labyrinth_49,labyrinth,landscape,1,NA,NA,cai_sd,cai_sd,15.262194242055338,NA
50,random_50,random,landscape,1,NA,NA,cai_sd,cai_sd,2.1478165630465256,NA
51,random_51,random,landscape,1,NA,NA,cai_sd,cai_sd,2.1584722358398136,NA
52,random_52,random,landscape,1,NA,NA,cai_sd,cai_sd,1.2940064736180308,NA
53,labyrinth_53,labyrinth,landscape,1,NA,NA,cai_sd,cai_sd,18.606771570322817,NA
54,labyrinth_54,labyrinth,landscape,1,NA,NA,cai_sd,cai_sd,25.566705707757066,NA
55,random_55,random,landscape,1,NA,NA,cai_sd,cai_sd,1.7138511060603412,NA
56,labyrinth_56,labyrinth,landscape,1,NA,NA,cai_sd,cai_sd,21.911579050869026,NA
57,random_57,random,landscape,1,NA,NA,cai_sd,cai_sd,1.450807576400198,NA
58,random_58,random,landscape,1,NA,NA,cai_sd,cai_sd,1.4485783430006294,NA
59,labyrinth_59,labyrinth,landscape,1,NA,NA,cai_sd,cai_sd,26.66406551306929,NA
60,clustered_60_rot335,clustered,landscape,1,NA,NA,cai_sd,cai_sd,18.641180037946537,NA
61,clustered_61_rot151,clustered,landscape,1,NA,NA,cai_sd,cai_sd,14.600966224362695,NA
62,clustered_62_rot88,clustered,landscape,1,NA,NA,cai_sd,cai_sd,29.92328605369952,NA
63,random_63,random,landscape,1,NA,NA,cai_sd,cai_sd,1.5358069770363352,NA
64,labyrinth_64,labyrinth,landscape,1,NA,NA,cai_sd,cai_sd,21.942046572783465,NA
65,random_65,random,landscape,1,NA,NA,cai_sd,cai_sd,1.5172242023845237,NA
66,clustered_66_rot224,clustered,landscape,1,NA,NA,cai_sd,cai_sd,22.360043181237938,NA
67,labyrinth_67,labyrinth,landscape,1,NA,NA,cai_sd,cai_sd,19.966406151159912,NA
68,labyrinth_68,labyrinth,landscape,1,NA,NA,cai_sd,cai_sd,19.040828473257037,NA
69,clustered_69_rot78,clustered,landscape,1,NA,NA,cai_sd,cai_sd,32.01738550130732,NA
70,clustered_70_rot170,clustered,landscape,1,NA,NA,cai_sd,cai_sd,32.900671474891674,NA
71,labyrinth_71,labyrinth,landscape,1,NA,NA,cai_sd,cai_sd,25.060244975924228,NA
72,random_72,random,landscape,1,NA,NA,cai_sd,cai_sd,2.332344431630392,NA
73,clustered_73_rot156,clustered,landscape,1,NA,NA,cai_sd,cai_sd,16.324400996728144,NA
74,clustered_74_rot348,clustered,landscape,1,NA,NA,cai_sd,cai_sd,16.530909123609963,NA
75,random_75,random,landscape,1,NA,NA,cai_sd,cai_sd,1.5635196207920987,NA
76,random_76,random,landscape,1,NA,NA,cai_sd,cai_sd,1.9102744995353182,NA
77,labyrinth_77,labyrinth,landscape,1,NA,NA,cai_sd,cai_sd,18.606765606953644,NA
78,random_78,random,landscape,1,NA,NA,cai_sd,cai_sd,1.2984374714776374,NA
79,clustered_79_rot79,clustered,landscape,1,NA,NA,cai_sd,cai_sd,29.538109970740926,NA
80,labyrinth_80,labyrinth,landscape,1,NA,NA,cai_sd,cai_sd,20.306577005362016,NA
81,random_81,random,landscape,1,NA,NA,cai_sd,cai_sd,2.2042474158596295,NA
82,clustered_82_rot20,clustered,landscape,1,NA,NA,cai_sd,cai_sd,28.0514250789686,NA
83,random_83,random,landscape,1,NA,NA,cai_sd,cai_sd,2.6046382767097724,NA
84,random_84,random,landscape,1,NA,NA,cai_sd,cai_sd,1.6400317389382244,NA
85,labyrinth_85,labyrinth,landscape,1,NA,NA,cai_sd,cai_sd,16.442680843211072,NA
86,clustered_86_rot6,clustered,landscape,1,NA,NA,cai_sd,cai_sd,28.958943489368863,NA
87,labyrinth_87,labyrinth,landscape,1,NA,NA,cai_sd,cai_sd,21.992245056359355,NA
88,labyrinth_88,labyrinth,landscape,1,NA,NA,cai_sd,cai_sd,20.527179589396813,NA
89,labyrinth_89,labyrinth,landscape,1,NA,NA,cai_sd,cai_sd,27.624792716289804,NA
90,random_90,random,landscape,1,NA,NA,cai_sd,cai_sd,1.616960300999426,NA
91,clustered_91_rot72,clustered,landscape,1,NA,NA,cai_sd,cai_sd,30.052769358826435,NA
92,random_92,random,landscape,1,NA,NA,cai_sd,cai_sd,1.8710818689638722,NA
93,clustered_93_rot150,clustered,landscape,1,NA,NA,cai_sd,cai_sd,11.358138746997053,NA
94,random_94,random,landscape,1,NA,NA,cai_sd,cai_sd,1.7301477578074873,NA
95,labyrinth_95,labyrinth,landscape,1,NA,NA,cai_sd,cai_sd,14.622988094278709,NA
96,labyrinth_96,labyrinth,landscape,1,NA,NA,cai_sd,cai_sd,20.179847193078317,NA
97,clustered_97_rot105,clustered,landscape,1,NA,NA,cai_sd,cai_sd,28.814470474309296,NA
98,labyrinth_98,labyrinth,landscape,1,NA,NA,cai_sd,cai_sd,20.47270265172874,NA
99,labyrinth_99,labyrinth,landscape,1,NA,NA,cai_sd,cai_sd,21.252822664498858,NA
100,clustered_100_rot83,clustered,landscape,1,NA,NA,cai_sd,cai_sd,28.826336520758403,NA
1,random_1,random,landscape,1,NA,NA,circle_cv,circle_cv,31.237075785403185,NA
2,random_2,random,landscape,1,NA,NA,circle_cv,circle_cv,30.82068855105614,NA
3,clustered_3_rot150,clustered,landscape,1,NA,NA,circle_cv,circle_cv,24.581510465444932,NA
4,random_4,random,landscape,1,NA,NA,circle_cv,circle_cv,28.179416530774787,NA
5,clustered_5_rot91,clustered,landscape,1,NA,NA,circle_cv,circle_cv,30.150881825409382,NA
6,labyrinth_6,labyrinth,landscape,1,NA,NA,circle_cv,circle_cv,29.291448424636783,NA
7,clustered_7_rot125,clustered,landscape,1,NA,NA,circle_cv,circle_cv,33.023498955579655,NA
8,labyrinth_8,labyrinth,landscape,1,NA,NA,circle_cv,circle_cv,27.805971972641117,NA
9,clustered_9_rot272,clustered,landscape,1,NA,NA,circle_cv,circle_cv,30.560491493134062,NA
10,random_10,random,landscape,1,NA,NA,circle_cv,circle_cv,30.128069125355367,NA
11,labyrinth_11,labyrinth,landscape,1,NA,NA,circle_cv,circle_cv,30.42720937094043,NA
12,clustered_12_rot17,clustered,landscape,1,NA,NA,circle_cv,circle_cv,28.775001239678932,NA
13,clustered_13_rot286,clustered,landscape,1,NA,NA,circle_cv,circle_cv,27.24950399462665,NA
14,random_14,random,landscape,1,NA,NA,circle_cv,circle_cv,31.114689694873192,NA
15,random_15,random,landscape,1,NA,NA,circle_cv,circle_cv,29.70519387112359,NA
16,labyrinth_16,labyrinth,landscape,1,NA,NA,circle_cv,circle_cv,26.515825007224286,NA
17,random_17,random,landscape,1,NA,NA,circle_cv,circle_cv,31.518566759538952,NA
18,labyrinth_18,labyrinth,landscape,1,NA,NA,circle_cv,circle_cv,31.67003287358344,NA
19,clustered_19_rot254,clustered,landscape,1,NA,NA,circle_cv,circle_cv,15.48913544830562,NA
20,random_20,random,landscape,1,NA,NA,circle_cv,circle_cv,29.195209405946503,NA
21,clustered_21_rot190,clustered,landscape,1,NA,NA,circle_cv,circle_cv,25.113408654015064,NA
22,clustered_22_rot218,clustered,landscape,1,NA,NA,circle_cv,circle_cv,26.778661765302385,NA
23,clustered_23_rot3,clustered,landscape,1,NA,NA,circle_cv,circle_cv,30.83592154863849,NA
24,clustered_24_rot31,clustered,landscape,1,NA,NA,circle_cv,circle_cv,24.330588743308613,NA
25,random_25,random,landscape,1,NA,NA,circle_cv,circle_cv,30.340868486695083,NA
26,random_26,random,landscape,1,NA,NA,circle_cv,circle_cv,30.38647885541193,NA
27,labyrinth_27,labyrinth,landscape,1,NA,NA,circle_cv,circle_cv,28.56185378836833,NA
28,clustered_28_rot276,clustered,landscape,1,NA,NA,circle_cv,circle_cv,31.379436672788092,NA
29,clustered_29_rot188,clustered,landscape,1,NA,NA,circle_cv,circle_cv,25.391913890728553,NA
30,clustered_30_rot52,clustered,landscape,1,NA,NA,circle_cv,circle_cv,9.909279283858814,NA
31,random_31,random,landscape,1,NA,NA,circle_cv,circle_cv,28.864536504758863,NA
32,random_32,random,landscape,1,NA,NA,circle_cv,circle_cv,28.86340319639843,NA
33,labyrinth_33,labyrinth,landscape,1,NA,NA,circle_cv,circle_cv,28.56520553684241,NA
34,labyrinth_34,labyrinth,landscape,1,NA,NA,circle_cv,circle_cv,28.52371189959747,NA
35,clustered_35_rot173,clustered,landscape,1,NA,NA,circle_cv,circle_cv,24.515089435507996,NA
36,labyrinth_36,labyrinth,landscape,1,NA,NA,circle_cv,circle_cv,31.683723329962827,NA
37,labyrinth_37,labyrinth,landscape,1,NA,NA,circle_cv,circle_cv,28.0260584128606,NA
38,labyrinth_38,labyrinth,landscape,1,NA,NA,circle_cv,circle_cv,28.095535208049732,NA
39,labyrinth_39,labyrinth,landscape,1,NA,NA,circle_cv,circle_cv,29.48511421640395,NA
40,clustered_40_rot22,clustered,landscape,1,NA,NA,circle_cv,circle_cv,26.07143850192271,NA
41,random_41,random,landscape,1,NA,NA,circle_cv,circle_cv,31.301800061104775,NA
42,clustered_42_rot150,clustered,landscape,1,NA,NA,circle_cv,circle_cv,29.61695197135052,NA
43,labyrinth_43,labyrinth,landscape,1,NA,NA,circle_cv,circle_cv,28.20206510719648,NA
44,labyrinth_44,labyrinth,landscape,1,NA,NA,circle_cv,circle_cv,27.67286120085066,NA
45,clustered_45_rot177,clustered,landscape,1,NA,NA,circle_cv,circle_cv,20.193278201784317,NA
46,random_46,random,landscape,1,NA,NA,circle_cv,circle_cv,30.54647059267535,NA
47,random_47,random,landscape,1,NA,NA,circle_cv,circle_cv,30.390091147641872,NA
48,labyrinth_48,labyrinth,landscape,1,NA,NA,circle_cv,circle_cv,29.731547187910696,NA
49,labyrinth_49,labyrinth,landscape,1,NA,NA,circle_cv,circle_cv,27.83420730311344,NA
50,random_50,random,landscape,1,NA,NA,circle_cv,circle_cv,26.76087786282529,NA
51,random_51,random,landscape,1,NA,NA,circle_cv,circle_cv,30.189579767657097,NA
52,random_52,random,landscape,1,NA,NA,circle_cv,circle_cv,30.482784344521995,NA
53,labyrinth_53,labyrinth,landscape,1,NA,NA,circle_cv,circle_cv,31.250859295822753,NA
54,labyrinth_54,labyrinth,landscape,1,NA,NA,circle_cv,circle_cv,26.65021262017026,NA
55,random_55,random,landscape,1,NA,NA,circle_cv,circle_cv,31.239166429749098,NA
56,labyrinth_56,labyrinth,landscape,1,NA,NA,circle_cv,circle_cv,30.027013631343895,NA
57,random_57,random,landscape,1,NA,NA,circle_cv,circle_cv,30.5022919243524,NA
58,random_58,random,landscape,1,NA,NA,circle_cv,circle_cv,31.709740646912817,NA
59,labyrinth_59,labyrinth,landscape,1,NA,NA,circle_cv,circle_cv,28.989026818381785,NA
60,clustered_60_rot335,clustered,landscape,1,NA,NA,circle_cv,circle_cv,27.225327202836546,NA
61,clustered_61_rot151,clustered,landscape,1,NA,NA,circle_cv,circle_cv,27.84597643780736,NA
62,clustered_62_rot88,clustered,landscape,1,NA,NA,circle_cv,circle_cv,29.575694990792062,NA
63,random_63,random,landscape,1,NA,NA,circle_cv,circle_cv,30.11037012788813,NA
64,labyrinth_64,labyrinth,landscape,1,NA,NA,circle_cv,circle_cv,29.621870890364914,NA
65,random_65,random,landscape,1,NA,NA,circle_cv,circle_cv,30.976014253418775,NA
66,clustered_66_rot224,clustered,landscape,1,NA,NA,circle_cv,circle_cv,26.34047854088856,NA
67,labyrinth_67,labyrinth,landscape,1,NA,NA,circle_cv,circle_cv,30.74269805011534,NA
68,labyrinth_68,labyrinth,landscape,1,NA,NA,circle_cv,circle_cv,28.502802573928104,NA
69,clustered_69_rot78,clustered,landscape,1,NA,NA,circle_cv,circle_cv,22.85525221746787,NA
70,clustered_70_rot170,clustered,landscape,1,NA,NA,circle_cv,circle_cv,12.596063494187543,NA
71,labyrinth_71,labyrinth,landscape,1,NA,NA,circle_cv,circle_cv,28.793587703941448,NA
72,random_72,random,landscape,1,NA,NA,circle_cv,circle_cv,28.041599267074186,NA
73,clustered_73_rot156,clustered,landscape,1,NA,NA,circle_cv,circle_cv,29.681938999418062,NA
74,clustered_74_rot348,clustered,landscape,1,NA,NA,circle_cv,circle_cv,30.90773228859965,NA
75,random_75,random,landscape,1,NA,NA,circle_cv,circle_cv,30.866203027887266,NA
76,random_76,random,landscape,1,NA,NA,circle_cv,circle_cv,30.74164867040502,NA
77,labyrinth_77,labyrinth,landscape,1,NA,NA,circle_cv,circle_cv,28.359599914201432,NA
78,random_78,random,landscape,1,NA,NA,circle_cv,circle_cv,26.98730781255704,NA
79,clustered_79_rot79,clustered,landscape,1,NA,NA,circle_cv,circle_cv,25.13274318999652,NA
80,labyrinth_80,labyrinth,landscape,1,NA,NA,circle_cv,circle_cv,24.99786056334353,NA
81,random_81,random,landscape,1,NA,NA,circle_cv,circle_cv,28.914885896442538,NA
82,clustered_82_rot20,clustered,landscape,1,NA,NA,circle_cv,circle_cv,28.699212987927574,NA
83,random_83,random,landscape,1,NA,NA,circle_cv,circle_cv,30.430190796690738,NA
84,random_84,random,landscape,1,NA,NA,circle_cv,circle_cv,28.97530817501888,NA
85,labyrinth_85,labyrinth,landscape,1,NA,NA,circle_cv,circle_cv,26.325464194931914,NA
86,clustered_86_rot6,clustered,landscape,1,NA,NA,circle_cv,circle_cv,26.2523731740899,NA
87,labyrinth_87,labyrinth,landscape,1,NA,NA,circle_cv,circle_cv,29.59132596122775,NA
88,labyrinth_88,labyrinth,landscape,1,NA,NA,circle_cv,circle_cv,30.775786410520617,NA
89,labyrinth_89,labyrinth,landscape,1,NA,NA,circle_cv,circle_cv,29.5519854686686,NA
90,random_90,random,landscape,1,NA,NA,circle_cv,circle_cv,30.759522786985382,NA
91,clustered_91_rot72,clustered,landscape,1,NA,NA,circle_cv,circle_cv,33.596336875309156,NA
92,random_92,random,landscape,1,NA,NA,circle_cv,circle_cv,31.633839096713363,NA
93,clustered_93_rot150,clustered,landscape,1,NA,NA,circle_cv,circle_cv,30.675218582646057,NA
94,random_94,random,landscape,1,NA,NA,circle_cv,circle_cv,28.697869677308336,NA
95,labyrinth_95,labyrinth,landscape,1,NA,NA,circle_cv,circle_cv,30.469987312678526,NA
96,labyrinth_96,labyrinth,landscape,1,NA,NA,circle_cv,circle_cv,29.97359673986756,NA
97,clustered_97_rot105,clustered,landscape,1,NA,NA,circle_cv,circle_cv,26.078014127051308,NA
98,labyrinth_98,labyrinth,landscape,1,NA,NA,circle_cv,circle_cv,32.48091196416089,NA
99,labyrinth_99,labyrinth,landscape,1,NA,NA,circle_cv,circle_cv,27.614444817255933,NA
100,clustered_100_rot83,clustered,landscape,1,NA,NA,circle_cv,circle_cv,23.614714118670214,NA
1,random_1,random,landscape,1,NA,NA,circle_mn,circle_mn,0.5255291712276059,NA
2,random_2,random,landscape,1,NA,NA,circle_mn,circle_mn,0.5275625016774631,NA
3,clustered_3_rot150,clustered,landscape,1,NA,NA,circle_mn,circle_mn,0.47197852368679105,NA
4,random_4,random,landscape,1,NA,NA,circle_mn,circle_mn,0.4667504473678915,NA
5,clustered_5_rot91,clustered,landscape,1,NA,NA,circle_mn,circle_mn,0.46744226055011645,NA
6,labyrinth_6,labyrinth,landscape,1,NA,NA,circle_mn,circle_mn,0.444153910923505,NA
7,clustered_7_rot125,clustered,landscape,1,NA,NA,circle_mn,circle_mn,0.5043257909594344,NA
8,labyrinth_8,labyrinth,landscape,1,NA,NA,circle_mn,circle_mn,0.4472189097692676,NA
9,clustered_9_rot272,clustered,landscape,1,NA,NA,circle_mn,circle_mn,0.46398357616165825,NA
10,random_10,random,landscape,1,NA,NA,circle_mn,circle_mn,0.49016646426969535,NA
11,labyrinth_11,labyrinth,landscape,1,NA,NA,circle_mn,circle_mn,0.4306647178206846,NA
12,clustered_12_rot17,clustered,landscape,1,NA,NA,circle_mn,circle_mn,0.44818382453144723,NA
13,clustered_13_rot286,clustered,landscape,1,NA,NA,circle_mn,circle_mn,0.4709821285775011,NA
14,random_14,random,landscape,1,NA,NA,circle_mn,circle_mn,0.5328734960032636,NA
15,random_15,random,landscape,1,NA,NA,circle_mn,circle_mn,0.5593086920570596,NA
16,labyrinth_16,labyrinth,landscape,1,NA,NA,circle_mn,circle_mn,0.4601788369707705,NA
17,random_17,random,landscape,1,NA,NA,circle_mn,circle_mn,0.5450832518543259,NA
18,labyrinth_18,labyrinth,landscape,1,NA,NA,circle_mn,circle_mn,0.4429623662955318,NA
19,clustered_19_rot254,clustered,landscape,1,NA,NA,circle_mn,circle_mn,0.4936814770450936,NA
20,random_20,random,landscape,1,NA,NA,circle_mn,circle_mn,0.45747014827063476,NA
21,clustered_21_rot190,clustered,landscape,1,NA,NA,circle_mn,circle_mn,0.46384427703551967,NA
22,clustered_22_rot218,clustered,landscape,1,NA,NA,circle_mn,circle_mn,0.5831954040912779,NA
23,clustered_23_rot3,clustered,landscape,1,NA,NA,circle_mn,circle_mn,0.4652123355030728,NA
24,clustered_24_rot31,clustered,landscape,1,NA,NA,circle_mn,circle_mn,0.5661996245079202,NA
25,random_25,random,landscape,1,NA,NA,circle_mn,circle_mn,0.5469215129348123,NA
26,random_26,random,landscape,1,NA,NA,circle_mn,circle_mn,0.5328000716103881,NA
27,labyrinth_27,labyrinth,landscape,1,NA,NA,circle_mn,circle_mn,0.503767671015488,NA
28,clustered_28_rot276,clustered,landscape,1,NA,NA,circle_mn,circle_mn,0.47362037977652516,NA
29,clustered_29_rot188,clustered,landscape,1,NA,NA,circle_mn,circle_mn,0.44575240440734765,NA
30,clustered_30_rot52,clustered,landscape,1,NA,NA,circle_mn,circle_mn,0.6209044935817442,NA
31,random_31,random,landscape,1,NA,NA,circle_mn,circle_mn,0.4469126352660376,NA
32,random_32,random,landscape,1,NA,NA,circle_mn,circle_mn,0.48371968932263915,NA
33,labyrinth_33,labyrinth,landscape,1,NA,NA,circle_mn,circle_mn,0.4470508285978041,NA
34,labyrinth_34,labyrinth,landscape,1,NA,NA,circle_mn,circle_mn,0.4546537612109113,NA
35,clustered_35_rot173,clustered,landscape,1,NA,NA,circle_mn,circle_mn,0.4319848177612151,NA
36,labyrinth_36,labyrinth,landscape,1,NA,NA,circle_mn,circle_mn,0.4588476765281667,NA
37,labyrinth_37,labyrinth,landscape,1,NA,NA,circle_mn,circle_mn,0.5168264395628145,NA
38,labyrinth_38,labyrinth,landscape,1,NA,NA,circle_mn,circle_mn,0.4739485505266499,NA
39,labyrinth_39,labyrinth,landscape,1,NA,NA,circle_mn,circle_mn,0.46345415387557476,NA
40,clustered_40_rot22,clustered,landscape,1,NA,NA,circle_mn,circle_mn,0.4784365206935097,NA
41,random_41,random,landscape,1,NA,NA,circle_mn,circle_mn,0.5107043669880935,NA
42,clustered_42_rot150,clustered,landscape,1,NA,NA,circle_mn,circle_mn,0.4540216054794074,NA
43,labyrinth_43,labyrinth,landscape,1,NA,NA,circle_mn,circle_mn,0.4390949854153048,NA
44,labyrinth_44,labyrinth,landscape,1,NA,NA,circle_mn,circle_mn,0.43366127049847597,NA
45,clustered_45_rot177,clustered,landscape,1,NA,NA,circle_mn,circle_mn,0.4568562875709663,NA
46,random_46,random,landscape,1,NA,NA,circle_mn,circle_mn,0.5386133891604709,NA
47,random_47,random,landscape,1,NA,NA,circle_mn,circle_mn,0.5305195126262481,NA
48,labyrinth_48,labyrinth,landscape,1,NA,NA,circle_mn,circle_mn,0.47636894502854393,NA
49,labyrinth_49,labyrinth,landscape,1,NA,NA,circle_mn,circle_mn,0.455283061371782,NA
50,random_50,random,landscape,1,NA,NA,circle_mn,circle_mn,0.48722572899499855,NA
51,random_51,random,landscape,1,NA,NA,circle_mn,circle_mn,0.45595120629800523,NA
52,random_52,random,landscape,1,NA,NA,circle_mn,circle_mn,0.53220550504834,NA
53,labyrinth_53,labyrinth,landscape,1,NA,NA,circle_mn,circle_mn,0.46160875638661136,NA
54,labyrinth_54,labyrinth,landscape,1,NA,NA,circle_mn,circle_mn,0.45135063431781636,NA
55,random_55,random,landscape,1,NA,NA,circle_mn,circle_mn,0.546731587050452,NA
56,labyrinth_56,labyrinth,landscape,1,NA,NA,circle_mn,circle_mn,0.45707945248940374,NA
57,random_57,random,landscape,1,NA,NA,circle_mn,circle_mn,0.5310273502705116,NA
58,random_58,random,landscape,1,NA,NA,circle_mn,circle_mn,0.5149038200176175,NA
59,labyrinth_59,labyrinth,landscape,1,NA,NA,circle_mn,circle_mn,0.4257695195865581,NA
60,clustered_60_rot335,clustered,landscape,1,NA,NA,circle_mn,circle_mn,0.4278256174672368,NA
61,clustered_61_rot151,clustered,landscape,1,NA,NA,circle_mn,circle_mn,0.4385923768510289,NA
62,clustered_62_rot88,clustered,landscape,1,NA,NA,circle_mn,circle_mn,0.5389784418609708,NA
63,random_63,random,landscape,1,NA,NA,circle_mn,circle_mn,0.5397009042579302,NA
64,labyrinth_64,labyrinth,landscape,1,NA,NA,circle_mn,circle_mn,0.460918819317978,NA
65,random_65,random,landscape,1,NA,NA,circle_mn,circle_mn,0.5068184945064688,NA
66,clustered_66_rot224,clustered,landscape,1,NA,NA,circle_mn,circle_mn,0.43871168920278336,NA
67,labyrinth_67,labyrinth,landscape,1,NA,NA,circle_mn,circle_mn,0.43389418418859627,NA
68,labyrinth_68,labyrinth,landscape,1,NA,NA,circle_mn,circle_mn,0.4512502545624875,NA
69,clustered_69_rot78,clustered,landscape,1,NA,NA,circle_mn,circle_mn,0.47031043937373457,NA
70,clustered_70_rot170,clustered,landscape,1,NA,NA,circle_mn,circle_mn,0.5568881981630348,NA
71,labyrinth_71,labyrinth,landscape,1,NA,NA,circle_mn,circle_mn,0.45612207264461746,NA
72,random_72,random,landscape,1,NA,NA,circle_mn,circle_mn,0.4895168903174005,NA
73,clustered_73_rot156,clustered,landscape,1,NA,NA,circle_mn,circle_mn,0.43351792299810177,NA
74,clustered_74_rot348,clustered,landscape,1,NA,NA,circle_mn,circle_mn,0.4594412822604759,NA
75,random_75,random,landscape,1,NA,NA,circle_mn,circle_mn,0.5076115029192801,NA
76,random_76,random,landscape,1,NA,NA,circle_mn,circle_mn,0.5496644624523156,NA
77,labyrinth_77,labyrinth,landscape,1,NA,NA,circle_mn,circle_mn,0.46725881972173106,NA
78,random_78,random,landscape,1,NA,NA,circle_mn,circle_mn,0.4452956486368581,NA
79,clustered_79_rot79,clustered,landscape,1,NA,NA,circle_mn,circle_mn,0.4763635189747568,NA
80,labyrinth_80,labyrinth,landscape,1,NA,NA,circle_mn,circle_mn,0.4237043679965262,NA
81,random_81,random,landscape,1,NA,NA,circle_mn,circle_mn,0.5071989698836583,NA
82,clustered_82_rot20,clustered,landscape,1,NA,NA,circle_mn,circle_mn,0.4732440726581121,NA
83,random_83,random,landscape,1,NA,NA,circle_mn,circle_mn,0.4866360136485748,NA
84,random_84,random,landscape,1,NA,NA,circle_mn,circle_mn,0.4734354039763966,NA
85,labyrinth_85,labyrinth,landscape,1,NA,NA,circle_mn,circle_mn,0.4610721962773725,NA
86,clustered_86_rot6,clustered,landscape,1,NA,NA,circle_mn,circle_mn,0.4925582378308476,NA
87,labyrinth_87,labyrinth,landscape,1,NA,NA,circle_mn,circle_mn,0.45946663135136284,NA
88,labyrinth_88,labyrinth,landscape,1,NA,NA,circle_mn,circle_mn,0.4845093676246518,NA
89,labyrinth_89,labyrinth,landscape,1,NA,NA,circle_mn,circle_mn,0.4676945244248564,NA
90,random_90,random,landscape,1,NA,NA,circle_mn,circle_mn,0.4971799301074656,NA
91,clustered_91_rot72,clustered,landscape,1,NA,NA,circle_mn,circle_mn,0.5060366033386369,NA
92,random_92,random,landscape,1,NA,NA,circle_mn,circle_mn,0.5496629174167743,NA
93,clustered_93_rot150,clustered,landscape,1,NA,NA,circle_mn,circle_mn,0.46300046358040203,NA
94,random_94,random,landscape,1,NA,NA,circle_mn,circle_mn,0.5174305676958957,NA
95,labyrinth_95,labyrinth,landscape,1,NA,NA,circle_mn,circle_mn,0.4704018847458205,NA
96,labyrinth_96,labyrinth,landscape,1,NA,NA,circle_mn,circle_mn,0.4653259007563603,NA
97,clustered_97_rot105,clustered,landscape,1,NA,NA,circle_mn,circle_mn,0.45413707037041434,NA
98,labyrinth_98,labyrinth,landscape,1,NA,NA,circle_mn,circle_mn,0.4794698143755232,NA
99,labyrinth_99,labyrinth,landscape,1,NA,NA,circle_mn,circle_mn,0.43560642994101073,NA
100,clustered_100_rot83,clustered,landscape,1,NA,NA,circle_mn,circle_mn,0.5126081766632362,NA
1,random_1,random,landscape,1,NA,NA,circle_sd,circle_sd,0.1641599454907685,NA
2,random_2,random,landscape,1,NA,NA,circle_sd,circle_sd,0.16259839555417124,NA
3,clustered_3_rot150,clustered,landscape,1,NA,NA,circle_sd,circle_sd,0.11601945019472104,NA
4,random_4,random,landscape,1,NA,NA,circle_sd,circle_sd,0.1315275527230529,NA
5,clustered_5_rot91,clustered,landscape,1,NA,NA,circle_sd,circle_sd,0.14093796358048782,NA
6,labyrinth_6,labyrinth,landscape,1,NA,NA,circle_sd,circle_sd,0.13009911374416563,NA
7,clustered_7_rot125,clustered,landscape,1,NA,NA,circle_sd,circle_sd,0.16654602231020765,NA
8,labyrinth_8,labyrinth,landscape,1,NA,NA,circle_sd,circle_sd,0.12435356470679372,NA
9,clustered_9_rot272,clustered,landscape,1,NA,NA,circle_sd,circle_sd,0.14179566132242277,NA
10,random_10,random,landscape,1,NA,NA,circle_sd,circle_sd,0.14767769118448412,NA
11,labyrinth_11,labyrinth,landscape,1,NA,NA,circle_sd,circle_sd,0.1310392553780695,NA
12,clustered_12_rot17,clustered,landscape,1,NA,NA,circle_sd,circle_sd,0.1289649010649644,NA
13,clustered_13_rot286,clustered,landscape,1,NA,NA,circle_sd,circle_sd,0.1283402939407038,NA
14,random_14,random,landscape,1,NA,NA,circle_sd,circle_sd,0.165801934747638,NA
15,random_15,random,landscape,1,NA,NA,circle_sd,circle_sd,0.1661437313135952,NA
16,labyrinth_16,labyrinth,landscape,1,NA,NA,circle_sd,circle_sd,0.12202021513144945,NA
17,random_17,random,landscape,1,NA,NA,circle_sd,circle_sd,0.17180242863077155,NA
18,labyrinth_18,labyrinth,landscape,1,NA,NA,circle_sd,circle_sd,0.14028632702339802,NA
19,clustered_19_rot254,clustered,landscape,1,NA,NA,circle_sd,circle_sd,0.07646699266271036,NA
20,random_20,random,landscape,1,NA,NA,circle_sd,circle_sd,0.13355936775730579,NA
21,clustered_21_rot190,clustered,landscape,1,NA,NA,circle_sd,circle_sd,0.11648710881019181,NA
22,clustered_22_rot218,clustered,landscape,1,NA,NA,circle_sd,circle_sd,0.15617192469239177,NA
23,clustered_23_rot3,clustered,landscape,1,NA,NA,circle_sd,circle_sd,0.1434525108103164,NA
24,clustered_24_rot31,clustered,landscape,1,NA,NA,circle_sd,circle_sd,0.13775970210517965,NA
25,random_25,random,landscape,1,NA,NA,circle_sd,circle_sd,0.16594073696499442,NA
26,random_26,random,landscape,1,NA,NA,circle_sd,circle_sd,0.16189918110151022,NA
27,labyrinth_27,labyrinth,landscape,1,NA,NA,circle_sd,circle_sd,0.14388538562851208,NA
28,clustered_28_rot276,clustered,landscape,1,NA,NA,circle_sd,circle_sd,0.14861940714139316,NA
29,clustered_29_rot188,clustered,landscape,1,NA,NA,circle_sd,circle_sd,0.11318506669296581,NA
30,clustered_30_rot52,clustered,landscape,1,NA,NA,circle_sd,circle_sd,0.06152716035504425,NA
31,random_31,random,landscape,1,NA,NA,circle_sd,circle_sd,0.12899926075074525,NA
32,random_32,random,landscape,1,NA,NA,circle_sd,circle_sd,0.1396179642695592,NA
33,labyrinth_33,labyrinth,landscape,1,NA,NA,circle_sd,circle_sd,0.1277009880431198,NA
34,labyrinth_34,labyrinth,landscape,1,NA,NA,circle_sd,circle_sd,0.12968412898848417,NA
35,clustered_35_rot173,clustered,landscape,1,NA,NA,circle_sd,circle_sd,0.1059014644219781,NA
36,labyrinth_36,labyrinth,landscape,1,NA,NA,circle_sd,circle_sd,0.1453800283371471,NA
37,labyrinth_37,labyrinth,landscape,1,NA,NA,circle_sd,circle_sd,0.14484607984498207,NA
38,labyrinth_38,labyrinth,landscape,1,NA,NA,circle_sd,circle_sd,0.1331583818812563,NA
39,labyrinth_39,labyrinth,landscape,1,NA,NA,circle_sd,circle_sd,0.13664998661088174,NA
40,clustered_40_rot22,clustered,landscape,1,NA,NA,circle_sd,circle_sd,0.12473528326334712,NA
41,random_41,random,landscape,1,NA,NA,circle_sd,circle_sd,0.15985965985794381,NA
42,clustered_42_rot150,clustered,landscape,1,NA,NA,circle_sd,circle_sd,0.13446736083439062,NA
43,labyrinth_43,labyrinth,landscape,1,NA,NA,circle_sd,circle_sd,0.12383385366925914,NA
44,labyrinth_44,labyrinth,landscape,1,NA,NA,circle_sd,circle_sd,0.1200064814668888,NA
45,clustered_45_rot177,clustered,landscape,1,NA,NA,circle_sd,circle_sd,0.09225426113154901,NA
46,random_46,random,landscape,1,NA,NA,circle_sd,circle_sd,0.16452738052811527,NA
47,random_47,random,landscape,1,NA,NA,circle_sd,circle_sd,0.16122536344314223,NA
48,labyrinth_48,labyrinth,landscape,1,NA,NA,circle_sd,circle_sd,0.1416318576797139,NA
49,labyrinth_49,labyrinth,landscape,1,NA,NA,circle_sd,circle_sd,0.126724431118183,NA
50,random_50,random,landscape,1,NA,NA,circle_sd,circle_sd,0.1303858822526117,NA
51,random_51,random,landscape,1,NA,NA,circle_sd,circle_sd,0.13764975312693106,NA
52,random_52,random,landscape,1,NA,NA,circle_sd,circle_sd,0.16223105637355958,NA
53,labyrinth_53,labyrinth,landscape,1,NA,NA,circle_sd,circle_sd,0.14425670295557713,NA
54,labyrinth_54,labyrinth,landscape,1,NA,NA,circle_sd,circle_sd,0.12028590370818522,NA
55,random_55,random,landscape,1,NA,NA,circle_sd,circle_sd,0.17079439040269928,NA
56,labyrinth_56,labyrinth,landscape,1,NA,NA,circle_sd,circle_sd,0.1372473095050653,NA
57,random_57,random,landscape,1,NA,NA,circle_sd,circle_sd,0.1619755125776648,NA
58,random_58,random,landscape,1,NA,NA,circle_sd,circle_sd,0.16327466590863327,NA
59,labyrinth_59,labyrinth,landscape,1,NA,NA,circle_sd,circle_sd,0.12342644021744263,NA
60,clustered_60_rot335,clustered,landscape,1,NA,NA,circle_sd,circle_sd,0.11647692421301105,NA
61,clustered_61_rot151,clustered,landscape,1,NA,NA,circle_sd,circle_sd,0.12213032991595675,NA
62,clustered_62_rot88,clustered,landscape,1,NA,NA,circle_sd,circle_sd,0.15940662003092423,NA
63,random_63,random,landscape,1,NA,NA,circle_sd,circle_sd,0.16250593985562192,NA
64,labyrinth_64,labyrinth,landscape,1,NA,NA,circle_sd,circle_sd,0.1365327775677658,NA
65,random_65,random,landscape,1,NA,NA,circle_sd,circle_sd,0.15699216909728622,NA
66,clustered_66_rot224,clustered,landscape,1,NA,NA,circle_sd,circle_sd,0.11555875835082888,NA
67,labyrinth_67,labyrinth,landscape,1,NA,NA,circle_sd,circle_sd,0.13339077890211146,NA
68,labyrinth_68,labyrinth,landscape,1,NA,NA,circle_sd,circle_sd,0.12861896917229382,NA
69,clustered_69_rot78,clustered,landscape,1,NA,NA,circle_sd,circle_sd,0.10749063712394835,NA
70,clustered_70_rot170,clustered,landscape,1,NA,NA,circle_sd,circle_sd,0.0701459910322528,NA
71,labyrinth_71,labyrinth,landscape,1,NA,NA,circle_sd,circle_sd,0.13133390902396344,NA
72,random_72,random,landscape,1,NA,NA,circle_sd,circle_sd,0.13726836472744852,NA
73,clustered_73_rot156,clustered,landscape,1,NA,NA,circle_sd,circle_sd,0.12867652545584074,NA
74,clustered_74_rot348,clustered,landscape,1,NA,NA,circle_sd,circle_sd,0.14200288154437737,NA
75,random_75,random,landscape,1,NA,NA,circle_sd,circle_sd,0.1566803970839749,NA
76,random_76,random,landscape,1,NA,NA,circle_sd,circle_sd,0.16897591791316116,NA
77,labyrinth_77,labyrinth,landscape,1,NA,NA,circle_sd,circle_sd,0.13251273183690268,NA
78,random_78,random,landscape,1,NA,NA,circle_sd,circle_sd,0.12017330737355136,NA
79,clustered_79_rot79,clustered,landscape,1,NA,NA,circle_sd,circle_sd,0.11972321987475597,NA
80,labyrinth_80,labyrinth,landscape,1,NA,NA,circle_sd,circle_sd,0.10591702711256758,NA
81,random_81,random,landscape,1,NA,NA,circle_sd,circle_sd,0.14665600340979176,NA
82,clustered_82_rot20,clustered,landscape,1,NA,NA,circle_sd,circle_sd,0.1358173243648943,NA
83,random_83,random,landscape,1,NA,NA,circle_sd,circle_sd,0.14808426743867129,NA
84,random_84,random,landscape,1,NA,NA,circle_sd,circle_sd,0.13717936731180652,NA
85,labyrinth_85,labyrinth,landscape,1,NA,NA,circle_sd,circle_sd,0.12137939594378588,NA
86,clustered_86_rot6,clustered,landscape,1,NA,NA,circle_sd,circle_sd,0.12930822669507536,NA
87,labyrinth_87,labyrinth,landscape,1,NA,NA,circle_sd,circle_sd,0.13596226856625443,NA
88,labyrinth_88,labyrinth,landscape,1,NA,NA,circle_sd,circle_sd,0.14911156811912696,NA
89,labyrinth_89,labyrinth,landscape,1,NA,NA,circle_sd,circle_sd,0.13821301789579227,NA
90,random_90,random,landscape,1,NA,NA,circle_sd,circle_sd,0.15293017389372388,NA
91,clustered_91_rot72,clustered,landscape,1,NA,NA,circle_sd,circle_sd,0.17000976197002038,NA
92,random_92,random,landscape,1,NA,NA,circle_sd,circle_sd,0.17387948286992283,NA
93,clustered_93_rot150,clustered,landscape,1,NA,NA,circle_sd,circle_sd,0.14202640424195287,NA
94,random_94,random,landscape,1,NA,NA,circle_sd,circle_sd,0.14849154998792483,NA
95,labyrinth_95,labyrinth,landscape,1,NA,NA,circle_sd,circle_sd,0.14333139460065217,NA
96,labyrinth_96,labyrinth,landscape,1,NA,NA,circle_sd,circle_sd,0.13947490901886778,NA
97,clustered_97_rot105,clustered,landscape,1,NA,NA,circle_sd,circle_sd,0.11842992936737358,NA
98,labyrinth_98,labyrinth,landscape,1,NA,NA,circle_sd,circle_sd,0.15573616830203932,NA
99,labyrinth_99,labyrinth,landscape,1,NA,NA,circle_sd,circle_sd,0.12029029721647903,NA
100,clustered_100_rot83,clustered,landscape,1,NA,NA,circle_sd,circle_sd,0.12105095546795121,NA
1,random_1,random,landscape,1,NA,NA,cohesion,cohesion,98.7984204363917,NA
2,random_2,random,landscape,1,NA,NA,cohesion,cohesion,98.77663001282393,NA
3,clustered_3_rot150,clustered,landscape,1,NA,NA,cohesion,cohesion,99.21363135889806,NA
4,random_4,random,landscape,1,NA,NA,cohesion,cohesion,99.52544848788408,NA
5,clustered_5_rot91,clustered,landscape,1,NA,NA,cohesion,cohesion,98.66245376253927,NA
6,labyrinth_6,labyrinth,landscape,1,NA,NA,cohesion,cohesion,98.90481339206158,NA
7,clustered_7_rot125,clustered,landscape,1,NA,NA,cohesion,cohesion,98.97429254452432,NA
8,labyrinth_8,labyrinth,landscape,1,NA,NA,cohesion,cohesion,98.66296634323322,NA
9,clustered_9_rot272,clustered,landscape,1,NA,NA,cohesion,cohesion,99.2946588877199,NA
10,random_10,random,landscape,1,NA,NA,cohesion,cohesion,99.40681879675918,NA
11,labyrinth_11,labyrinth,landscape,1,NA,NA,cohesion,cohesion,99.05130324292554,NA
12,clustered_12_rot17,clustered,landscape,1,NA,NA,cohesion,cohesion,98.69020939775291,NA
13,clustered_13_rot286,clustered,landscape,1,NA,NA,cohesion,cohesion,99.01254216503918,NA
14,random_14,random,landscape,1,NA,NA,cohesion,cohesion,98.79262582261309,NA
15,random_15,random,landscape,1,NA,NA,cohesion,cohesion,98.73237934602457,NA
16,labyrinth_16,labyrinth,landscape,1,NA,NA,cohesion,cohesion,98.73648275732593,NA
17,random_17,random,landscape,1,NA,NA,cohesion,cohesion,98.75318206558732,NA
18,labyrinth_18,labyrinth,landscape,1,NA,NA,cohesion,cohesion,98.89466357865811,NA
19,clustered_19_rot254,clustered,landscape,1,NA,NA,cohesion,cohesion,99.26808552819594,NA
20,random_20,random,landscape,1,NA,NA,cohesion,cohesion,98.9482035732551,NA
21,clustered_21_rot190,clustered,landscape,1,NA,NA,cohesion,cohesion,98.79123621743055,NA
22,clustered_22_rot218,clustered,landscape,1,NA,NA,cohesion,cohesion,99.2013516989083,NA
23,clustered_23_rot3,clustered,landscape,1,NA,NA,cohesion,cohesion,98.8649741002694,NA
24,clustered_24_rot31,clustered,landscape,1,NA,NA,cohesion,cohesion,99.15426256809367,NA
25,random_25,random,landscape,1,NA,NA,cohesion,cohesion,98.77791700757915,NA
26,random_26,random,landscape,1,NA,NA,cohesion,cohesion,98.80551796235034,NA
27,labyrinth_27,labyrinth,landscape,1,NA,NA,cohesion,cohesion,98.66096934263298,NA
28,clustered_28_rot276,clustered,landscape,1,NA,NA,cohesion,cohesion,98.73745128788526,NA
29,clustered_29_rot188,clustered,landscape,1,NA,NA,cohesion,cohesion,98.76121840825091,NA
30,clustered_30_rot52,clustered,landscape,1,NA,NA,cohesion,cohesion,99.29803418152368,NA
31,random_31,random,landscape,1,NA,NA,cohesion,cohesion,98.96309206929526,NA
32,random_32,random,landscape,1,NA,NA,cohesion,cohesion,99.44284385625664,NA
33,labyrinth_33,labyrinth,landscape,1,NA,NA,cohesion,cohesion,98.46811055856224,NA
34,labyrinth_34,labyrinth,landscape,1,NA,NA,cohesion,cohesion,98.71960690122422,NA
35,clustered_35_rot173,clustered,landscape,1,NA,NA,cohesion,cohesion,98.85058671939561,NA
36,labyrinth_36,labyrinth,landscape,1,NA,NA,cohesion,cohesion,98.74951937500268,NA
37,labyrinth_37,labyrinth,landscape,1,NA,NA,cohesion,cohesion,98.62839245735383,NA
38,labyrinth_38,labyrinth,landscape,1,NA,NA,cohesion,cohesion,98.7764478308456,NA
39,labyrinth_39,labyrinth,landscape,1,NA,NA,cohesion,cohesion,98.40514134603086,NA
40,clustered_40_rot22,clustered,landscape,1,NA,NA,cohesion,cohesion,99.09912809435285,NA
41,random_41,random,landscape,1,NA,NA,cohesion,cohesion,98.81250485185559,NA
42,clustered_42_rot150,clustered,landscape,1,NA,NA,cohesion,cohesion,99.14731492223551,NA
43,labyrinth_43,labyrinth,landscape,1,NA,NA,cohesion,cohesion,98.56856155014032,NA
44,labyrinth_44,labyrinth,landscape,1,NA,NA,cohesion,cohesion,98.786246843219,NA
45,clustered_45_rot177,clustered,landscape,1,NA,NA,cohesion,cohesion,98.91847649693199,NA
46,random_46,random,landscape,1,NA,NA,cohesion,cohesion,98.75251321901231,NA
47,random_47,random,landscape,1,NA,NA,cohesion,cohesion,98.78834051235265,NA
48,labyrinth_48,labyrinth,landscape,1,NA,NA,cohesion,cohesion,98.52901365332734,NA
49,labyrinth_49,labyrinth,landscape,1,NA,NA,cohesion,cohesion,98.89260202560698,NA
50,random_50,random,landscape,1,NA,NA,cohesion,cohesion,99.50412475311525,NA
51,random_51,random,landscape,1,NA,NA,cohesion,cohesion,98.96633830158784,NA
52,random_52,random,landscape,1,NA,NA,cohesion,cohesion,98.7885328999894,NA
53,labyrinth_53,labyrinth,landscape,1,NA,NA,cohesion,cohesion,98.84638024765245,NA
54,labyrinth_54,labyrinth,landscape,1,NA,NA,cohesion,cohesion,98.67574823293553,NA
55,random_55,random,landscape,1,NA,NA,cohesion,cohesion,98.7141794977009,NA
56,labyrinth_56,labyrinth,landscape,1,NA,NA,cohesion,cohesion,98.67438235972512,NA
57,random_57,random,landscape,1,NA,NA,cohesion,cohesion,98.8341824419493,NA
58,random_58,random,landscape,1,NA,NA,cohesion,cohesion,98.81737514834418,NA
59,labyrinth_59,labyrinth,landscape,1,NA,NA,cohesion,cohesion,98.90989572221092,NA
60,clustered_60_rot335,clustered,landscape,1,NA,NA,cohesion,cohesion,98.58753693070061,NA
61,clustered_61_rot151,clustered,landscape,1,NA,NA,cohesion,cohesion,98.75181475844389,NA
62,clustered_62_rot88,clustered,landscape,1,NA,NA,cohesion,cohesion,99.08707345830518,NA
63,random_63,random,landscape,1,NA,NA,cohesion,cohesion,98.78201928048081,NA
64,labyrinth_64,labyrinth,landscape,1,NA,NA,cohesion,cohesion,98.64104432655617,NA
65,random_65,random,landscape,1,NA,NA,cohesion,cohesion,98.84787856448082,NA
66,clustered_66_rot224,clustered,landscape,1,NA,NA,cohesion,cohesion,98.79767711304308,NA
67,labyrinth_67,labyrinth,landscape,1,NA,NA,cohesion,cohesion,98.60748655324316,NA
68,labyrinth_68,labyrinth,landscape,1,NA,NA,cohesion,cohesion,98.91965844454239,NA
69,clustered_69_rot78,clustered,landscape,1,NA,NA,cohesion,cohesion,98.96241696985169,NA
70,clustered_70_rot170,clustered,landscape,1,NA,NA,cohesion,cohesion,99.25711690906863,NA
71,labyrinth_71,labyrinth,landscape,1,NA,NA,cohesion,cohesion,98.73123791529952,NA
72,random_72,random,landscape,1,NA,NA,cohesion,cohesion,99.45954326137395,NA
73,clustered_73_rot156,clustered,landscape,1,NA,NA,cohesion,cohesion,99.24913639181713,NA
74,clustered_74_rot348,clustered,landscape,1,NA,NA,cohesion,cohesion,99.20461229935486,NA
75,random_75,random,landscape,1,NA,NA,cohesion,cohesion,98.84322652117731,NA
76,random_76,random,landscape,1,NA,NA,cohesion,cohesion,98.69841740618213,NA
77,labyrinth_77,labyrinth,landscape,1,NA,NA,cohesion,cohesion,98.16290121006537,NA
78,random_78,random,landscape,1,NA,NA,cohesion,cohesion,99.51196797931962,NA
79,clustered_79_rot79,clustered,landscape,1,NA,NA,cohesion,cohesion,98.94194810150326,NA
80,labyrinth_80,labyrinth,landscape,1,NA,NA,cohesion,cohesion,99.2110309867767,NA
81,random_81,random,landscape,1,NA,NA,cohesion,cohesion,99.3414441872887,NA
82,clustered_82_rot20,clustered,landscape,1,NA,NA,cohesion,cohesion,98.98355740389766,NA
83,random_83,random,landscape,1,NA,NA,cohesion,cohesion,99.47430304397221,NA
84,random_84,random,landscape,1,NA,NA,cohesion,cohesion,99.50832048513024,NA
85,labyrinth_85,labyrinth,landscape,1,NA,NA,cohesion,cohesion,99.11441292263665,NA
86,clustered_86_rot6,clustered,landscape,1,NA,NA,cohesion,cohesion,99.01988333285604,NA
87,labyrinth_87,labyrinth,landscape,1,NA,NA,cohesion,cohesion,98.80640644668006,NA
88,labyrinth_88,labyrinth,landscape,1,NA,NA,cohesion,cohesion,98.8081783625454,NA
89,labyrinth_89,labyrinth,landscape,1,NA,NA,cohesion,cohesion,98.93109076646861,NA
90,random_90,random,landscape,1,NA,NA,cohesion,cohesion,98.87477182594002,NA
91,clustered_91_rot72,clustered,landscape,1,NA,NA,cohesion,cohesion,99.03100570794953,NA
92,random_92,random,landscape,1,NA,NA,cohesion,cohesion,98.70599563730393,NA
93,clustered_93_rot150,clustered,landscape,1,NA,NA,cohesion,cohesion,98.99653625271137,NA
94,random_94,random,landscape,1,NA,NA,cohesion,cohesion,99.34432250678414,NA
95,labyrinth_95,labyrinth,landscape,1,NA,NA,cohesion,cohesion,98.91795202385828,NA
96,labyrinth_96,labyrinth,landscape,1,NA,NA,cohesion,cohesion,98.85601555295058,NA
97,clustered_97_rot105,clustered,landscape,1,NA,NA,cohesion,cohesion,98.88269227517516,NA
98,labyrinth_98,labyrinth,landscape,1,NA,NA,cohesion,cohesion,98.7353544471058,NA
99,labyrinth_99,labyrinth,landscape,1,NA,NA,cohesion,cohesion,99.234166635152,NA
100,clustered_100_rot83,clustered,landscape,1,NA,NA,cohesion,cohesion,98.94772864866827,NA
1,random_1,random,landscape,1,NA,NA,condent,condent,0.7872089010079527,NA
2,random_2,random,landscape,1,NA,NA,condent,condent,0.8056197392955669,NA
3,clustered_3_rot150,clustered,landscape,1,NA,NA,condent,condent,0.1575813667589171,NA
4,random_4,random,landscape,1,NA,NA,condent,condent,0.9999659601196985,NA
5,clustered_5_rot91,clustered,landscape,1,NA,NA,condent,condent,0.33230625151965476,NA
6,labyrinth_6,labyrinth,landscape,1,NA,NA,condent,condent,0.3036348707810631,NA
7,clustered_7_rot125,clustered,landscape,1,NA,NA,condent,condent,0.21417962583390382,NA
8,labyrinth_8,labyrinth,landscape,1,NA,NA,condent,condent,0.33608878028040956,NA
9,clustered_9_rot272,clustered,landscape,1,NA,NA,condent,condent,0.30118185950870224,NA
10,random_10,random,landscape,1,NA,NA,condent,condent,0.991186033469345,NA
11,labyrinth_11,labyrinth,landscape,1,NA,NA,condent,condent,0.26861931721642307,NA
12,clustered_12_rot17,clustered,landscape,1,NA,NA,condent,condent,0.35201869809453534,NA
13,clustered_13_rot286,clustered,landscape,1,NA,NA,condent,condent,0.1943887416218666,NA
14,random_14,random,landscape,1,NA,NA,condent,condent,0.9493246953449466,NA
15,random_15,random,landscape,1,NA,NA,condent,condent,0.940199209682886,NA
16,labyrinth_16,labyrinth,landscape,1,NA,NA,condent,condent,0.41904988368495844,NA
17,random_17,random,landscape,1,NA,NA,condent,condent,0.8960739818682418,NA
18,labyrinth_18,labyrinth,landscape,1,NA,NA,condent,condent,0.2561391449823257,NA
19,clustered_19_rot254,clustered,landscape,1,NA,NA,condent,condent,0.12110029211987894,NA
20,random_20,random,landscape,1,NA,NA,condent,condent,0.5545083182082291,NA
21,clustered_21_rot190,clustered,landscape,1,NA,NA,condent,condent,0.25029800964194215,NA
22,clustered_22_rot218,clustered,landscape,1,NA,NA,condent,condent,0.1937792287996547,NA
23,clustered_23_rot3,clustered,landscape,1,NA,NA,condent,condent,0.39045758812049447,NA
24,clustered_24_rot31,clustered,landscape,1,NA,NA,condent,condent,0.18727217948768726,NA
25,random_25,random,landscape,1,NA,NA,condent,condent,0.8168597551543623,NA
26,random_26,random,landscape,1,NA,NA,condent,condent,0.7741141576713926,NA
27,labyrinth_27,labyrinth,landscape,1,NA,NA,condent,condent,0.3722800706500473,NA
28,clustered_28_rot276,clustered,landscape,1,NA,NA,condent,condent,0.2086856411655661,NA
29,clustered_29_rot188,clustered,landscape,1,NA,NA,condent,condent,0.236147868489333,NA
30,clustered_30_rot52,clustered,landscape,1,NA,NA,condent,condent,0.14054373312757706,NA
31,random_31,random,landscape,1,NA,NA,condent,condent,0.5119036788680683,NA
32,random_32,random,landscape,1,NA,NA,condent,condent,0.9892752117578668,NA
33,labyrinth_33,labyrinth,landscape,1,NA,NA,condent,condent,0.3906254567071089,NA
34,labyrinth_34,labyrinth,landscape,1,NA,NA,condent,condent,0.36458147516077133,NA
35,clustered_35_rot173,clustered,landscape,1,NA,NA,condent,condent,0.25869618694056207,NA
36,labyrinth_36,labyrinth,landscape,1,NA,NA,condent,condent,0.2691427823416974,NA
37,labyrinth_37,labyrinth,landscape,1,NA,NA,condent,condent,0.3671361903573439,NA
38,labyrinth_38,labyrinth,landscape,1,NA,NA,condent,condent,0.3848746447816225,NA
39,labyrinth_39,labyrinth,landscape,1,NA,NA,condent,condent,0.379533217770638,NA
40,clustered_40_rot22,clustered,landscape,1,NA,NA,condent,condent,0.18824965721859277,NA
41,random_41,random,landscape,1,NA,NA,condent,condent,0.7693875541470464,NA
42,clustered_42_rot150,clustered,landscape,1,NA,NA,condent,condent,0.44636876154385385,NA
43,labyrinth_43,labyrinth,landscape,1,NA,NA,condent,condent,0.34307842103254593,NA
44,labyrinth_44,labyrinth,landscape,1,NA,NA,condent,condent,0.2863229063470566,NA
45,clustered_45_rot177,clustered,landscape,1,NA,NA,condent,condent,0.1905862554472706,NA
46,random_46,random,landscape,1,NA,NA,condent,condent,0.842926515740207,NA
47,random_47,random,landscape,1,NA,NA,condent,condent,0.7994058759072292,NA
48,labyrinth_48,labyrinth,landscape,1,NA,NA,condent,condent,0.428288955072613,NA
49,labyrinth_49,labyrinth,landscape,1,NA,NA,condent,condent,0.4681290243006979,NA
50,random_50,random,landscape,1,NA,NA,condent,condent,0.9992863335383386,NA
51,random_51,random,landscape,1,NA,NA,condent,condent,0.5259344802379742,NA
52,random_52,random,landscape,1,NA,NA,condent,condent,0.8025177866272469,NA
53,labyrinth_53,labyrinth,landscape,1,NA,NA,condent,condent,0.38923156422817273,NA
54,labyrinth_54,labyrinth,landscape,1,NA,NA,condent,condent,0.3561697034250685,NA
55,random_55,random,landscape,1,NA,NA,condent,condent,0.8949287685563596,NA
56,labyrinth_56,labyrinth,landscape,1,NA,NA,condent,condent,0.304326440987993,NA
57,random_57,random,landscape,1,NA,NA,condent,condent,0.961108611085099,NA
58,random_58,random,landscape,1,NA,NA,condent,condent,0.7496894272936158,NA
59,labyrinth_59,labyrinth,landscape,1,NA,NA,condent,condent,0.2974778345427861,NA
60,clustered_60_rot335,clustered,landscape,1,NA,NA,condent,condent,0.3416471557014529,NA
61,clustered_61_rot151,clustered,landscape,1,NA,NA,condent,condent,0.36096202042542336,NA
62,clustered_62_rot88,clustered,landscape,1,NA,NA,condent,condent,0.15997916421488223,NA
63,random_63,random,landscape,1,NA,NA,condent,condent,0.795287750550284,NA
64,labyrinth_64,labyrinth,landscape,1,NA,NA,condent,condent,0.3646780002985406,NA
65,random_65,random,landscape,1,NA,NA,condent,condent,0.7182083517795476,NA
66,clustered_66_rot224,clustered,landscape,1,NA,NA,condent,condent,0.3280190069130634,NA
67,labyrinth_67,labyrinth,landscape,1,NA,NA,condent,condent,0.25852871703220304,NA
68,labyrinth_68,labyrinth,landscape,1,NA,NA,condent,condent,0.3624704320616987,NA
69,clustered_69_rot78,clustered,landscape,1,NA,NA,condent,condent,0.16943203792265904,NA
70,clustered_70_rot170,clustered,landscape,1,NA,NA,condent,condent,0.12508176795233938,NA
71,labyrinth_71,labyrinth,landscape,1,NA,NA,condent,condent,0.2424884990157664,NA
72,random_72,random,landscape,1,NA,NA,condent,condent,0.9955476678699061,NA
73,clustered_73_rot156,clustered,landscape,1,NA,NA,condent,condent,0.33028445345106927,NA
74,clustered_74_rot348,clustered,landscape,1,NA,NA,condent,condent,0.3259900885960799,NA
75,random_75,random,landscape,1,NA,NA,condent,condent,0.7172210668444441,NA
76,random_76,random,landscape,1,NA,NA,condent,condent,0.8990630391071717,NA
77,labyrinth_77,labyrinth,landscape,1,NA,NA,condent,condent,0.47523901961093873,NA
78,random_78,random,landscape,1,NA,NA,condent,condent,0.9998452325657092,NA
79,clustered_79_rot79,clustered,landscape,1,NA,NA,condent,condent,0.2123095950676448,NA
80,labyrinth_80,labyrinth,landscape,1,NA,NA,condent,condent,0.305879095037782,NA
81,random_81,random,landscape,1,NA,NA,condent,condent,0.987137743857249,NA
82,clustered_82_rot20,clustered,landscape,1,NA,NA,condent,condent,0.21396171600044045,NA
83,random_83,random,landscape,1,NA,NA,condent,condent,0.9970970930721994,NA
84,random_84,random,landscape,1,NA,NA,condent,condent,0.9999992837081684,NA
85,labyrinth_85,labyrinth,landscape,1,NA,NA,condent,condent,0.47085205970622723,NA
86,clustered_86_rot6,clustered,landscape,1,NA,NA,condent,condent,0.17317710087940585,NA
87,labyrinth_87,labyrinth,landscape,1,NA,NA,condent,condent,0.4035986277318222,NA
88,labyrinth_88,labyrinth,landscape,1,NA,NA,condent,condent,0.3443628453488613,NA
89,labyrinth_89,labyrinth,landscape,1,NA,NA,condent,condent,0.31443307520722175,NA
90,random_90,random,landscape,1,NA,NA,condent,condent,0.6669706486282141,NA
91,clustered_91_rot72,clustered,landscape,1,NA,NA,condent,condent,0.20555777657379382,NA
92,random_92,random,landscape,1,NA,NA,condent,condent,0.9013381392379495,NA
93,clustered_93_rot150,clustered,landscape,1,NA,NA,condent,condent,0.4904447839871422,NA
94,random_94,random,landscape,1,NA,NA,condent,condent,0.9805384518555734,NA
95,labyrinth_95,labyrinth,landscape,1,NA,NA,condent,condent,0.47255546721671526,NA
96,labyrinth_96,labyrinth,landscape,1,NA,NA,condent,condent,0.3330698879867535,NA
97,clustered_97_rot105,clustered,landscape,1,NA,NA,condent,condent,0.1775956100484286,NA
98,labyrinth_98,labyrinth,landscape,1,NA,NA,condent,condent,0.3070860897128601,NA
99,labyrinth_99,labyrinth,landscape,1,NA,NA,condent,condent,0.25429699310902043,NA
100,clustered_100_rot83,clustered,landscape,1,NA,NA,condent,condent,0.1654096786103615,NA
1,random_1,random,landscape,1,NA,NA,contag,contag,21.276028245216374,NA
2,random_2,random,landscape,1,NA,NA,contag,contag,19.437688815951425,NA
3,clustered_3_rot150,clustered,landscape,1,NA,NA,contag,contag,42.13070941344468,NA
4,random_4,random,landscape,1,NA,NA,contag,contag,0.0017023620119682725,NA
5,clustered_5_rot91,clustered,landscape,1,NA,NA,contag,contag,34.08625544122923,NA
6,labyrinth_6,labyrinth,landscape,1,NA,NA,contag,contag,35.62405733858586,NA
7,clustered_7_rot125,clustered,landscape,1,NA,NA,contag,contag,40.43242981341074,NA
8,labyrinth_8,labyrinth,landscape,1,NA,NA,contag,contag,34.44735538238262,NA
9,clustered_9_rot272,clustered,landscape,1,NA,NA,contag,contag,34.98270813934886,NA
10,random_10,random,landscape,1,NA,NA,contag,contag,0.8771935868910008,NA
11,labyrinth_11,labyrinth,landscape,1,NA,NA,contag,contag,37.167509285565714,NA
12,clustered_12_rot17,clustered,landscape,1,NA,NA,contag,contag,32.66433060912941,NA
13,clustered_13_rot286,clustered,landscape,1,NA,NA,contag,contag,40.28560054572117,NA
14,random_14,random,landscape,1,NA,NA,contag,contag,5.067524648848066,NA
15,random_15,random,landscape,1,NA,NA,contag,contag,5.979872927836205,NA
16,labyrinth_16,labyrinth,landscape,1,NA,NA,contag,contag,30.317166718621934,NA
17,random_17,random,landscape,1,NA,NA,contag,contag,10.390081517831618,NA
18,labyrinth_18,labyrinth,landscape,1,NA,NA,contag,contag,39.94685433001729,NA
19,clustered_19_rot254,clustered,landscape,1,NA,NA,contag,contag,43.94823706346078,NA
20,random_20,random,landscape,1,NA,NA,contag,contag,44.548470201618926,NA
21,clustered_21_rot190,clustered,landscape,1,NA,NA,contag,contag,38.05104505832788,NA
22,clustered_22_rot218,clustered,landscape,1,NA,NA,contag,contag,42.47093349822349,NA
23,clustered_23_rot3,clustered,landscape,1,NA,NA,contag,contag,44.18461857839585,NA
24,clustered_24_rot31,clustered,landscape,1,NA,NA,contag,contag,42.71560613381755,NA
25,random_25,random,landscape,1,NA,NA,contag,contag,18.313365725592202,NA
26,random_26,random,landscape,1,NA,NA,contag,contag,22.588426549365792,NA
27,labyrinth_27,labyrinth,landscape,1,NA,NA,contag,contag,31.877179703906112,NA
28,clustered_28_rot276,clustered,landscape,1,NA,NA,contag,contag,45.435008083421756,NA
29,clustered_29_rot188,clustered,landscape,1,NA,NA,contag,contag,38.88045675360859,NA
30,clustered_30_rot52,clustered,landscape,1,NA,NA,contag,contag,43.777519359972885,NA
31,random_31,random,landscape,1,NA,NA,contag,contag,48.80934983337774,NA
32,random_32,random,landscape,1,NA,NA,contag,contag,1.0723531116111573,NA
33,labyrinth_33,labyrinth,landscape,1,NA,NA,contag,contag,30.5052478205867,NA
34,labyrinth_34,labyrinth,landscape,1,NA,NA,contag,contag,33.139008675495774,NA
35,clustered_35_rot173,clustered,landscape,1,NA,NA,contag,contag,37.09487588310919,NA
36,labyrinth_36,labyrinth,landscape,1,NA,NA,contag,contag,36.6021990833088,NA
37,labyrinth_37,labyrinth,landscape,1,NA,NA,contag,contag,32.20456372487923,NA
38,labyrinth_38,labyrinth,landscape,1,NA,NA,contag,contag,30.859882840819363,NA
39,labyrinth_39,labyrinth,landscape,1,NA,NA,contag,contag,31.0238845762458,NA
40,clustered_40_rot22,clustered,landscape,1,NA,NA,contag,contag,41.48566041032531,NA
41,random_41,random,landscape,1,NA,NA,contag,contag,23.05971979995103,NA
42,clustered_42_rot150,clustered,landscape,1,NA,NA,contag,contag,30.4220451963081,NA
43,labyrinth_43,labyrinth,landscape,1,NA,NA,contag,contag,32.85002109496167,NA
44,labyrinth_44,labyrinth,landscape,1,NA,NA,contag,contag,35.75415352187722,NA
45,clustered_45_rot177,clustered,landscape,1,NA,NA,contag,contag,41.29466201196364,NA
46,random_46,random,landscape,1,NA,NA,contag,contag,15.706355044876263,NA
47,random_47,random,landscape,1,NA,NA,contag,contag,20.05861011024548,NA
48,labyrinth_48,labyrinth,landscape,1,NA,NA,contag,contag,28.69351099365517,NA
49,labyrinth_49,labyrinth,landscape,1,NA,NA,contag,contag,27.123882442343582,NA
50,random_50,random,landscape,1,NA,NA,contag,contag,0.06992165191520572,NA
51,random_51,random,landscape,1,NA,NA,contag,contag,47.406296092799295,NA
52,random_52,random,landscape,1,NA,NA,contag,contag,19.748218139576935,NA
53,labyrinth_53,labyrinth,landscape,1,NA,NA,contag,contag,30.65000088328582,NA
54,labyrinth_54,labyrinth,landscape,1,NA,NA,contag,contag,32.76205135923666,NA
55,random_55,random,landscape,1,NA,NA,contag,contag,10.506381806675424,NA
56,labyrinth_56,labyrinth,landscape,1,NA,NA,contag,contag,34.81325873301054,NA
57,random_57,random,landscape,1,NA,NA,contag,contag,3.887681779075336,NA
58,random_58,random,landscape,1,NA,NA,contag,contag,25.03035676270554,NA
59,labyrinth_59,labyrinth,landscape,1,NA,NA,contag,contag,38.5032774372728,NA
60,clustered_60_rot335,clustered,landscape,1,NA,NA,contag,contag,34.23393792632846,NA
61,clustered_61_rot151,clustered,landscape,1,NA,NA,contag,contag,37.43561529545089,NA
62,clustered_62_rot88,clustered,landscape,1,NA,NA,contag,contag,42.127700339344074,NA
63,random_63,random,landscape,1,NA,NA,contag,contag,20.471004822248396,NA
64,labyrinth_64,labyrinth,landscape,1,NA,NA,contag,contag,33.54901325021902,NA
65,random_65,random,landscape,1,NA,NA,contag,contag,28.178288912327034,NA
66,clustered_66_rot224,clustered,landscape,1,NA,NA,contag,contag,33.93132786142763,NA
67,labyrinth_67,labyrinth,landscape,1,NA,NA,contag,contag,37.28632842489875,NA
68,labyrinth_68,labyrinth,landscape,1,NA,NA,contag,contag,32.16508788020297,NA
69,clustered_69_rot78,clustered,landscape,1,NA,NA,contag,contag,44.07199848361634,NA
70,clustered_70_rot170,clustered,landscape,1,NA,NA,contag,contag,44.22944611715263,NA
71,labyrinth_71,labyrinth,landscape,1,NA,NA,contag,contag,37.91774918161867,NA
72,random_72,random,landscape,1,NA,NA,contag,contag,0.4441569245833721,NA
73,clustered_73_rot156,clustered,landscape,1,NA,NA,contag,contag,43.401026597474356,NA
74,clustered_74_rot348,clustered,landscape,1,NA,NA,contag,contag,44.51381525260775,NA
75,random_75,random,landscape,1,NA,NA,contag,contag,28.27608539117985,NA
76,random_76,random,landscape,1,NA,NA,contag,contag,10.091069005232978,NA
77,labyrinth_77,labyrinth,landscape,1,NA,NA,contag,contag,26.294323388560503,NA
78,random_78,random,landscape,1,NA,NA,contag,contag,0.010460111007615236,NA
79,clustered_79_rot79,clustered,landscape,1,NA,NA,contag,contag,39.38850057428276,NA
80,labyrinth_80,labyrinth,landscape,1,NA,NA,contag,contag,40.20011559286464,NA
81,random_81,random,landscape,1,NA,NA,contag,contag,1.2862240885282206,NA
82,clustered_82_rot20,clustered,landscape,1,NA,NA,contag,contag,42.986461361779874,NA
83,random_83,random,landscape,1,NA,NA,contag,contag,0.28945075222958083,NA
84,random_84,random,landscape,1,NA,NA,contag,contag,6.240237077070887e-5,NA
85,labyrinth_85,labyrinth,landscape,1,NA,NA,contag,contag,28.92185381905078,NA
86,clustered_86_rot6,clustered,landscape,1,NA,NA,contag,contag,41.34157036128063,NA
87,labyrinth_87,labyrinth,landscape,1,NA,NA,contag,contag,31.683455405335703,NA
88,labyrinth_88,labyrinth,landscape,1,NA,NA,contag,contag,33.406534950635915,NA
89,labyrinth_89,labyrinth,landscape,1,NA,NA,contag,contag,35.644996290181474,NA
90,random_90,random,landscape,1,NA,NA,contag,contag,33.30256615868472,NA
91,clustered_91_rot72,clustered,landscape,1,NA,NA,contag,contag,39.88180068770794,NA
92,random_92,random,landscape,1,NA,NA,contag,contag,9.864941310003028,NA
93,clustered_93_rot150,clustered,landscape,1,NA,NA,contag,contag,28.76421752912808,NA
94,random_94,random,landscape,1,NA,NA,contag,contag,1.9438070153527387,NA
95,labyrinth_95,labyrinth,landscape,1,NA,NA,contag,contag,26.492275326877678,NA
96,labyrinth_96,labyrinth,landscape,1,NA,NA,contag,contag,35.5118354843445,NA
97,clustered_97_rot105,clustered,landscape,1,NA,NA,contag,contag,45.25609852778949,NA
98,labyrinth_98,labyrinth,landscape,1,NA,NA,contag,contag,36.01807968591485,NA
99,labyrinth_99,labyrinth,landscape,1,NA,NA,contag,contag,44.013308777393625,NA
100,clustered_100_rot83,clustered,landscape,1,NA,NA,contag,contag,44.38771052588278,NA
1,random_1,random,landscape,1,NA,NA,contig_cv,contig_cv,103.21003068478838,NA
2,random_2,random,landscape,1,NA,NA,contig_cv,contig_cv,101.73515854841551,NA
3,clustered_3_rot150,clustered,landscape,1,NA,NA,contig_cv,contig_cv,104.89728575867179,NA
4,random_4,random,landscape,1,NA,NA,contig_cv,contig_cv,119.9834253211975,NA
5,clustered_5_rot91,clustered,landscape,1,NA,NA,contig_cv,contig_cv,186.71366576526287,NA
6,labyrinth_6,labyrinth,landscape,1,NA,NA,contig_cv,contig_cv,161.86198235769322,NA
7,clustered_7_rot125,clustered,landscape,1,NA,NA,contig_cv,contig_cv,117.47447086020688,NA
8,labyrinth_8,labyrinth,landscape,1,NA,NA,contig_cv,contig_cv,172.7181215762162,NA
9,clustered_9_rot272,clustered,landscape,1,NA,NA,contig_cv,contig_cv,215.88499391525687,NA
10,random_10,random,landscape,1,NA,NA,contig_cv,contig_cv,114.6315548971035,NA
11,labyrinth_11,labyrinth,landscape,1,NA,NA,contig_cv,contig_cv,223.72049922702124,NA
12,clustered_12_rot17,clustered,landscape,1,NA,NA,contig_cv,contig_cv,192.0875686517034,NA
13,clustered_13_rot286,clustered,landscape,1,NA,NA,contig_cv,contig_cv,124.77522693512742,NA
14,random_14,random,landscape,1,NA,NA,contig_cv,contig_cv,96.0822032432411,NA
15,random_15,random,landscape,1,NA,NA,contig_cv,contig_cv,85.11861612409041,NA
16,labyrinth_16,labyrinth,landscape,1,NA,NA,contig_cv,contig_cv,152.23340606538613,NA
17,random_17,random,landscape,1,NA,NA,contig_cv,contig_cv,97.65761571174197,NA
18,labyrinth_18,labyrinth,landscape,1,NA,NA,contig_cv,contig_cv,199.57998902640514,NA
19,clustered_19_rot254,clustered,landscape,1,NA,NA,contig_cv,contig_cv,55.15409906163139,NA
20,random_20,random,landscape,1,NA,NA,contig_cv,contig_cv,143.05780070105536,NA
21,clustered_21_rot190,clustered,landscape,1,NA,NA,contig_cv,contig_cv,128.76413716190535,NA
22,clustered_22_rot218,clustered,landscape,1,NA,NA,contig_cv,contig_cv,76.42980514989952,NA
23,clustered_23_rot3,clustered,landscape,1,NA,NA,contig_cv,contig_cv,175.26762949547114,NA
24,clustered_24_rot31,clustered,landscape,1,NA,NA,contig_cv,contig_cv,64.75707916342505,NA
25,random_25,random,landscape,1,NA,NA,contig_cv,contig_cv,92.6772686683008,NA
26,random_26,random,landscape,1,NA,NA,contig_cv,contig_cv,97.93591989769118,NA
27,labyrinth_27,labyrinth,landscape,1,NA,NA,contig_cv,contig_cv,150.2425835046849,NA
28,clustered_28_rot276,clustered,landscape,1,NA,NA,contig_cv,contig_cv,146.448020328084,NA
29,clustered_29_rot188,clustered,landscape,1,NA,NA,contig_cv,contig_cv,174.88318530936294,NA
30,clustered_30_rot52,clustered,landscape,1,NA,NA,contig_cv,contig_cv,37.08003208088644,NA
31,random_31,random,landscape,1,NA,NA,contig_cv,contig_cv,161.9426604408165,NA
32,random_32,random,landscape,1,NA,NA,contig_cv,contig_cv,116.71485357188696,NA
33,labyrinth_33,labyrinth,landscape,1,NA,NA,contig_cv,contig_cv,205.14438454239655,NA
34,labyrinth_34,labyrinth,landscape,1,NA,NA,contig_cv,contig_cv,176.31876986587616,NA
35,clustered_35_rot173,clustered,landscape,1,NA,NA,contig_cv,contig_cv,158.0327802609475,NA
36,labyrinth_36,labyrinth,landscape,1,NA,NA,contig_cv,contig_cv,206.4864272021575,NA
37,labyrinth_37,labyrinth,landscape,1,NA,NA,contig_cv,contig_cv,133.2431948559954,NA
38,labyrinth_38,labyrinth,landscape,1,NA,NA,contig_cv,contig_cv,153.64223615205995,NA
39,labyrinth_39,labyrinth,landscape,1,NA,NA,contig_cv,contig_cv,161.52089351412346,NA
40,clustered_40_rot22,clustered,landscape,1,NA,NA,contig_cv,contig_cv,107.23175743688161,NA
41,random_41,random,landscape,1,NA,NA,contig_cv,contig_cv,111.88370670923572,NA
42,clustered_42_rot150,clustered,landscape,1,NA,NA,contig_cv,contig_cv,181.89485806377715,NA
43,labyrinth_43,labyrinth,landscape,1,NA,NA,contig_cv,contig_cv,215.21532045030315,NA
44,labyrinth_44,labyrinth,landscape,1,NA,NA,contig_cv,contig_cv,211.8742066794433,NA
45,clustered_45_rot177,clustered,landscape,1,NA,NA,contig_cv,contig_cv,101.6708050503603,NA
46,random_46,random,landscape,1,NA,NA,contig_cv,contig_cv,94.12010684880141,NA
47,random_47,random,landscape,1,NA,NA,contig_cv,contig_cv,97.54520775619083,NA
48,labyrinth_48,labyrinth,landscape,1,NA,NA,contig_cv,contig_cv,162.74915434263312,NA
49,labyrinth_49,labyrinth,landscape,1,NA,NA,contig_cv,contig_cv,163.70382999788904,NA
50,random_50,random,landscape,1,NA,NA,contig_cv,contig_cv,107.06352682004498,NA
51,random_51,random,landscape,1,NA,NA,contig_cv,contig_cv,154.0412443049024,NA
52,random_52,random,landscape,1,NA,NA,contig_cv,contig_cv,98.81610844056587,NA
53,labyrinth_53,labyrinth,landscape,1,NA,NA,contig_cv,contig_cv,198.20274970078756,NA
54,labyrinth_54,labyrinth,landscape,1,NA,NA,contig_cv,contig_cv,166.78663228749113,NA
55,random_55,random,landscape,1,NA,NA,contig_cv,contig_cv,93.06056549209322,NA
56,labyrinth_56,labyrinth,landscape,1,NA,NA,contig_cv,contig_cv,191.7043917160791,NA
57,random_57,random,landscape,1,NA,NA,contig_cv,contig_cv,99.54290395748461,NA
58,random_58,random,landscape,1,NA,NA,contig_cv,contig_cv,108.51266687964699,NA
59,labyrinth_59,labyrinth,landscape,1,NA,NA,contig_cv,contig_cv,206.55415862162005,NA
60,clustered_60_rot335,clustered,landscape,1,NA,NA,contig_cv,contig_cv,219.9033606599405,NA
61,clustered_61_rot151,clustered,landscape,1,NA,NA,contig_cv,contig_cv,200.60931118841495,NA
62,clustered_62_rot88,clustered,landscape,1,NA,NA,contig_cv,contig_cv,88.09627091136547,NA
63,random_63,random,landscape,1,NA,NA,contig_cv,contig_cv,96.52071497138644,NA
64,labyrinth_64,labyrinth,landscape,1,NA,NA,contig_cv,contig_cv,186.67764718341493,NA
65,random_65,random,landscape,1,NA,NA,contig_cv,contig_cv,113.48586404529874,NA
66,clustered_66_rot224,clustered,landscape,1,NA,NA,contig_cv,contig_cv,177.28753006313212,NA
67,labyrinth_67,labyrinth,landscape,1,NA,NA,contig_cv,contig_cv,225.7966329643387,NA
68,labyrinth_68,labyrinth,landscape,1,NA,NA,contig_cv,contig_cv,187.98652837675507,NA
69,clustered_69_rot78,clustered,landscape,1,NA,NA,contig_cv,contig_cv,102.50161825340827,NA
70,clustered_70_rot170,clustered,landscape,1,NA,NA,contig_cv,contig_cv,28.300949769209506,NA
71,labyrinth_71,labyrinth,landscape,1,NA,NA,contig_cv,contig_cv,193.03924340824727,NA
72,random_72,random,landscape,1,NA,NA,contig_cv,contig_cv,111.37857507965363,NA
73,clustered_73_rot156,clustered,landscape,1,NA,NA,contig_cv,contig_cv,251.8718366279113,NA
74,clustered_74_rot348,clustered,landscape,1,NA,NA,contig_cv,contig_cv,201.30558619448385,NA
75,random_75,random,landscape,1,NA,NA,contig_cv,contig_cv,111.99553584972004,NA
76,random_76,random,landscape,1,NA,NA,contig_cv,contig_cv,90.48330982767571,NA
77,labyrinth_77,labyrinth,landscape,1,NA,NA,contig_cv,contig_cv,165.34336015449907,NA
78,random_78,random,landscape,1,NA,NA,contig_cv,contig_cv,149.1701051254442,NA
79,clustered_79_rot79,clustered,landscape,1,NA,NA,contig_cv,contig_cv,125.61461209813909,NA
80,labyrinth_80,labyrinth,landscape,1,NA,NA,contig_cv,contig_cv,187.851911553849,NA
81,random_81,random,landscape,1,NA,NA,contig_cv,contig_cv,106.58012889364177,NA
82,clustered_82_rot20,clustered,landscape,1,NA,NA,contig_cv,contig_cv,137.52100669312327,NA
83,random_83,random,landscape,1,NA,NA,contig_cv,contig_cv,125.45361964100823,NA
84,random_84,random,landscape,1,NA,NA,contig_cv,contig_cv,128.70963233588668,NA
85,labyrinth_85,labyrinth,landscape,1,NA,NA,contig_cv,contig_cv,157.44303811245283,NA
86,clustered_86_rot6,clustered,landscape,1,NA,NA,contig_cv,contig_cv,113.04697903276512,NA
87,labyrinth_87,labyrinth,landscape,1,NA,NA,contig_cv,contig_cv,173.3045592464103,NA
88,labyrinth_88,labyrinth,landscape,1,NA,NA,contig_cv,contig_cv,172.39235393436715,NA
89,labyrinth_89,labyrinth,landscape,1,NA,NA,contig_cv,contig_cv,169.41773353547828,NA
90,random_90,random,landscape,1,NA,NA,contig_cv,contig_cv,118.91372484363632,NA
91,clustered_91_rot72,clustered,landscape,1,NA,NA,contig_cv,contig_cv,118.09301640070498,NA
92,random_92,random,landscape,1,NA,NA,contig_cv,contig_cv,94.68283971398564,NA
93,clustered_93_rot150,clustered,landscape,1,NA,NA,contig_cv,contig_cv,190.04538205080922,NA
94,random_94,random,landscape,1,NA,NA,contig_cv,contig_cv,98.04941093339674,NA
95,labyrinth_95,labyrinth,landscape,1,NA,NA,contig_cv,contig_cv,158.98732747168117,NA
96,labyrinth_96,labyrinth,landscape,1,NA,NA,contig_cv,contig_cv,186.7834980373249,NA
97,clustered_97_rot105,clustered,landscape,1,NA,NA,contig_cv,contig_cv,134.53488815353822,NA
98,labyrinth_98,labyrinth,landscape,1,NA,NA,contig_cv,contig_cv,176.28305547831692,NA
99,labyrinth_99,labyrinth,landscape,1,NA,NA,contig_cv,contig_cv,215.8454202251491,NA
100,clustered_100_rot83,clustered,landscape,1,NA,NA,contig_cv,contig_cv,76.63525821097288,NA
1,random_1,random,landscape,1,NA,NA,contig_mn,contig_mn,0.12750272408371502,NA
2,random_2,random,landscape,1,NA,NA,contig_mn,contig_mn,0.1307846055831388,NA
3,clustered_3_rot150,clustered,landscape,1,NA,NA,contig_mn,contig_mn,0.37035632525825146,NA
4,random_4,random,landscape,1,NA,NA,contig_mn,contig_mn,0.11650662229599726,NA
5,clustered_5_rot91,clustered,landscape,1,NA,NA,contig_mn,contig_mn,0.13476443033745952,NA
6,labyrinth_6,labyrinth,landscape,1,NA,NA,contig_mn,contig_mn,0.1989815533591911,NA
7,clustered_7_rot125,clustered,landscape,1,NA,NA,contig_mn,contig_mn,0.3189792211593741,NA
8,labyrinth_8,labyrinth,landscape,1,NA,NA,contig_mn,contig_mn,0.1735601039072103,NA
9,clustered_9_rot272,clustered,landscape,1,NA,NA,contig_mn,contig_mn,0.09446846965200567,NA
10,random_10,random,landscape,1,NA,NA,contig_mn,contig_mn,0.14295225191563857,NA
11,labyrinth_11,labyrinth,landscape,1,NA,NA,contig_mn,contig_mn,0.13449820316008662,NA
12,clustered_12_rot17,clustered,landscape,1,NA,NA,contig_mn,contig_mn,0.14031562424018812,NA
13,clustered_13_rot286,clustered,landscape,1,NA,NA,contig_mn,contig_mn,0.29834892760524445,NA
14,random_14,random,landscape,1,NA,NA,contig_mn,contig_mn,0.16533945703009917,NA
15,random_15,random,landscape,1,NA,NA,contig_mn,contig_mn,0.18135521700859822,NA
16,labyrinth_16,labyrinth,landscape,1,NA,NA,contig_mn,contig_mn,0.1883806979397528,NA
17,random_17,random,landscape,1,NA,NA,contig_mn,contig_mn,0.15172257628099112,NA
18,labyrinth_18,labyrinth,landscape,1,NA,NA,contig_mn,contig_mn,0.14870833635579633,NA
19,clustered_19_rot254,clustered,landscape,1,NA,NA,contig_mn,contig_mn,0.5896564136939386,NA
20,random_20,random,landscape,1,NA,NA,contig_mn,contig_mn,0.06869315325436925,NA
21,clustered_21_rot190,clustered,landscape,1,NA,NA,contig_mn,contig_mn,0.2540364610040196,NA
22,clustered_22_rot218,clustered,landscape,1,NA,NA,contig_mn,contig_mn,0.49810326563706725,NA
23,clustered_23_rot3,clustered,landscape,1,NA,NA,contig_mn,contig_mn,0.10383606292130829,NA
24,clustered_24_rot31,clustered,landscape,1,NA,NA,contig_mn,contig_mn,0.5328590118561036,NA
25,random_25,random,landscape,1,NA,NA,contig_mn,contig_mn,0.140111524266403,NA
26,random_26,random,landscape,1,NA,NA,contig_mn,contig_mn,0.1265317784793094,NA
27,labyrinth_27,labyrinth,landscape,1,NA,NA,contig_mn,contig_mn,0.16455113458777967,NA
28,clustered_28_rot276,clustered,landscape,1,NA,NA,contig_mn,contig_mn,0.22730302486995138,NA
29,clustered_29_rot188,clustered,landscape,1,NA,NA,contig_mn,contig_mn,0.1753396657770955,NA
30,clustered_30_rot52,clustered,landscape,1,NA,NA,contig_mn,contig_mn,0.6444471765664704,NA
31,random_31,random,landscape,1,NA,NA,contig_mn,contig_mn,0.060060575998221045,NA
32,random_32,random,landscape,1,NA,NA,contig_mn,contig_mn,0.13437784739869707,NA
33,labyrinth_33,labyrinth,landscape,1,NA,NA,contig_mn,contig_mn,0.12086565718720134,NA
34,labyrinth_34,labyrinth,landscape,1,NA,NA,contig_mn,contig_mn,0.16092658737501175,NA
35,clustered_35_rot173,clustered,landscape,1,NA,NA,contig_mn,contig_mn,0.2118338676300626,NA
36,labyrinth_36,labyrinth,landscape,1,NA,NA,contig_mn,contig_mn,0.13277845727904697,NA
37,labyrinth_37,labyrinth,landscape,1,NA,NA,contig_mn,contig_mn,0.19079619846271714,NA
38,labyrinth_38,labyrinth,landscape,1,NA,NA,contig_mn,contig_mn,0.16214297757404228,NA
39,labyrinth_39,labyrinth,landscape,1,NA,NA,contig_mn,contig_mn,0.18362514400074745,NA
40,clustered_40_rot22,clustered,landscape,1,NA,NA,contig_mn,contig_mn,0.3450051864828403,NA
41,random_41,random,landscape,1,NA,NA,contig_mn,contig_mn,0.11094376895417277,NA
42,clustered_42_rot150,clustered,landscape,1,NA,NA,contig_mn,contig_mn,0.09871298966972233,NA
43,labyrinth_43,labyrinth,landscape,1,NA,NA,contig_mn,contig_mn,0.1205016213385199,NA
44,labyrinth_44,labyrinth,landscape,1,NA,NA,contig_mn,contig_mn,0.12085899784616048,NA
45,clustered_45_rot177,clustered,landscape,1,NA,NA,contig_mn,contig_mn,0.3769865736146806,NA
46,random_46,random,landscape,1,NA,NA,contig_mn,contig_mn,0.14463432140363974,NA
47,random_47,random,landscape,1,NA,NA,contig_mn,contig_mn,0.13376778638820597,NA
48,labyrinth_48,labyrinth,landscape,1,NA,NA,contig_mn,contig_mn,0.16831907183117337,NA
49,labyrinth_49,labyrinth,landscape,1,NA,NA,contig_mn,contig_mn,0.14122787973087095,NA
50,random_50,random,landscape,1,NA,NA,contig_mn,contig_mn,0.13871786738853295,NA
51,random_51,random,landscape,1,NA,NA,contig_mn,contig_mn,0.062135974370620344,NA
52,random_52,random,landscape,1,NA,NA,contig_mn,contig_mn,0.1313060361400528,NA
53,labyrinth_53,labyrinth,landscape,1,NA,NA,contig_mn,contig_mn,0.1241343899096719,NA
54,labyrinth_54,labyrinth,landscape,1,NA,NA,contig_mn,contig_mn,0.18389953595992167,NA
55,random_55,random,landscape,1,NA,NA,contig_mn,contig_mn,0.16462077682263204,NA
56,labyrinth_56,labyrinth,landscape,1,NA,NA,contig_mn,contig_mn,0.13973625621525546,NA
57,random_57,random,landscape,1,NA,NA,contig_mn,contig_mn,0.15382629148037918,NA
58,random_58,random,landscape,1,NA,NA,contig_mn,contig_mn,0.10950666261169884,NA
59,labyrinth_59,labyrinth,landscape,1,NA,NA,contig_mn,contig_mn,0.15545376081636447,NA
60,clustered_60_rot335,clustered,landscape,1,NA,NA,contig_mn,contig_mn,0.11523687733977352,NA
61,clustered_61_rot151,clustered,landscape,1,NA,NA,contig_mn,contig_mn,0.10142124197397621,NA
62,clustered_62_rot88,clustered,landscape,1,NA,NA,contig_mn,contig_mn,0.3940392493072582,NA
63,random_63,random,landscape,1,NA,NA,contig_mn,contig_mn,0.13378738296973366,NA
64,labyrinth_64,labyrinth,landscape,1,NA,NA,contig_mn,contig_mn,0.15437895999794293,NA
65,random_65,random,landscape,1,NA,NA,contig_mn,contig_mn,0.10610835764485871,NA
66,clustered_66_rot224,clustered,landscape,1,NA,NA,contig_mn,contig_mn,0.17263394948599647,NA
67,labyrinth_67,labyrinth,landscape,1,NA,NA,contig_mn,contig_mn,0.11496632040016103,NA
68,labyrinth_68,labyrinth,landscape,1,NA,NA,contig_mn,contig_mn,0.12653479151653493,NA
69,clustered_69_rot78,clustered,landscape,1,NA,NA,contig_mn,contig_mn,0.37763388605567205,NA
70,clustered_70_rot170,clustered,landscape,1,NA,NA,contig_mn,contig_mn,0.6417176582297127,NA
71,labyrinth_71,labyrinth,landscape,1,NA,NA,contig_mn,contig_mn,0.148866535845825,NA
72,random_72,random,landscape,1,NA,NA,contig_mn,contig_mn,0.14325256460740718,NA
73,clustered_73_rot156,clustered,landscape,1,NA,NA,contig_mn,contig_mn,0.07793778104358982,NA
74,clustered_74_rot348,clustered,landscape,1,NA,NA,contig_mn,contig_mn,0.10611998726560423,NA
75,random_75,random,landscape,1,NA,NA,contig_mn,contig_mn,0.10524106090795346,NA
76,random_76,random,landscape,1,NA,NA,contig_mn,contig_mn,0.16439291653501384,NA
77,labyrinth_77,labyrinth,landscape,1,NA,NA,contig_mn,contig_mn,0.14453755112275773,NA
78,random_78,random,landscape,1,NA,NA,contig_mn,contig_mn,0.10050616596905436,NA
79,clustered_79_rot79,clustered,landscape,1,NA,NA,contig_mn,contig_mn,0.28006131401281736,NA
80,labyrinth_80,labyrinth,landscape,1,NA,NA,contig_mn,contig_mn,0.14519582694025554,NA
81,random_81,random,landscape,1,NA,NA,contig_mn,contig_mn,0.1527589750538166,NA
82,clustered_82_rot20,clustered,landscape,1,NA,NA,contig_mn,contig_mn,0.25308863267333676,NA
83,random_83,random,landscape,1,NA,NA,contig_mn,contig_mn,0.12935867524671538,NA
84,random_84,random,landscape,1,NA,NA,contig_mn,contig_mn,0.11541116895949258,NA
85,labyrinth_85,labyrinth,landscape,1,NA,NA,contig_mn,contig_mn,0.15232099374506897,NA
86,clustered_86_rot6,clustered,landscape,1,NA,NA,contig_mn,contig_mn,0.3197461647802539,NA
87,labyrinth_87,labyrinth,landscape,1,NA,NA,contig_mn,contig_mn,0.16091333152063908,NA
88,labyrinth_88,labyrinth,landscape,1,NA,NA,contig_mn,contig_mn,0.14632431179567357,NA
89,labyrinth_89,labyrinth,landscape,1,NA,NA,contig_mn,contig_mn,0.19635467335556675,NA
90,random_90,random,landscape,1,NA,NA,contig_mn,contig_mn,0.09295156515443806,NA
91,clustered_91_rot72,clustered,landscape,1,NA,NA,contig_mn,contig_mn,0.3324296185831099,NA
92,random_92,random,landscape,1,NA,NA,contig_mn,contig_mn,0.16034062161940885,NA
93,clustered_93_rot150,clustered,landscape,1,NA,NA,contig_mn,contig_mn,0.08855566179513272,NA
94,random_94,random,landscape,1,NA,NA,contig_mn,contig_mn,0.16961377958474436,NA
95,labyrinth_95,labyrinth,landscape,1,NA,NA,contig_mn,contig_mn,0.13677562478487937,NA
96,labyrinth_96,labyrinth,landscape,1,NA,NA,contig_mn,contig_mn,0.13906450426084785,NA
97,clustered_97_rot105,clustered,landscape,1,NA,NA,contig_mn,contig_mn,0.27501924181810256,NA
98,labyrinth_98,labyrinth,landscape,1,NA,NA,contig_mn,contig_mn,0.14622794082912563,NA
99,labyrinth_99,labyrinth,landscape,1,NA,NA,contig_mn,contig_mn,0.12485604381374314,NA
100,clustered_100_rot83,clustered,landscape,1,NA,NA,contig_mn,contig_mn,0.4380658385764617,NA
1,random_1,random,landscape,1,NA,NA,contig_sd,contig_sd,0.13159560065074333,NA
2,random_2,random,landscape,1,NA,NA,contig_sd,contig_sd,0.13305392584692616,NA
3,clustered_3_rot150,clustered,landscape,1,NA,NA,contig_sd,contig_sd,0.388493732831464,NA
4,random_4,random,landscape,1,NA,NA,contig_sd,contig_sd,0.1397886361567675,NA
5,clustered_5_rot91,clustered,landscape,1,NA,NA,contig_sd,contig_sd,0.2516236080307447,NA
6,labyrinth_6,labyrinth,landscape,1,NA,NA,contig_sd,contig_sd,0.3220754867933178,NA
7,clustered_7_rot125,clustered,landscape,1,NA,NA,contig_sd,contig_sd,0.3747191522109838,NA
8,labyrinth_8,labyrinth,landscape,1,NA,NA,contig_sd,contig_sd,0.29976975127426264,NA
9,clustered_9_rot272,clustered,landscape,1,NA,NA,contig_sd,contig_sd,0.2039432499600687,NA
10,random_10,random,landscape,1,NA,NA,contig_sd,contig_sd,0.16386838913132093,NA
11,labyrinth_11,labyrinth,landscape,1,NA,NA,contig_sd,contig_sd,0.30090005156111904,NA
12,clustered_12_rot17,clustered,landscape,1,NA,NA,contig_sd,contig_sd,0.2695288710414375,NA
13,clustered_13_rot286,clustered,landscape,1,NA,NA,contig_sd,contig_sd,0.37226555147796275,NA
14,random_14,random,landscape,1,NA,NA,contig_sd,contig_sd,0.15886179314493115,NA
15,random_15,random,landscape,1,NA,NA,contig_sd,contig_sd,0.15436705098655984,NA
16,labyrinth_16,labyrinth,landscape,1,NA,NA,contig_sd,contig_sd,0.28677835284343234,NA
17,random_17,random,landscape,1,NA,NA,contig_sd,contig_sd,0.14816865049244488,NA
18,labyrinth_18,labyrinth,landscape,1,NA,NA,contig_sd,contig_sd,0.296792081380248,NA
19,clustered_19_rot254,clustered,landscape,1,NA,NA,contig_sd,contig_sd,0.3252196825320179,NA
20,random_20,random,landscape,1,NA,NA,contig_sd,contig_sd,0.09827091427790609,NA
21,clustered_21_rot190,clustered,landscape,1,NA,NA,contig_sd,contig_sd,0.327107857088466,NA
22,clustered_22_rot218,clustered,landscape,1,NA,NA,contig_sd,contig_sd,0.3806993553716969,NA
23,clustered_23_rot3,clustered,landscape,1,NA,NA,contig_sd,contig_sd,0.1819910060436029,NA
24,clustered_24_rot31,clustered,landscape,1,NA,NA,contig_sd,contig_sd,0.34506393213710146,NA
25,random_25,random,landscape,1,NA,NA,contig_sd,contig_sd,0.12985153377962577,NA
26,random_26,random,landscape,1,NA,NA,contig_sd,contig_sd,0.12392006121662051,NA
27,labyrinth_27,labyrinth,landscape,1,NA,NA,contig_sd,contig_sd,0.2472258757909513,NA
28,clustered_28_rot276,clustered,landscape,1,NA,NA,contig_sd,contig_sd,0.33288078006789623,NA
29,clustered_29_rot188,clustered,landscape,1,NA,NA,contig_sd,contig_sd,0.3066395926217756,NA
30,clustered_30_rot52,clustered,landscape,1,NA,NA,contig_sd,contig_sd,0.2389612198152141,NA
31,random_31,random,landscape,1,NA,NA,contig_sd,contig_sd,0.09726369464759764,NA
32,random_32,random,landscape,1,NA,NA,contig_sd,contig_sd,0.15683890782444299,NA
33,labyrinth_33,labyrinth,landscape,1,NA,NA,contig_sd,contig_sd,0.24794910855980706,NA
34,labyrinth_34,labyrinth,landscape,1,NA,NA,contig_sd,contig_sd,0.2837437792467551,NA
35,clustered_35_rot173,clustered,landscape,1,NA,NA,contig_sd,contig_sd,0.33476695055008326,NA
36,labyrinth_36,labyrinth,landscape,1,NA,NA,contig_sd,contig_sd,0.2741694925296471,NA
37,labyrinth_37,labyrinth,landscape,1,NA,NA,contig_sd,contig_sd,0.2542229504955099,NA
38,labyrinth_38,labyrinth,landscape,1,NA,NA,contig_sd,contig_sd,0.24912009650829167,NA
39,labyrinth_39,labyrinth,landscape,1,NA,NA,contig_sd,contig_sd,0.29659297330660317,NA
40,clustered_40_rot22,clustered,landscape,1,NA,NA,contig_sd,contig_sd,0.3699551247139403,NA
41,random_41,random,landscape,1,NA,NA,contig_sd,contig_sd,0.12412800106885878,NA
42,clustered_42_rot150,clustered,landscape,1,NA,NA,contig_sd,contig_sd,0.17955385245025243,NA
43,labyrinth_43,labyrinth,landscape,1,NA,NA,contig_sd,contig_sd,0.2593379505115065,NA
44,labyrinth_44,labyrinth,landscape,1,NA,NA,contig_sd,contig_sd,0.25606904288727794,NA
45,clustered_45_rot177,clustered,landscape,1,NA,NA,contig_sd,contig_sd,0.3832852843258149,NA
46,random_46,random,landscape,1,NA,NA,contig_sd,contig_sd,0.13612997784514458,NA
47,random_47,random,landscape,1,NA,NA,contig_sd,contig_sd,0.13048406514323307,NA
48,labyrinth_48,labyrinth,landscape,1,NA,NA,contig_sd,contig_sd,0.27393786600260384,NA
49,labyrinth_49,labyrinth,landscape,1,NA,NA,contig_sd,contig_sd,0.23119544814424817,NA
50,random_50,random,landscape,1,NA,NA,contig_sd,contig_sd,0.1485162411557164,NA
51,random_51,random,landscape,1,NA,NA,contig_sd,contig_sd,0.09571502808147882,NA
52,random_52,random,landscape,1,NA,NA,contig_sd,contig_sd,0.12975151506116317,NA
53,labyrinth_53,labyrinth,landscape,1,NA,NA,contig_sd,contig_sd,0.2460377741252667,NA
54,labyrinth_54,labyrinth,landscape,1,NA,NA,contig_sd,contig_sd,0.3067198428198771,NA
55,random_55,random,landscape,1,NA,NA,contig_sd,contig_sd,0.1531970258286181,NA
56,labyrinth_56,labyrinth,landscape,1,NA,NA,contig_sd,contig_sd,0.26788053998427724,NA
57,random_57,random,landscape,1,NA,NA,contig_sd,contig_sd,0.15312315758967418,NA
58,random_58,random,landscape,1,NA,NA,contig_sd,contig_sd,0.11882860001085169,NA
59,labyrinth_59,labyrinth,landscape,1,NA,NA,contig_sd,contig_sd,0.3210962076999073,NA
60,clustered_60_rot335,clustered,landscape,1,NA,NA,contig_sd,contig_sd,0.2534097659897354,NA
61,clustered_61_rot151,clustered,landscape,1,NA,NA,contig_sd,contig_sd,0.20346045492272927,NA
62,clustered_62_rot88,clustered,landscape,1,NA,NA,contig_sd,contig_sd,0.3471338845668329,NA
63,random_63,random,landscape,1,NA,NA,contig_sd,contig_sd,0.12913253858389384,NA
64,labyrinth_64,labyrinth,landscape,1,NA,NA,contig_sd,contig_sd,0.2881910102703852,NA
65,random_65,random,landscape,1,NA,NA,contig_sd,contig_sd,0.1204179864975437,NA
66,clustered_66_rot224,clustered,landscape,1,NA,NA,contig_sd,contig_sd,0.30605846509415835,NA
67,labyrinth_67,labyrinth,landscape,1,NA,NA,contig_sd,contig_sd,0.25959008050655724,NA
68,labyrinth_68,labyrinth,landscape,1,NA,NA,contig_sd,contig_sd,0.2378683617606988,NA
69,clustered_69_rot78,clustered,landscape,1,NA,NA,contig_sd,contig_sd,0.3870808442802957,NA
70,clustered_70_rot170,clustered,landscape,1,NA,NA,contig_sd,contig_sd,0.18161219211573854,NA
71,labyrinth_71,labyrinth,landscape,1,NA,NA,contig_sd,contig_sd,0.2873708344848478,NA
72,random_72,random,landscape,1,NA,NA,contig_sd,contig_sd,0.15955266522479034,NA
73,clustered_73_rot156,clustered,landscape,1,NA,NA,contig_sd,contig_sd,0.1963033205415298,NA
74,clustered_74_rot348,clustered,landscape,1,NA,NA,contig_sd,contig_sd,0.21362546243453623,NA
75,random_75,random,landscape,1,NA,NA,contig_sd,contig_sd,0.11786529009779272,NA
76,random_76,random,landscape,1,NA,NA,contig_sd,contig_sd,0.1487481520031289,NA
77,labyrinth_77,labyrinth,landscape,1,NA,NA,contig_sd,contig_sd,0.2389832437113945,NA
78,random_78,random,landscape,1,NA,NA,contig_sd,contig_sd,0.1499251534335918,NA
79,clustered_79_rot79,clustered,landscape,1,NA,NA,contig_sd,contig_sd,0.35179793323415176,NA
80,labyrinth_80,labyrinth,landscape,1,NA,NA,contig_sd,contig_sd,0.2727531364036885,NA
81,random_81,random,landscape,1,NA,NA,contig_sd,contig_sd,0.1628107125089638,NA
82,clustered_82_rot20,clustered,landscape,1,NA,NA,contig_sd,contig_sd,0.3480500354782336,NA
83,random_83,random,landscape,1,NA,NA,contig_sd,contig_sd,0.16228514041666137,NA
84,random_84,random,landscape,1,NA,NA,contig_sd,contig_sd,0.14854529124231186,NA
85,labyrinth_85,labyrinth,landscape,1,NA,NA,contig_sd,contig_sd,0.23981880023531585,NA
86,clustered_86_rot6,clustered,landscape,1,NA,NA,contig_sd,contig_sd,0.3614633798572043,NA
87,labyrinth_87,labyrinth,landscape,1,NA,NA,contig_sd,contig_sd,0.2788701399605586,NA
88,labyrinth_88,labyrinth,landscape,1,NA,NA,contig_sd,contig_sd,0.25225192548282455,NA
89,labyrinth_89,labyrinth,landscape,1,NA,NA,contig_sd,contig_sd,0.33265963728999287,NA
90,random_90,random,landscape,1,NA,NA,contig_sd,contig_sd,0.1105321684256018,NA
91,clustered_91_rot72,clustered,landscape,1,NA,NA,contig_sd,contig_sd,0.3925761639941529,NA
92,random_92,random,landscape,1,NA,NA,contig_sd,contig_sd,0.1518150537643131,NA
93,clustered_93_rot150,clustered,landscape,1,NA,NA,contig_sd,contig_sd,0.16829594578618248,NA
94,random_94,random,landscape,1,NA,NA,contig_sd,contig_sd,0.16630531174471178,NA
95,labyrinth_95,labyrinth,landscape,1,NA,NA,contig_sd,contig_sd,0.21745591047817409,NA
96,labyrinth_96,labyrinth,landscape,1,NA,NA,contig_sd,contig_sd,0.25974954558667634,NA
97,clustered_97_rot105,clustered,landscape,1,NA,NA,contig_sd,contig_sd,0.3699968293806931,NA
98,labyrinth_98,labyrinth,landscape,1,NA,NA,contig_sd,contig_sd,0.257775082056608,NA
99,labyrinth_99,labyrinth,landscape,1,NA,NA,contig_sd,contig_sd,0.2694960524462702,NA
100,clustered_100_rot83,clustered,landscape,1,NA,NA,contig_sd,contig_sd,0.33571288652713505,NA
1,random_1,random,landscape,1,NA,NA,core_cv,core_cv,2594.7259192789857,NA
2,random_2,random,landscape,1,NA,NA,core_cv,core_cv,2624.0723334138993,NA
3,clustered_3_rot150,clustered,landscape,1,NA,NA,core_cv,core_cv,270.8876534473432,NA
4,random_4,random,landscape,1,NA,NA,core_cv,core_cv,644.1998303965369,NA
5,clustered_5_rot91,clustered,landscape,1,NA,NA,core_cv,core_cv,463.7419717156117,NA
6,labyrinth_6,labyrinth,landscape,1,NA,NA,core_cv,core_cv,442.292802364013,NA
7,clustered_7_rot125,clustered,landscape,1,NA,NA,core_cv,core_cv,309.3516841353714,NA
8,labyrinth_8,labyrinth,landscape,1,NA,NA,core_cv,core_cv,497.05070588433944,NA
9,clustered_9_rot272,clustered,landscape,1,NA,NA,core_cv,core_cv,520.7182088975759,NA
10,random_10,random,landscape,1,NA,NA,core_cv,core_cv,917.2441049813989,NA
11,labyrinth_11,labyrinth,landscape,1,NA,NA,core_cv,core_cv,439.27240334832095,NA
12,clustered_12_rot17,clustered,landscape,1,NA,NA,core_cv,core_cv,469.7095887456685,NA
13,clustered_13_rot286,clustered,landscape,1,NA,NA,core_cv,core_cv,303.73488801583227,NA
14,random_14,random,landscape,1,NA,NA,core_cv,core_cv,1643.4244154134813,NA
15,random_15,random,landscape,1,NA,NA,core_cv,core_cv,1713.6346811899343,NA
16,labyrinth_16,labyrinth,landscape,1,NA,NA,core_cv,core_cv,605.1115027547938,NA
17,random_17,random,landscape,1,NA,NA,core_cv,core_cv,2010.3002497049483,NA
18,labyrinth_18,labyrinth,landscape,1,NA,NA,core_cv,core_cv,524.0433975076356,NA
19,clustered_19_rot254,clustered,landscape,1,NA,NA,core_cv,core_cv,220.90320426106578,NA
20,random_20,random,landscape,1,NA,NA,core_cv,core_cv,2720.294101747089,NA
21,clustered_21_rot190,clustered,landscape,1,NA,NA,core_cv,core_cv,363.6369434416891,NA
22,clustered_22_rot218,clustered,landscape,1,NA,NA,core_cv,core_cv,228.94548621591161,NA
23,clustered_23_rot3,clustered,landscape,1,NA,NA,core_cv,core_cv,874.0198726873397,NA
24,clustered_24_rot31,clustered,landscape,1,NA,NA,core_cv,core_cv,250.87070781295373,NA
25,random_25,random,landscape,1,NA,NA,core_cv,core_cv,2417.173967531961,NA
26,random_26,random,landscape,1,NA,NA,core_cv,core_cv,2580.6549752797473,NA
27,labyrinth_27,labyrinth,landscape,1,NA,NA,core_cv,core_cv,562.0355443087755,NA
28,clustered_28_rot276,clustered,landscape,1,NA,NA,core_cv,core_cv,379.6424957362424,NA
29,clustered_29_rot188,clustered,landscape,1,NA,NA,core_cv,core_cv,392.5267820796656,NA
30,clustered_30_rot52,clustered,landscape,1,NA,NA,core_cv,core_cv,200.73970926423112,NA
31,random_31,random,landscape,1,NA,NA,core_cv,core_cv,2649.0232045659163,NA
32,random_32,random,landscape,1,NA,NA,core_cv,core_cv,915.6571950249183,NA
33,labyrinth_33,labyrinth,landscape,1,NA,NA,core_cv,core_cv,490.40583538604466,NA
34,labyrinth_34,labyrinth,landscape,1,NA,NA,core_cv,core_cv,476.94382236034124,NA
35,clustered_35_rot173,clustered,landscape,1,NA,NA,core_cv,core_cv,366.34290358387256,NA
36,labyrinth_36,labyrinth,landscape,1,NA,NA,core_cv,core_cv,465.9094823167776,NA
37,labyrinth_37,labyrinth,landscape,1,NA,NA,core_cv,core_cv,512.7395410132389,NA
38,labyrinth_38,labyrinth,landscape,1,NA,NA,core_cv,core_cv,570.8121464392254,NA
39,labyrinth_39,labyrinth,landscape,1,NA,NA,core_cv,core_cv,445.30031598003916,NA
40,clustered_40_rot22,clustered,landscape,1,NA,NA,core_cv,core_cv,310.34224542507684,NA
41,random_41,random,landscape,1,NA,NA,core_cv,core_cv,2658.598941014506,NA
42,clustered_42_rot150,clustered,landscape,1,NA,NA,core_cv,core_cv,780.7826301107459,NA
43,labyrinth_43,labyrinth,landscape,1,NA,NA,core_cv,core_cv,461.4715524264338,NA
44,labyrinth_44,labyrinth,landscape,1,NA,NA,core_cv,core_cv,521.4756078002445,NA
45,clustered_45_rot177,clustered,landscape,1,NA,NA,core_cv,core_cv,273.25274487355045,NA
46,random_46,random,landscape,1,NA,NA,core_cv,core_cv,2416.196734666701,NA
47,random_47,random,landscape,1,NA,NA,core_cv,core_cv,2579.237002885716,NA
48,labyrinth_48,labyrinth,landscape,1,NA,NA,core_cv,core_cv,460.24012333055583,NA
49,labyrinth_49,labyrinth,landscape,1,NA,NA,core_cv,core_cv,756.8143183794338,NA
50,random_50,random,landscape,1,NA,NA,core_cv,core_cv,690.9287044672707,NA
51,random_51,random,landscape,1,NA,NA,core_cv,core_cv,2655.183609470351,NA
52,random_52,random,landscape,1,NA,NA,core_cv,core_cv,2548.853915774355,NA
53,labyrinth_53,labyrinth,landscape,1,NA,NA,core_cv,core_cv,573.9862918515649,NA
54,labyrinth_54,labyrinth,landscape,1,NA,NA,core_cv,core_cv,465.8978437009683,NA
55,random_55,random,landscape,1,NA,NA,core_cv,core_cv,2132.7771253022083,NA
56,labyrinth_56,labyrinth,landscape,1,NA,NA,core_cv,core_cv,500.8886424629125,NA
57,random_57,random,landscape,1,NA,NA,core_cv,core_cv,1371.432262316293,NA
58,random_58,random,landscape,1,NA,NA,core_cv,core_cv,2692.5326388226113,NA
59,labyrinth_59,labyrinth,landscape,1,NA,NA,core_cv,core_cv,421.7019811432002,NA
60,clustered_60_rot335,clustered,landscape,1,NA,NA,core_cv,core_cv,525.0073844121467,NA
61,clustered_61_rot151,clustered,landscape,1,NA,NA,core_cv,core_cv,701.1423528401154,NA
62,clustered_62_rot88,clustered,landscape,1,NA,NA,core_cv,core_cv,272.92304662540687,NA
63,random_63,random,landscape,1,NA,NA,core_cv,core_cv,2622.8943989891072,NA
64,labyrinth_64,labyrinth,landscape,1,NA,NA,core_cv,core_cv,587.0756008001775,NA
65,random_65,random,landscape,1,NA,NA,core_cv,core_cv,2708.5428353651905,NA
66,clustered_66_rot224,clustered,landscape,1,NA,NA,core_cv,core_cv,466.9466010589881,NA
67,labyrinth_67,labyrinth,landscape,1,NA,NA,core_cv,core_cv,492.02985080326897,NA
68,labyrinth_68,labyrinth,landscape,1,NA,NA,core_cv,core_cv,530.5440065252787,NA
69,clustered_69_rot78,clustered,landscape,1,NA,NA,core_cv,core_cv,262.8198801498488,NA
70,clustered_70_rot170,clustered,landscape,1,NA,NA,core_cv,core_cv,212.06774553243298,NA
71,labyrinth_71,labyrinth,landscape,1,NA,NA,core_cv,core_cv,386.8321145045419,NA
72,random_72,random,landscape,1,NA,NA,core_cv,core_cv,787.9678675001065,NA
73,clustered_73_rot156,clustered,landscape,1,NA,NA,core_cv,core_cv,639.9703188225119,NA
74,clustered_74_rot348,clustered,landscape,1,NA,NA,core_cv,core_cv,663.9813333542623,NA
75,random_75,random,landscape,1,NA,NA,core_cv,core_cv,2734.2112324577874,NA
76,random_76,random,landscape,1,NA,NA,core_cv,core_cv,2117.1020004919255,NA
77,labyrinth_77,labyrinth,landscape,1,NA,NA,core_cv,core_cv,529.2048777794504,NA
78,random_78,random,landscape,1,NA,NA,core_cv,core_cv,627.8291367959714,NA
79,clustered_79_rot79,clustered,landscape,1,NA,NA,core_cv,core_cv,301.19076446819963,NA
80,labyrinth_80,labyrinth,landscape,1,NA,NA,core_cv,core_cv,612.124960027109,NA
81,random_81,random,landscape,1,NA,NA,core_cv,core_cv,991.39598050377,NA
82,clustered_82_rot20,clustered,landscape,1,NA,NA,core_cv,core_cv,331.3628045507104,NA
83,random_83,random,landscape,1,NA,NA,core_cv,core_cv,788.4001211335645,NA
84,random_84,random,landscape,1,NA,NA,core_cv,core_cv,679.9133191760343,NA
85,labyrinth_85,labyrinth,landscape,1,NA,NA,core_cv,core_cv,683.3761122487497,NA
86,clustered_86_rot6,clustered,landscape,1,NA,NA,core_cv,core_cv,311.90400386809875,NA
87,labyrinth_87,labyrinth,landscape,1,NA,NA,core_cv,core_cv,603.0774619413108,NA
88,labyrinth_88,labyrinth,landscape,1,NA,NA,core_cv,core_cv,538.510959627727,NA
89,labyrinth_89,labyrinth,landscape,1,NA,NA,core_cv,core_cv,477.55763622348184,NA
90,random_90,random,landscape,1,NA,NA,core_cv,core_cv,2747.7263328068175,NA
91,clustered_91_rot72,clustered,landscape,1,NA,NA,core_cv,core_cv,287.2767459958444,NA
92,random_92,random,landscape,1,NA,NA,core_cv,core_cv,2021.8983102499599,NA
93,clustered_93_rot150,clustered,landscape,1,NA,NA,core_cv,core_cv,829.4165318202525,NA
94,random_94,random,landscape,1,NA,NA,core_cv,core_cv,1041.1068848711795,NA
95,labyrinth_95,labyrinth,landscape,1,NA,NA,core_cv,core_cv,684.3804480789089,NA
96,labyrinth_96,labyrinth,landscape,1,NA,NA,core_cv,core_cv,568.7841053854959,NA
97,clustered_97_rot105,clustered,landscape,1,NA,NA,core_cv,core_cv,324.9227013366436,NA
98,labyrinth_98,labyrinth,landscape,1,NA,NA,core_cv,core_cv,486.2089058272106,NA
99,labyrinth_99,labyrinth,landscape,1,NA,NA,core_cv,core_cv,574.1958258379594,NA
100,clustered_100_rot83,clustered,landscape,1,NA,NA,core_cv,core_cv,284.8937757868007,NA
1,random_1,random,landscape,1,NA,NA,core_mn,core_mn,3.742983751846381e-4,NA
2,random_2,random,landscape,1,NA,NA,core_mn,core_mn,3.315561959654178e-4,NA
3,clustered_3_rot150,clustered,landscape,1,NA,NA,core_mn,core_mn,0.05658125,NA
4,random_4,random,landscape,1,NA,NA,core_mn,core_mn,7.416666666666667e-4,NA
5,clustered_5_rot91,clustered,landscape,1,NA,NA,core_mn,core_mn,0.016871428571428572,NA
6,labyrinth_6,labyrinth,landscape,1,NA,NA,core_mn,core_mn,0.015986538461538462,NA
7,clustered_7_rot125,clustered,landscape,1,NA,NA,core_mn,core_mn,0.044109999999999996,NA
8,labyrinth_8,labyrinth,landscape,1,NA,NA,core_mn,core_mn,0.011572857142857143,NA
9,clustered_9_rot272,clustered,landscape,1,NA,NA,core_mn,core_mn,0.015035714285714286,NA
10,random_10,random,landscape,1,NA,NA,core_mn,core_mn,4.7969924812030077e-4,NA
11,labyrinth_11,labyrinth,landscape,1,NA,NA,core_mn,core_mn,0.018117021276595743,NA
12,clustered_12_rot17,clustered,landscape,1,NA,NA,core_mn,core_mn,0.016332,NA
13,clustered_13_rot286,clustered,landscape,1,NA,NA,core_mn,core_mn,0.04448,NA
14,random_14,random,landscape,1,NA,NA,core_mn,core_mn,3.233009708737864e-4,NA
15,random_15,random,landscape,1,NA,NA,core_mn,core_mn,3.354354354354354e-4,NA
16,labyrinth_16,labyrinth,landscape,1,NA,NA,core_mn,core_mn,0.008949411764705883,NA
17,random_17,random,landscape,1,NA,NA,core_mn,core_mn,3.7624703087885987e-4,NA
18,labyrinth_18,labyrinth,landscape,1,NA,NA,core_mn,core_mn,0.014510169491525423,NA
19,clustered_19_rot254,clustered,landscape,1,NA,NA,core_mn,core_mn,0.0833,NA
20,random_20,random,landscape,1,NA,NA,core_mn,core_mn,6.445945945945946e-4,NA
21,clustered_21_rot190,clustered,landscape,1,NA,NA,core_mn,core_mn,0.03082857142857143,NA
22,clustered_22_rot218,clustered,landscape,1,NA,NA,core_mn,core_mn,0.08142727272727274,NA
23,clustered_23_rot3,clustered,landscape,1,NA,NA,core_mn,core_mn,0.007350943396226415,NA
24,clustered_24_rot31,clustered,landscape,1,NA,NA,core_mn,core_mn,0.06888461538461539,NA
25,random_25,random,landscape,1,NA,NA,core_mn,core_mn,3.859560067681895e-4,NA
26,random_26,random,landscape,1,NA,NA,core_mn,core_mn,3.9715994020926755e-4,NA
27,labyrinth_27,labyrinth,landscape,1,NA,NA,core_mn,core_mn,0.009451764705882352,NA
28,clustered_28_rot276,clustered,landscape,1,NA,NA,core_mn,core_mn,0.03382307692307692,NA
29,clustered_29_rot188,clustered,landscape,1,NA,NA,core_mn,core_mn,0.026381818181818183,NA
30,clustered_30_rot52,clustered,landscape,1,NA,NA,core_mn,core_mn,0.10187777777777778,NA
31,random_31,random,landscape,1,NA,NA,core_mn,core_mn,7.482905982905982e-4,NA
32,random_32,random,landscape,1,NA,NA,core_mn,core_mn,5.653225806451612e-4,NA
33,labyrinth_33,labyrinth,landscape,1,NA,NA,core_mn,core_mn,0.008778651685393258,NA
34,labyrinth_34,labyrinth,landscape,1,NA,NA,core_mn,core_mn,0.01282063492063492,NA
35,clustered_35_rot173,clustered,landscape,1,NA,NA,core_mn,core_mn,0.029727586206896552,NA
36,labyrinth_36,labyrinth,landscape,1,NA,NA,core_mn,core_mn,0.013507936507936509,NA
37,labyrinth_37,labyrinth,landscape,1,NA,NA,core_mn,core_mn,0.01153,NA
38,labyrinth_38,labyrinth,landscape,1,NA,NA,core_mn,core_mn,0.009345882352941176,NA
39,labyrinth_39,labyrinth,landscape,1,NA,NA,core_mn,core_mn,0.00983125,NA
40,clustered_40_rot22,clustered,landscape,1,NA,NA,core_mn,core_mn,0.044629999999999996,NA
41,random_41,random,landscape,1,NA,NA,core_mn,core_mn,3.7676056338028173e-4,NA
42,clustered_42_rot150,clustered,landscape,1,NA,NA,core_mn,core_mn,0.006793805309734513,NA
43,labyrinth_43,labyrinth,landscape,1,NA,NA,core_mn,core_mn,0.010516883116883117,NA
44,labyrinth_44,labyrinth,landscape,1,NA,NA,core_mn,core_mn,0.011828169014084507,NA
45,clustered_45_rot177,clustered,landscape,1,NA,NA,core_mn,core_mn,0.0556625,NA
46,random_46,random,landscape,1,NA,NA,core_mn,core_mn,3.328257191201354e-4,NA
47,random_47,random,landscape,1,NA,NA,core_mn,core_mn,3.549107142857143e-4,NA
48,labyrinth_48,labyrinth,landscape,1,NA,NA,core_mn,core_mn,0.00923734939759036,NA
49,labyrinth_49,labyrinth,landscape,1,NA,NA,core_mn,core_mn,0.0054844444444444446,NA
50,random_50,random,landscape,1,NA,NA,core_mn,core_mn,6.821052631578948e-4,NA
51,random_51,random,landscape,1,NA,NA,core_mn,core_mn,7.16595744680851e-4,NA
52,random_52,random,landscape,1,NA,NA,core_mn,core_mn,3.5987748851454824e-4,NA
53,labyrinth_53,labyrinth,landscape,1,NA,NA,core_mn,core_mn,0.00808041237113402,NA
54,labyrinth_54,labyrinth,landscape,1,NA,NA,core_mn,core_mn,0.011581159420289856,NA
55,random_55,random,landscape,1,NA,NA,core_mn,core_mn,3.2826552462526766e-4,NA
56,labyrinth_56,labyrinth,landscape,1,NA,NA,core_mn,core_mn,0.011243243243243243,NA
57,random_57,random,landscape,1,NA,NA,core_mn,core_mn,3.9267241379310346e-4,NA
58,random_58,random,landscape,1,NA,NA,core_mn,core_mn,3.9491059147180193e-4,NA
59,labyrinth_59,labyrinth,landscape,1,NA,NA,core_mn,core_mn,0.019695238095238096,NA
60,clustered_60_rot335,clustered,landscape,1,NA,NA,core_mn,core_mn,0.013994915254237288,NA
61,clustered_61_rot151,clustered,landscape,1,NA,NA,core_mn,core_mn,0.008903296703296704,NA
62,clustered_62_rot88,clustered,landscape,1,NA,NA,core_mn,core_mn,0.05635,NA
63,random_63,random,landscape,1,NA,NA,core_mn,core_mn,3.4624277456647397e-4,NA
64,labyrinth_64,labyrinth,landscape,1,NA,NA,core_mn,core_mn,0.010016455696202532,NA
65,random_65,random,landscape,1,NA,NA,core_mn,core_mn,4.3523809523809525e-4,NA
66,clustered_66_rot224,clustered,landscape,1,NA,NA,core_mn,core_mn,0.0173625,NA
67,labyrinth_67,labyrinth,landscape,1,NA,NA,core_mn,core_mn,0.013201538461538462,NA
68,labyrinth_68,labyrinth,landscape,1,NA,NA,core_mn,core_mn,0.009352325581395348,NA
69,clustered_69_rot78,clustered,landscape,1,NA,NA,core_mn,core_mn,0.06417142857142857,NA
70,clustered_70_rot170,clustered,landscape,1,NA,NA,core_mn,core_mn,0.09149,NA
71,labyrinth_71,labyrinth,landscape,1,NA,NA,core_mn,core_mn,0.016954901960784315,NA
72,random_72,random,landscape,1,NA,NA,core_mn,core_mn,5.451327433628318e-4,NA
73,clustered_73_rot156,clustered,landscape,1,NA,NA,core_mn,core_mn,0.0130984126984127,NA
74,clustered_74_rot348,clustered,landscape,1,NA,NA,core_mn,core_mn,0.012633846153846155,NA
75,random_75,random,landscape,1,NA,NA,core_mn,core_mn,4.261682242990654e-4,NA
76,random_76,random,landscape,1,NA,NA,core_mn,core_mn,3.1757322175732217e-4,NA
77,labyrinth_77,labyrinth,landscape,1,NA,NA,core_mn,core_mn,0.005974590163934426,NA
78,random_78,random,landscape,1,NA,NA,core_mn,core_mn,7.390243902439024e-4,NA
79,clustered_79_rot79,clustered,landscape,1,NA,NA,core_mn,core_mn,0.044225,NA
80,labyrinth_80,labyrinth,landscape,1,NA,NA,core_mn,core_mn,0.012041176470588236,NA
81,random_81,random,landscape,1,NA,NA,core_mn,core_mn,4.655405405405405e-4,NA
82,clustered_82_rot20,clustered,landscape,1,NA,NA,core_mn,core_mn,0.04208095238095238,NA
83,random_83,random,landscape,1,NA,NA,core_mn,core_mn,5.486725663716814e-4,NA
84,random_84,random,landscape,1,NA,NA,core_mn,core_mn,6.553191489361703e-4,NA
85,labyrinth_85,labyrinth,landscape,1,NA,NA,core_mn,core_mn,0.007359,NA
86,clustered_86_rot6,clustered,landscape,1,NA,NA,core_mn,core_mn,0.04263809523809524,NA
87,labyrinth_87,labyrinth,landscape,1,NA,NA,core_mn,core_mn,0.0082,NA
88,labyrinth_88,labyrinth,landscape,1,NA,NA,core_mn,core_mn,0.010415384615384616,NA
89,labyrinth_89,labyrinth,landscape,1,NA,NA,core_mn,core_mn,0.014072413793103448,NA
90,random_90,random,landscape,1,NA,NA,core_mn,core_mn,4.8596026490066224e-4,NA
91,clustered_91_rot72,clustered,landscape,1,NA,NA,core_mn,core_mn,0.049027777777777774,NA
92,random_92,random,landscape,1,NA,NA,core_mn,core_mn,3.594847775175644e-4,NA
93,clustered_93_rot150,clustered,landscape,1,NA,NA,core_mn,core_mn,0.005648461538461538,NA
94,random_94,random,landscape,1,NA,NA,core_mn,core_mn,5.401360544217687e-4,NA
95,labyrinth_95,labyrinth,landscape,1,NA,NA,core_mn,core_mn,0.006683636363636364,NA
96,labyrinth_96,labyrinth,landscape,1,NA,NA,core_mn,core_mn,0.012064705882352941,NA
97,clustered_97_rot105,clustered,landscape,1,NA,NA,core_mn,core_mn,0.044860000000000004,NA
98,labyrinth_98,labyrinth,landscape,1,NA,NA,core_mn,core_mn,0.012131884057971014,NA
99,labyrinth_99,labyrinth,landscape,1,NA,NA,core_mn,core_mn,0.01440677966101695,NA
100,clustered_100_rot83,clustered,landscape,1,NA,NA,core_mn,core_mn,0.05615,NA
1,random_1,random,landscape,1,NA,NA,core_sd,core_sd,0.009712016956355908,NA
2,random_2,random,landscape,1,NA,NA,core_sd,core_sd,0.0087002744080481,NA
3,clustered_3_rot150,clustered,landscape,1,NA,NA,core_sd,core_sd,0.1532716204161749,NA
4,random_4,random,landscape,1,NA,NA,core_sd,core_sd,0.004777815408774316,NA
5,clustered_5_rot91,clustered,landscape,1,NA,NA,core_sd,core_sd,0.07823989551373392,NA
6,labyrinth_6,labyrinth,landscape,1,NA,NA,core_sd,core_sd,0.07070730896253924,NA
7,clustered_7_rot125,clustered,landscape,1,NA,NA,core_sd,core_sd,0.1364550278721123,NA
8,labyrinth_8,labyrinth,landscape,1,NA,NA,core_sd,core_sd,0.057522968119557635,NA
9,clustered_9_rot272,clustered,landscape,1,NA,NA,core_sd,core_sd,0.07829370212352837,NA
10,random_10,random,landscape,1,NA,NA,core_sd,core_sd,0.004400013075023553,NA
11,labyrinth_11,labyrinth,landscape,1,NA,NA,core_sd,core_sd,0.07958307477682877,NA
12,clustered_12_rot17,clustered,landscape,1,NA,NA,core_sd,core_sd,0.07671297003394258,NA
13,clustered_13_rot286,clustered,landscape,1,NA,NA,core_sd,core_sd,0.1351012781894422,NA
14,random_14,random,landscape,1,NA,NA,core_sd,core_sd,0.005313207090608634,NA
15,random_15,random,landscape,1,NA,NA,core_sd,core_sd,0.005748137954622092,NA
16,labyrinth_16,labyrinth,landscape,1,NA,NA,core_sd,core_sd,0.05415392001712608,NA
17,random_17,random,landscape,1,NA,NA,core_sd,core_sd,0.007563695001265174,NA
18,labyrinth_18,labyrinth,landscape,1,NA,NA,core_sd,core_sd,0.07603958518750624,NA
19,clustered_19_rot254,clustered,landscape,1,NA,NA,core_sd,core_sd,0.18401236914946778,NA
20,random_20,random,landscape,1,NA,NA,core_sd,core_sd,0.017534868736937315,NA
21,clustered_21_rot190,clustered,landscape,1,NA,NA,core_sd,core_sd,0.112104074849595,NA
22,clustered_22_rot218,clustered,landscape,1,NA,NA,core_sd,core_sd,0.18642406545781096,NA
23,clustered_23_rot3,clustered,landscape,1,NA,NA,core_sd,core_sd,0.06424870611301652,NA
24,clustered_24_rot31,clustered,landscape,1,NA,NA,core_sd,core_sd,0.17281132218961545,NA
25,random_25,random,landscape,1,NA,NA,core_sd,core_sd,0.00932922812172657,NA
26,random_26,random,landscape,1,NA,NA,core_sd,core_sd,0.010249327756828533,NA
27,labyrinth_27,labyrinth,landscape,1,NA,NA,core_sd,core_sd,0.053122277211490605,NA
28,clustered_28_rot276,clustered,landscape,1,NA,NA,core_sd,core_sd,0.12840677336555828,NA
29,clustered_29_rot188,clustered,landscape,1,NA,NA,core_sd,core_sd,0.10355570196319906,NA
30,clustered_30_rot52,clustered,landscape,1,NA,NA,core_sd,core_sd,0.20450915491597058,NA
31,random_31,random,landscape,1,NA,NA,core_sd,core_sd,0.019822391586303074,NA
32,random_32,random,landscape,1,NA,NA,core_sd,core_sd,0.005176416884777966,NA
33,labyrinth_33,labyrinth,landscape,1,NA,NA,core_sd,core_sd,0.0430510201333839,NA
34,labyrinth_34,labyrinth,landscape,1,NA,NA,core_sd,core_sd,0.06114722624134089,NA
35,clustered_35_rot173,clustered,landscape,1,NA,NA,core_sd,core_sd,0.10890490247574364,NA
36,labyrinth_36,labyrinth,landscape,1,NA,NA,core_sd,core_sd,0.06293475705580599,NA
37,labyrinth_37,labyrinth,landscape,1,NA,NA,core_sd,core_sd,0.059118869078826436,NA
38,labyrinth_38,labyrinth,landscape,1,NA,NA,core_sd,core_sd,0.05334743166250831,NA
39,labyrinth_39,labyrinth,landscape,1,NA,NA,core_sd,core_sd,0.04377858731478759,NA
40,clustered_40_rot22,clustered,landscape,1,NA,NA,core_sd,core_sd,0.1385057441332118,NA
41,random_41,random,landscape,1,NA,NA,core_sd,core_sd,0.010016552348188457,NA
42,clustered_42_rot150,clustered,landscape,1,NA,NA,core_sd,core_sd,0.05304485178194864,NA
43,labyrinth_43,labyrinth,landscape,1,NA,NA,core_sd,core_sd,0.04853242378635404,NA
44,labyrinth_44,labyrinth,landscape,1,NA,NA,core_sd,core_sd,0.06168101625783737,NA
45,clustered_45_rot177,clustered,landscape,1,NA,NA,core_sd,core_sd,0.15209930911524,NA
46,random_46,random,landscape,1,NA,NA,core_sd,core_sd,0.008041724157511677,NA
47,random_47,random,landscape,1,NA,NA,core_sd,core_sd,0.009153988470063143,NA
48,labyrinth_48,labyrinth,landscape,1,NA,NA,core_sd,core_sd,0.042513988259944235,NA
49,labyrinth_49,labyrinth,landscape,1,NA,NA,core_sd,core_sd,0.041507060839120945,NA
50,random_50,random,landscape,1,NA,NA,core_sd,core_sd,0.00471286105783991,NA
51,random_51,random,landscape,1,NA,NA,core_sd,core_sd,0.01902693275892796,NA
52,random_52,random,landscape,1,NA,NA,core_sd,core_sd,0.009172751457993468,NA
53,labyrinth_53,labyrinth,landscape,1,NA,NA,core_sd,core_sd,0.04638045933538727,NA
54,labyrinth_54,labyrinth,landscape,1,NA,NA,core_sd,core_sd,0.053956372014702,NA
55,random_55,random,landscape,1,NA,NA,core_sd,core_sd,0.007001172019460996,NA
56,labyrinth_56,labyrinth,landscape,1,NA,NA,core_sd,core_sd,0.05631612844988421,NA
57,random_57,random,landscape,1,NA,NA,core_sd,core_sd,0.005385236167974754,NA
58,random_58,random,landscape,1,NA,NA,core_sd,core_sd,0.010633096569545692,NA
59,labyrinth_59,labyrinth,landscape,1,NA,NA,core_sd,core_sd,0.08305520923848934,NA
60,clustered_60_rot335,clustered,landscape,1,NA,NA,core_sd,core_sd,0.07347433852696772,NA
61,clustered_61_rot151,clustered,landscape,1,NA,NA,core_sd,core_sd,0.06242478398583094,NA
62,clustered_62_rot88,clustered,landscape,1,NA,NA,core_sd,core_sd,0.15379213677341677,NA
63,random_63,random,landscape,1,NA,NA,core_sd,core_sd,0.009081582341008526,NA
64,labyrinth_64,labyrinth,landscape,1,NA,NA,core_sd,core_sd,0.05880416745736462,NA
65,random_65,random,landscape,1,NA,NA,core_sd,core_sd,0.011788610245351354,NA
66,clustered_66_rot224,clustered,landscape,1,NA,NA,core_sd,core_sd,0.0810736036088668,NA
67,labyrinth_67,labyrinth,landscape,1,NA,NA,core_sd,core_sd,0.06495550999604387,NA
68,labyrinth_68,labyrinth,landscape,1,NA,NA,core_sd,core_sd,0.04961820284282345,NA
69,clustered_69_rot78,clustered,landscape,1,NA,NA,core_sd,core_sd,0.1686552716618744,NA
70,clustered_70_rot170,clustered,landscape,1,NA,NA,core_sd,core_sd,0.19402078038762297,NA
71,labyrinth_71,labyrinth,landscape,1,NA,NA,core_sd,core_sd,0.06558700576707399,NA
72,random_72,random,landscape,1,NA,NA,core_sd,core_sd,0.004295470852920934,NA
73,clustered_73_rot156,clustered,landscape,1,NA,NA,core_sd,core_sd,0.08382595350672013,NA
74,clustered_74_rot348,clustered,landscape,1,NA,NA,core_sd,core_sd,0.08388638014623388,NA
75,random_75,random,landscape,1,NA,NA,core_sd,core_sd,0.011652339457950944,NA
76,random_76,random,landscape,1,NA,NA,core_sd,core_sd,0.006723349030850927,NA
77,labyrinth_77,labyrinth,landscape,1,NA,NA,core_sd,core_sd,0.031617822574872244,NA
78,random_78,random,landscape,1,NA,NA,core_sd,core_sd,0.004639810449979983,NA
79,clustered_79_rot79,clustered,landscape,1,NA,NA,core_sd,core_sd,0.13320161558606128,NA
80,labyrinth_80,labyrinth,landscape,1,NA,NA,core_sd,core_sd,0.07370704665738188,NA
81,random_81,random,landscape,1,NA,NA,core_sd,core_sd,0.004615350206534443,NA
82,clustered_82_rot20,clustered,landscape,1,NA,NA,core_sd,core_sd,0.13944062399117274,NA
83,random_83,random,landscape,1,NA,NA,core_sd,core_sd,0.004325735177900973,NA
84,random_84,random,landscape,1,NA,NA,core_sd,core_sd,0.004455602176728055,NA
85,labyrinth_85,labyrinth,landscape,1,NA,NA,core_sd,core_sd,0.05028964810038549,NA
86,clustered_86_rot6,clustered,landscape,1,NA,NA,core_sd,core_sd,0.1329899262207122,NA
87,labyrinth_87,labyrinth,landscape,1,NA,NA,core_sd,core_sd,0.04945235187918749,NA
88,labyrinth_88,labyrinth,landscape,1,NA,NA,core_sd,core_sd,0.056087987641226335,NA
89,labyrinth_89,labyrinth,landscape,1,NA,NA,core_sd,core_sd,0.06720388666993204,NA
90,random_90,random,landscape,1,NA,NA,core_sd,core_sd,0.013352858165653262,NA
91,clustered_91_rot72,clustered,landscape,1,NA,NA,core_sd,core_sd,0.1408454046340737,NA
92,random_92,random,landscape,1,NA,NA,core_sd,core_sd,0.007268416642233463,NA
93,clustered_93_rot150,clustered,landscape,1,NA,NA,core_sd,core_sd,0.04684927379350857,NA
94,random_94,random,landscape,1,NA,NA,core_sd,core_sd,0.005623393650256575,NA
95,labyrinth_95,labyrinth,landscape,1,NA,NA,core_sd,core_sd,0.04574150049341944,NA
96,labyrinth_96,labyrinth,landscape,1,NA,NA,core_sd,core_sd,0.06862212942033247,NA
97,clustered_97_rot105,clustered,landscape,1,NA,NA,core_sd,core_sd,0.14576032381961834,NA
98,labyrinth_98,labyrinth,landscape,1,NA,NA,core_sd,core_sd,0.05898630073448666,NA
99,labyrinth_99,labyrinth,landscape,1,NA,NA,core_sd,core_sd,0.08272312745123145,NA
100,clustered_100_rot83,clustered,landscape,1,NA,NA,core_sd,core_sd,0.15996785510428857,NA
1,random_1,random,landscape,1,NA,NA,dcad,dcad,29600,NA
2,random_2,random,landscape,1,NA,NA,dcad,dcad,33700,NA
3,clustered_3_rot150,clustered,landscape,1,NA,NA,dcad,dcad,1000,NA
4,random_4,random,landscape,1,NA,NA,dcad,dcad,38200,NA
5,clustered_5_rot91,clustered,landscape,1,NA,NA,dcad,dcad,2000,NA
6,labyrinth_6,labyrinth,landscape,1,NA,NA,dcad,dcad,1300,NA
7,clustered_7_rot125,clustered,landscape,1,NA,NA,dcad,dcad,1700,NA
8,labyrinth_8,labyrinth,landscape,1,NA,NA,dcad,dcad,2900,NA
9,clustered_9_rot272,clustered,landscape,1,NA,NA,dcad,dcad,1800,NA
10,random_10,random,landscape,1,NA,NA,dcad,dcad,37800,NA
11,labyrinth_11,labyrinth,landscape,1,NA,NA,dcad,dcad,1000,NA
12,clustered_12_rot17,clustered,landscape,1,NA,NA,dcad,dcad,2700,NA
13,clustered_13_rot286,clustered,landscape,1,NA,NA,dcad,dcad,1800,NA
14,random_14,random,landscape,1,NA,NA,dcad,dcad,38600,NA
15,random_15,random,landscape,1,NA,NA,dcad,dcad,39400,NA
16,labyrinth_16,labyrinth,landscape,1,NA,NA,dcad,dcad,2900,NA
17,random_17,random,landscape,1,NA,NA,dcad,dcad,39000,NA
18,labyrinth_18,labyrinth,landscape,1,NA,NA,dcad,dcad,1900,NA
19,clustered_19_rot254,clustered,landscape,1,NA,NA,dcad,dcad,900,NA
20,random_20,random,landscape,1,NA,NA,dcad,dcad,6000,NA
21,clustered_21_rot190,clustered,landscape,1,NA,NA,dcad,dcad,1900,NA
22,clustered_22_rot218,clustered,landscape,1,NA,NA,dcad,dcad,1500,NA
23,clustered_23_rot3,clustered,landscape,1,NA,NA,dcad,dcad,3700,NA
24,clustered_24_rot31,clustered,landscape,1,NA,NA,dcad,dcad,1400,NA
25,random_25,random,landscape,1,NA,NA,dcad,dcad,33500,NA
26,random_26,random,landscape,1,NA,NA,dcad,dcad,29000,NA
27,labyrinth_27,labyrinth,landscape,1,NA,NA,dcad,dcad,2500,NA
28,clustered_28_rot276,clustered,landscape,1,NA,NA,dcad,dcad,1400,NA
29,clustered_29_rot188,clustered,landscape,1,NA,NA,dcad,dcad,1100,NA
30,clustered_30_rot52,clustered,landscape,1,NA,NA,dcad,dcad,1000,NA
31,random_31,random,landscape,1,NA,NA,dcad,dcad,3300,NA
32,random_32,random,landscape,1,NA,NA,dcad,dcad,37900,NA
33,labyrinth_33,labyrinth,landscape,1,NA,NA,dcad,dcad,2300,NA
34,labyrinth_34,labyrinth,landscape,1,NA,NA,dcad,dcad,2000,NA
35,clustered_35_rot173,clustered,landscape,1,NA,NA,dcad,dcad,2000,NA
36,labyrinth_36,labyrinth,landscape,1,NA,NA,dcad,dcad,1300,NA
37,labyrinth_37,labyrinth,landscape,1,NA,NA,dcad,dcad,2800,NA
38,labyrinth_38,labyrinth,landscape,1,NA,NA,dcad,dcad,2800,NA
39,labyrinth_39,labyrinth,landscape,1,NA,NA,dcad,dcad,2600,NA
40,clustered_40_rot22,clustered,landscape,1,NA,NA,dcad,dcad,1600,NA
41,random_41,random,landscape,1,NA,NA,dcad,dcad,26800,NA
42,clustered_42_rot150,clustered,landscape,1,NA,NA,dcad,dcad,5200,NA
43,labyrinth_43,labyrinth,landscape,1,NA,NA,dcad,dcad,1500,NA
44,labyrinth_44,labyrinth,landscape,1,NA,NA,dcad,dcad,1600,NA
45,clustered_45_rot177,clustered,landscape,1,NA,NA,dcad,dcad,1400,NA
46,random_46,random,landscape,1,NA,NA,dcad,dcad,37700,NA
47,random_47,random,landscape,1,NA,NA,dcad,dcad,31900,NA
48,labyrinth_48,labyrinth,landscape,1,NA,NA,dcad,dcad,3800,NA
49,labyrinth_49,labyrinth,landscape,1,NA,NA,dcad,dcad,4500,NA
50,random_50,random,landscape,1,NA,NA,dcad,dcad,38900,NA
51,random_51,random,landscape,1,NA,NA,dcad,dcad,3300,NA
52,random_52,random,landscape,1,NA,NA,dcad,dcad,32100,NA
53,labyrinth_53,labyrinth,landscape,1,NA,NA,dcad,dcad,2099.9999999999995,NA
54,labyrinth_54,labyrinth,landscape,1,NA,NA,dcad,dcad,2200,NA
55,random_55,random,landscape,1,NA,NA,dcad,dcad,38000,NA
56,labyrinth_56,labyrinth,landscape,1,NA,NA,dcad,dcad,2200,NA
57,random_57,random,landscape,1,NA,NA,dcad,dcad,42400,NA
58,random_58,random,landscape,1,NA,NA,dcad,dcad,24200,NA
59,labyrinth_59,labyrinth,landscape,1,NA,NA,dcad,dcad,1700,NA
60,clustered_60_rot335,clustered,landscape,1,NA,NA,dcad,dcad,3099.999999999999,NA
61,clustered_61_rot151,clustered,landscape,1,NA,NA,dcad,dcad,3600,NA
62,clustered_62_rot88,clustered,landscape,1,NA,NA,dcad,dcad,1100,NA
63,random_63,random,landscape,1,NA,NA,dcad,dcad,30900,NA
64,labyrinth_64,labyrinth,landscape,1,NA,NA,dcad,dcad,2600,NA
65,random_65,random,landscape,1,NA,NA,dcad,dcad,21300,NA
66,clustered_66_rot224,clustered,landscape,1,NA,NA,dcad,dcad,2100,NA
67,labyrinth_67,labyrinth,landscape,1,NA,NA,dcad,dcad,2300,NA
68,labyrinth_68,labyrinth,landscape,1,NA,NA,dcad,dcad,3000,NA
69,clustered_69_rot78,clustered,landscape,1,NA,NA,dcad,dcad,1000,NA
70,clustered_70_rot170,clustered,landscape,1,NA,NA,dcad,dcad,1300,NA
71,labyrinth_71,labyrinth,landscape,1,NA,NA,dcad,dcad,1100,NA
72,random_72,random,landscape,1,NA,NA,dcad,dcad,38100,NA
73,clustered_73_rot156,clustered,landscape,1,NA,NA,dcad,dcad,4000,NA
74,clustered_74_rot348,clustered,landscape,1,NA,NA,dcad,dcad,3400,NA
75,random_75,random,landscape,1,NA,NA,dcad,dcad,19400,NA
76,random_76,random,landscape,1,NA,NA,dcad,dcad,41700,NA
77,labyrinth_77,labyrinth,landscape,1,NA,NA,dcad,dcad,3600,NA
78,random_78,random,landscape,1,NA,NA,dcad,dcad,36800,NA
79,clustered_79_rot79,clustered,landscape,1,NA,NA,dcad,dcad,1600,NA
80,labyrinth_80,labyrinth,landscape,1,NA,NA,dcad,dcad,1200,NA
81,random_81,random,landscape,1,NA,NA,dcad,dcad,39000,NA
82,clustered_82_rot20,clustered,landscape,1,NA,NA,dcad,dcad,1300,NA
83,random_83,random,landscape,1,NA,NA,dcad,dcad,36200,NA
84,random_84,random,landscape,1,NA,NA,dcad,dcad,38200,NA
85,labyrinth_85,labyrinth,landscape,1,NA,NA,dcad,dcad,3400,NA
86,clustered_86_rot6,clustered,landscape,1,NA,NA,dcad,dcad,1300,NA
87,labyrinth_87,labyrinth,landscape,1,NA,NA,dcad,dcad,2500,NA
88,labyrinth_88,labyrinth,landscape,1,NA,NA,dcad,dcad,1900,NA
89,labyrinth_89,labyrinth,landscape,1,NA,NA,dcad,dcad,1700,NA
90,random_90,random,landscape,1,NA,NA,dcad,dcad,14700,NA
91,clustered_91_rot72,clustered,landscape,1,NA,NA,dcad,dcad,1400,NA
92,random_92,random,landscape,1,NA,NA,dcad,dcad,38800,NA
93,clustered_93_rot150,clustered,landscape,1,NA,NA,dcad,dcad,6800,NA
94,random_94,random,landscape,1,NA,NA,dcad,dcad,38500,NA
95,labyrinth_95,labyrinth,landscape,1,NA,NA,dcad,dcad,4700,NA
96,labyrinth_96,labyrinth,landscape,1,NA,NA,dcad,dcad,2400,NA
97,clustered_97_rot105,clustered,landscape,1,NA,NA,dcad,dcad,900,NA
98,labyrinth_98,labyrinth,landscape,1,NA,NA,dcad,dcad,2100,NA
99,labyrinth_99,labyrinth,landscape,1,NA,NA,dcad,dcad,1100,NA
100,clustered_100_rot83,clustered,landscape,1,NA,NA,dcad,dcad,1400,NA
1,random_1,random,landscape,1,NA,NA,dcore_cv,dcore_cv,2540.435367369577,NA
2,random_2,random,landscape,1,NA,NA,dcore_cv,dcore_cv,2579.670979710614,NA
3,clustered_3_rot150,clustered,landscape,1,NA,NA,dcore_cv,dcore_cv,115.00724614852173,NA
4,random_4,random,landscape,1,NA,NA,dcore_cv,dcore_cv,644.167222534172,NA
5,clustered_5_rot91,clustered,landscape,1,NA,NA,dcore_cv,dcore_cv,342.55626058600456,NA
6,labyrinth_6,labyrinth,landscape,1,NA,NA,dcore_cv,dcore_cv,353.13720046596785,NA
7,clustered_7_rot125,clustered,landscape,1,NA,NA,dcore_cv,dcore_cv,153.98547968829783,NA
8,labyrinth_8,labyrinth,landscape,1,NA,NA,dcore_cv,dcore_cv,294.89267805086155,NA
9,clustered_9_rot272,clustered,landscape,1,NA,NA,dcore_cv,dcore_cv,496.7413452545473,NA
10,random_10,random,landscape,1,NA,NA,dcore_cv,dcore_cv,881.4918559406095,NA
11,labyrinth_11,labyrinth,landscape,1,NA,NA,dcore_cv,dcore_cv,324.09070120676967,NA
12,clustered_12_rot17,clustered,landscape,1,NA,NA,dcore_cv,dcore_cv,345.3571730014227,NA
13,clustered_13_rot286,clustered,landscape,1,NA,NA,dcore_cv,dcore_cv,172.50966391929774,NA
14,random_14,random,landscape,1,NA,NA,dcore_cv,dcore_cv,1544.2651615775894,NA
15,random_15,random,landscape,1,NA,NA,dcore_cv,dcore_cv,1565.9081726881866,NA
16,labyrinth_16,labyrinth,landscape,1,NA,NA,dcore_cv,dcore_cv,249.99009096493796,NA
17,random_17,random,landscape,1,NA,NA,dcore_cv,dcore_cv,1899.2074240945253,NA
18,labyrinth_18,labyrinth,landscape,1,NA,NA,dcore_cv,dcore_cv,328.43117393310933,NA
19,clustered_19_rot254,clustered,landscape,1,NA,NA,dcore_cv,dcore_cv,49.44132324730441,NA
20,random_20,random,landscape,1,NA,NA,dcore_cv,dcore_cv,2720.2941017470885,NA
21,clustered_21_rot190,clustered,landscape,1,NA,NA,dcore_cv,dcore_cv,219.8799303002568,NA
22,clustered_22_rot218,clustered,landscape,1,NA,NA,dcore_cv,dcore_cv,99.86657765906136,NA
23,clustered_23_rot3,clustered,landscape,1,NA,NA,dcore_cv,dcore_cv,557.8241944596781,NA
24,clustered_24_rot31,clustered,landscape,1,NA,NA,dcore_cv,dcore_cv,88.59254740542409,NA
25,random_25,random,landscape,1,NA,NA,dcore_cv,dcore_cv,2343.9514902731407,NA
26,random_26,random,landscape,1,NA,NA,dcore_cv,dcore_cv,2533.0029659204665,NA
27,labyrinth_27,labyrinth,landscape,1,NA,NA,dcore_cv,dcore_cv,419.12607490666414,NA
28,clustered_28_rot276,clustered,landscape,1,NA,NA,dcore_cv,dcore_cv,236.26342959346314,NA
29,clustered_29_rot188,clustered,landscape,1,NA,NA,dcore_cv,dcore_cv,256.17376914898995,NA
30,clustered_30_rot52,clustered,landscape,1,NA,NA,dcore_cv,dcore_cv,54.08326913195983,NA
31,random_31,random,landscape,1,NA,NA,dcore_cv,dcore_cv,2570.3792488714516,NA
32,random_32,random,landscape,1,NA,NA,dcore_cv,dcore_cv,848.3577095819142,NA
33,labyrinth_33,labyrinth,landscape,1,NA,NA,dcore_cv,dcore_cv,414.66967165087254,NA
34,labyrinth_34,labyrinth,landscape,1,NA,NA,dcore_cv,dcore_cv,391.2541868270261,NA
35,clustered_35_rot173,clustered,landscape,1,NA,NA,dcore_cv,dcore_cv,205.43942450965233,NA
36,labyrinth_36,labyrinth,landscape,1,NA,NA,dcore_cv,dcore_cv,360.54453948873515,NA
37,labyrinth_37,labyrinth,landscape,1,NA,NA,dcore_cv,dcore_cv,349.4301779688788,NA
38,labyrinth_38,labyrinth,landscape,1,NA,NA,dcore_cv,dcore_cv,476.29038067651095,NA
39,labyrinth_39,labyrinth,landscape,1,NA,NA,dcore_cv,dcore_cv,312.61878874776784,NA
40,clustered_40_rot22,clustered,landscape,1,NA,NA,dcore_cv,dcore_cv,125.65617248750864,NA
41,random_41,random,landscape,1,NA,NA,dcore_cv,dcore_cv,2614.8940191827814,NA
42,clustered_42_rot150,clustered,landscape,1,NA,NA,dcore_cv,dcore_cv,725.4136095378894,NA
43,labyrinth_43,labyrinth,landscape,1,NA,NA,dcore_cv,dcore_cv,343.7393273196985,NA
44,labyrinth_44,labyrinth,landscape,1,NA,NA,dcore_cv,dcore_cv,361.2617397993554,NA
45,clustered_45_rot177,clustered,landscape,1,NA,NA,dcore_cv,dcore_cv,131.13839602330287,NA
46,random_46,random,landscape,1,NA,NA,dcore_cv,dcore_cv,2353.6411519526455,NA
47,random_47,random,landscape,1,NA,NA,dcore_cv,dcore_cv,2502.9164843311437,NA
48,labyrinth_48,labyrinth,landscape,1,NA,NA,dcore_cv,dcore_cv,561.8604059154046,NA
49,labyrinth_49,labyrinth,landscape,1,NA,NA,dcore_cv,dcore_cv,648.4194330786439,NA
50,random_50,random,landscape,1,NA,NA,dcore_cv,dcore_cv,686.9897728233937,NA
51,random_51,random,landscape,1,NA,NA,dcore_cv,dcore_cv,2655.183609470351,NA
52,random_52,random,landscape,1,NA,NA,dcore_cv,dcore_cv,2515.584485827242,NA
53,labyrinth_53,labyrinth,landscape,1,NA,NA,dcore_cv,dcore_cv,622.6683643098631,NA
54,labyrinth_54,labyrinth,landscape,1,NA,NA,dcore_cv,dcore_cv,397.0601739295353,NA
55,random_55,random,landscape,1,NA,NA,dcore_cv,dcore_cv,2058.5865606188495,NA
56,labyrinth_56,labyrinth,landscape,1,NA,NA,dcore_cv,dcore_cv,384.64234550062815,NA
57,random_57,random,landscape,1,NA,NA,dcore_cv,dcore_cv,1259.6440242808055,NA
58,random_58,random,landscape,1,NA,NA,dcore_cv,dcore_cv,2651.758767556804,NA
59,labyrinth_59,labyrinth,landscape,1,NA,NA,dcore_cv,dcore_cv,304.1030913766345,NA
60,clustered_60_rot335,clustered,landscape,1,NA,NA,dcore_cv,dcore_cv,324.6004618448941,NA
61,clustered_61_rot151,clustered,landscape,1,NA,NA,dcore_cv,dcore_cv,549.7929526733931,NA
62,clustered_62_rot88,clustered,landscape,1,NA,NA,dcore_cv,dcore_cv,87.57523330030762,NA
63,random_63,random,landscape,1,NA,NA,dcore_cv,dcore_cv,2571.0082154369557,NA
64,labyrinth_64,labyrinth,landscape,1,NA,NA,dcore_cv,dcore_cv,328.9892937372259,NA
65,random_65,random,landscape,1,NA,NA,dcore_cv,dcore_cv,2672.9426443273833,NA
66,clustered_66_rot224,clustered,landscape,1,NA,NA,dcore_cv,dcore_cv,230.53864695042648,NA
67,labyrinth_67,labyrinth,landscape,1,NA,NA,dcore_cv,dcore_cv,375.2913172174757,NA
68,labyrinth_68,labyrinth,landscape,1,NA,NA,dcore_cv,dcore_cv,714.1563879188009,NA
69,clustered_69_rot78,clustered,landscape,1,NA,NA,dcore_cv,dcore_cv,127.94229468487255,NA
70,clustered_70_rot170,clustered,landscape,1,NA,NA,dcore_cv,dcore_cv,51.91911982388868,NA
71,labyrinth_71,labyrinth,landscape,1,NA,NA,dcore_cv,dcore_cv,311.8963591370941,NA
72,random_72,random,landscape,1,NA,NA,dcore_cv,dcore_cv,771.8737386666398,NA
73,clustered_73_rot156,clustered,landscape,1,NA,NA,dcore_cv,dcore_cv,508.6319412039547,NA
74,clustered_74_rot348,clustered,landscape,1,NA,NA,dcore_cv,dcore_cv,502.52928610281356,NA
75,random_75,random,landscape,1,NA,NA,dcore_cv,dcore_cv,2694.5189098157625,NA
76,random_76,random,landscape,1,NA,NA,dcore_cv,dcore_cv,1992.3262012356354,NA
77,labyrinth_77,labyrinth,landscape,1,NA,NA,dcore_cv,dcore_cv,466.59451101619027,NA
78,random_78,random,landscape,1,NA,NA,dcore_cv,dcore_cv,627.8623282492863,NA
79,clustered_79_rot79,clustered,landscape,1,NA,NA,dcore_cv,dcore_cv,179.54621161490195,NA
80,labyrinth_80,labyrinth,landscape,1,NA,NA,dcore_cv,dcore_cv,378.4405463184991,NA
81,random_81,random,landscape,1,NA,NA,dcore_cv,dcore_cv,932.3296904105699,NA
82,clustered_82_rot20,clustered,landscape,1,NA,NA,dcore_cv,dcore_cv,207.3501455032928,NA
83,random_83,random,landscape,1,NA,NA,dcore_cv,dcore_cv,765.406234905995,NA
84,random_84,random,landscape,1,NA,NA,dcore_cv,dcore_cv,680.9141220037139,NA
85,labyrinth_85,labyrinth,landscape,1,NA,NA,dcore_cv,dcore_cv,680.8032477221147,NA
86,clustered_86_rot6,clustered,landscape,1,NA,NA,dcore_cv,dcore_cv,148.72236951873202,NA
87,labyrinth_87,labyrinth,landscape,1,NA,NA,dcore_cv,dcore_cv,480.6998444201246,NA
88,labyrinth_88,labyrinth,landscape,1,NA,NA,dcore_cv,dcore_cv,569.8641209792606,NA
89,labyrinth_89,labyrinth,landscape,1,NA,NA,dcore_cv,dcore_cv,292.92430768611194,NA
90,random_90,random,landscape,1,NA,NA,dcore_cv,dcore_cv,2747.726332806817,NA
91,clustered_91_rot72,clustered,landscape,1,NA,NA,dcore_cv,dcore_cv,128.99091232402722,NA
92,random_92,random,landscape,1,NA,NA,dcore_cv,dcore_cv,1911.9376864308308,NA
93,clustered_93_rot150,clustered,landscape,1,NA,NA,dcore_cv,dcore_cv,724.8445815420683,NA
94,random_94,random,landscape,1,NA,NA,dcore_cv,dcore_cv,974.4163359382043,NA
95,labyrinth_95,labyrinth,landscape,1,NA,NA,dcore_cv,dcore_cv,618.3730573350404,NA
96,labyrinth_96,labyrinth,landscape,1,NA,NA,dcore_cv,dcore_cv,378.4405463184991,NA
97,clustered_97_rot105,clustered,landscape,1,NA,NA,dcore_cv,dcore_cv,152.5183869229466,NA
98,labyrinth_98,labyrinth,landscape,1,NA,NA,dcore_cv,dcore_cv,465.7088724745972,NA
99,labyrinth_99,labyrinth,landscape,1,NA,NA,dcore_cv,dcore_cv,378.93372322897176,NA
100,clustered_100_rot83,clustered,landscape,1,NA,NA,dcore_cv,dcore_cv,92.14008855198344,NA
1,random_1,random,landscape,1,NA,NA,dcore_mn,dcore_mn,0.43722304283604135,NA
2,random_2,random,landscape,1,NA,NA,dcore_mn,dcore_mn,0.48559077809798273,NA
3,clustered_3_rot150,clustered,landscape,1,NA,NA,dcore_mn,dcore_mn,0.625,NA
4,random_4,random,landscape,1,NA,NA,dcore_mn,dcore_mn,4.5476190476190474,NA
5,clustered_5_rot91,clustered,landscape,1,NA,NA,dcore_mn,dcore_mn,0.40816326530612246,NA
6,labyrinth_6,labyrinth,landscape,1,NA,NA,dcore_mn,dcore_mn,0.25,NA
7,clustered_7_rot125,clustered,landscape,1,NA,NA,dcore_mn,dcore_mn,0.85,NA
8,labyrinth_8,labyrinth,landscape,1,NA,NA,dcore_mn,dcore_mn,0.4142857142857143,NA
9,clustered_9_rot272,clustered,landscape,1,NA,NA,dcore_mn,dcore_mn,0.32142857142857145,NA
10,random_10,random,landscape,1,NA,NA,dcore_mn,dcore_mn,2.8421052631578947,NA
11,labyrinth_11,labyrinth,landscape,1,NA,NA,dcore_mn,dcore_mn,0.2127659574468085,NA
12,clustered_12_rot17,clustered,landscape,1,NA,NA,dcore_mn,dcore_mn,0.54,NA
13,clustered_13_rot286,clustered,landscape,1,NA,NA,dcore_mn,dcore_mn,0.9,NA
14,random_14,random,landscape,1,NA,NA,dcore_mn,dcore_mn,1.249190938511327,NA
15,random_15,random,landscape,1,NA,NA,dcore_mn,dcore_mn,1.1831831831831832,NA
16,labyrinth_16,labyrinth,landscape,1,NA,NA,dcore_mn,dcore_mn,0.3411764705882353,NA
17,random_17,random,landscape,1,NA,NA,dcore_mn,dcore_mn,0.9263657957244655,NA
18,labyrinth_18,labyrinth,landscape,1,NA,NA,dcore_mn,dcore_mn,0.3220338983050847,NA
19,clustered_19_rot254,clustered,landscape,1,NA,NA,dcore_mn,dcore_mn,0.8181818181818182,NA
20,random_20,random,landscape,1,NA,NA,dcore_mn,dcore_mn,0.08108108108108109,NA
21,clustered_21_rot190,clustered,landscape,1,NA,NA,dcore_mn,dcore_mn,0.6785714285714286,NA
22,clustered_22_rot218,clustered,landscape,1,NA,NA,dcore_mn,dcore_mn,1.3636363636363635,NA
23,clustered_23_rot3,clustered,landscape,1,NA,NA,dcore_mn,dcore_mn,0.3490566037735849,NA
24,clustered_24_rot31,clustered,landscape,1,NA,NA,dcore_mn,dcore_mn,1.0769230769230769,NA
25,random_25,random,landscape,1,NA,NA,dcore_mn,dcore_mn,0.5668358714043993,NA
26,random_26,random,landscape,1,NA,NA,dcore_mn,dcore_mn,0.4334828101644245,NA
27,labyrinth_27,labyrinth,landscape,1,NA,NA,dcore_mn,dcore_mn,0.29411764705882354,NA
28,clustered_28_rot276,clustered,landscape,1,NA,NA,dcore_mn,dcore_mn,0.5384615384615384,NA
29,clustered_29_rot188,clustered,landscape,1,NA,NA,dcore_mn,dcore_mn,0.3333333333333333,NA
30,clustered_30_rot52,clustered,landscape,1,NA,NA,dcore_mn,dcore_mn,1.1111111111111112,NA
31,random_31,random,landscape,1,NA,NA,dcore_mn,dcore_mn,0.04700854700854701,NA
32,random_32,random,landscape,1,NA,NA,dcore_mn,dcore_mn,3.056451612903226,NA
33,labyrinth_33,labyrinth,landscape,1,NA,NA,dcore_mn,dcore_mn,0.25842696629213485,NA
34,labyrinth_34,labyrinth,landscape,1,NA,NA,dcore_mn,dcore_mn,0.31746031746031744,NA
35,clustered_35_rot173,clustered,landscape,1,NA,NA,dcore_mn,dcore_mn,0.6896551724137931,NA
36,labyrinth_36,labyrinth,landscape,1,NA,NA,dcore_mn,dcore_mn,0.20634920634920634,NA
37,labyrinth_37,labyrinth,landscape,1,NA,NA,dcore_mn,dcore_mn,0.4,NA
38,labyrinth_38,labyrinth,landscape,1,NA,NA,dcore_mn,dcore_mn,0.32941176470588235,NA
39,labyrinth_39,labyrinth,landscape,1,NA,NA,dcore_mn,dcore_mn,0.325,NA
40,clustered_40_rot22,clustered,landscape,1,NA,NA,dcore_mn,dcore_mn,0.8,NA
41,random_41,random,landscape,1,NA,NA,dcore_mn,dcore_mn,0.37746478873239436,NA
42,clustered_42_rot150,clustered,landscape,1,NA,NA,dcore_mn,dcore_mn,0.46017699115044247,NA
43,labyrinth_43,labyrinth,landscape,1,NA,NA,dcore_mn,dcore_mn,0.19480519480519481,NA
44,labyrinth_44,labyrinth,landscape,1,NA,NA,dcore_mn,dcore_mn,0.22535211267605634,NA
45,clustered_45_rot177,clustered,landscape,1,NA,NA,dcore_mn,dcore_mn,0.875,NA
46,random_46,random,landscape,1,NA,NA,dcore_mn,dcore_mn,0.637901861252115,NA
47,random_47,random,landscape,1,NA,NA,dcore_mn,dcore_mn,0.47470238095238093,NA
48,labyrinth_48,labyrinth,landscape,1,NA,NA,dcore_mn,dcore_mn,0.4578313253012048,NA
49,labyrinth_49,labyrinth,landscape,1,NA,NA,dcore_mn,dcore_mn,0.3333333333333333,NA
50,random_50,random,landscape,1,NA,NA,dcore_mn,dcore_mn,4.094736842105263,NA
51,random_51,random,landscape,1,NA,NA,dcore_mn,dcore_mn,0.04680851063829787,NA
52,random_52,random,landscape,1,NA,NA,dcore_mn,dcore_mn,0.49157733537519144,NA
53,labyrinth_53,labyrinth,landscape,1,NA,NA,dcore_mn,dcore_mn,0.21649484536082475,NA
54,labyrinth_54,labyrinth,landscape,1,NA,NA,dcore_mn,dcore_mn,0.3188405797101449,NA
55,random_55,random,landscape,1,NA,NA,dcore_mn,dcore_mn,0.8137044967880086,NA
56,labyrinth_56,labyrinth,landscape,1,NA,NA,dcore_mn,dcore_mn,0.2972972972972973,NA
57,random_57,random,landscape,1,NA,NA,dcore_mn,dcore_mn,1.8275862068965518,NA
58,random_58,random,landscape,1,NA,NA,dcore_mn,dcore_mn,0.3328748280605227,NA
59,labyrinth_59,labyrinth,landscape,1,NA,NA,dcore_mn,dcore_mn,0.40476190476190477,NA
60,clustered_60_rot335,clustered,landscape,1,NA,NA,dcore_mn,dcore_mn,0.5254237288135594,NA
61,clustered_61_rot151,clustered,landscape,1,NA,NA,dcore_mn,dcore_mn,0.3956043956043956,NA
62,clustered_62_rot88,clustered,landscape,1,NA,NA,dcore_mn,dcore_mn,0.6875,NA
63,random_63,random,landscape,1,NA,NA,dcore_mn,dcore_mn,0.44653179190751446,NA
64,labyrinth_64,labyrinth,landscape,1,NA,NA,dcore_mn,dcore_mn,0.3291139240506329,NA
65,random_65,random,landscape,1,NA,NA,dcore_mn,dcore_mn,0.2897959183673469,NA
66,clustered_66_rot224,clustered,landscape,1,NA,NA,dcore_mn,dcore_mn,0.4375,NA
67,labyrinth_67,labyrinth,landscape,1,NA,NA,dcore_mn,dcore_mn,0.35384615384615387,NA
68,labyrinth_68,labyrinth,landscape,1,NA,NA,dcore_mn,dcore_mn,0.3488372093023256,NA
69,clustered_69_rot78,clustered,landscape,1,NA,NA,dcore_mn,dcore_mn,0.7142857142857143,NA
70,clustered_70_rot170,clustered,landscape,1,NA,NA,dcore_mn,dcore_mn,1.3,NA
71,labyrinth_71,labyrinth,landscape,1,NA,NA,dcore_mn,dcore_mn,0.21568627450980393,NA
72,random_72,random,landscape,1,NA,NA,dcore_mn,dcore_mn,3.3716814159292037,NA
73,clustered_73_rot156,clustered,landscape,1,NA,NA,dcore_mn,dcore_mn,0.6349206349206349,NA
74,clustered_74_rot348,clustered,landscape,1,NA,NA,dcore_mn,dcore_mn,0.5230769230769231,NA
75,random_75,random,landscape,1,NA,NA,dcore_mn,dcore_mn,0.2590120160213618,NA
76,random_76,random,landscape,1,NA,NA,dcore_mn,dcore_mn,0.8723849372384938,NA
77,labyrinth_77,labyrinth,landscape,1,NA,NA,dcore_mn,dcore_mn,0.29508196721311475,NA
78,random_78,random,landscape,1,NA,NA,dcore_mn,dcore_mn,4.487804878048781,NA
79,clustered_79_rot79,clustered,landscape,1,NA,NA,dcore_mn,dcore_mn,0.8,NA
80,labyrinth_80,labyrinth,landscape,1,NA,NA,dcore_mn,dcore_mn,0.17647058823529413,NA
81,random_81,random,landscape,1,NA,NA,dcore_mn,dcore_mn,2.635135135135135,NA
82,clustered_82_rot20,clustered,landscape,1,NA,NA,dcore_mn,dcore_mn,0.6190476190476191,NA
83,random_83,random,landscape,1,NA,NA,dcore_mn,dcore_mn,3.2035398230088497,NA
84,random_84,random,landscape,1,NA,NA,dcore_mn,dcore_mn,4.0638297872340425,NA
85,labyrinth_85,labyrinth,landscape,1,NA,NA,dcore_mn,dcore_mn,0.34,NA
86,clustered_86_rot6,clustered,landscape,1,NA,NA,dcore_mn,dcore_mn,0.6190476190476191,NA
87,labyrinth_87,labyrinth,landscape,1,NA,NA,dcore_mn,dcore_mn,0.2631578947368421,NA
88,labyrinth_88,labyrinth,landscape,1,NA,NA,dcore_mn,dcore_mn,0.24358974358974358,NA
89,labyrinth_89,labyrinth,landscape,1,NA,NA,dcore_mn,dcore_mn,0.29310344827586204,NA
90,random_90,random,landscape,1,NA,NA,dcore_mn,dcore_mn,0.1947019867549669,NA
91,clustered_91_rot72,clustered,landscape,1,NA,NA,dcore_mn,dcore_mn,0.7777777777777778,NA
92,random_92,random,landscape,1,NA,NA,dcore_mn,dcore_mn,0.9086651053864169,NA
93,clustered_93_rot150,clustered,landscape,1,NA,NA,dcore_mn,dcore_mn,0.5230769230769231,NA
94,random_94,random,landscape,1,NA,NA,dcore_mn,dcore_mn,2.619047619047619,NA
95,labyrinth_95,labyrinth,landscape,1,NA,NA,dcore_mn,dcore_mn,0.42727272727272725,NA
96,labyrinth_96,labyrinth,landscape,1,NA,NA,dcore_mn,dcore_mn,0.35294117647058826,NA
97,clustered_97_rot105,clustered,landscape,1,NA,NA,dcore_mn,dcore_mn,0.45,NA
98,labyrinth_98,labyrinth,landscape,1,NA,NA,dcore_mn,dcore_mn,0.30434782608695654,NA
99,labyrinth_99,labyrinth,landscape,1,NA,NA,dcore_mn,dcore_mn,0.1864406779661017,NA
100,clustered_100_rot83,clustered,landscape,1,NA,NA,dcore_mn,dcore_mn,0.875,NA
1,random_1,random,landscape,1,NA,NA,dcore_sd,dcore_sd,11.10736881449623,NA
2,random_2,random,landscape,1,NA,NA,dcore_sd,dcore_sd,12.526644382744625,NA
3,clustered_3_rot150,clustered,landscape,1,NA,NA,dcore_sd,dcore_sd,0.7187952884282609,NA
4,random_4,random,landscape,1,NA,NA,dcore_sd,dcore_sd,29.294271310482582,NA
5,clustered_5_rot91,clustered,landscape,1,NA,NA,dcore_sd,dcore_sd,1.398188818718386,NA
6,labyrinth_6,labyrinth,landscape,1,NA,NA,dcore_sd,dcore_sd,0.8828430011649196,NA
7,clustered_7_rot125,clustered,landscape,1,NA,NA,dcore_sd,dcore_sd,1.3088765773505315,NA
8,labyrinth_8,labyrinth,landscape,1,NA,NA,dcore_sd,dcore_sd,1.2216982376392838,NA
9,clustered_9_rot272,clustered,landscape,1,NA,NA,dcore_sd,dcore_sd,1.5966686097467593,NA
10,random_10,random,landscape,1,NA,NA,dcore_sd,dcore_sd,25.052926431996273,NA
11,labyrinth_11,labyrinth,landscape,1,NA,NA,dcore_sd,dcore_sd,0.6895546834186589,NA
12,clustered_12_rot17,clustered,landscape,1,NA,NA,dcore_sd,dcore_sd,1.8649287342076828,NA
13,clustered_13_rot286,clustered,landscape,1,NA,NA,dcore_sd,dcore_sd,1.5525869752736796,NA
14,random_14,random,landscape,1,NA,NA,dcore_sd,dcore_sd,19.290820465014548,NA
15,random_15,random,landscape,1,NA,NA,dcore_sd,dcore_sd,18.527562163337702,NA
16,labyrinth_16,labyrinth,landscape,1,NA,NA,dcore_sd,dcore_sd,0.8529073691744942,NA
17,random_17,random,landscape,1,NA,NA,dcore_sd,dcore_sd,17.593607966671374,NA
18,labyrinth_18,labyrinth,landscape,1,NA,NA,dcore_sd,dcore_sd,1.0576597126659453,NA
19,clustered_19_rot254,clustered,landscape,1,NA,NA,dcore_sd,dcore_sd,0.40451991747794525,NA
20,random_20,random,landscape,1,NA,NA,dcore_sd,dcore_sd,2.2056438662814233,NA
21,clustered_21_rot190,clustered,landscape,1,NA,NA,dcore_sd,dcore_sd,1.492042384180314,NA
22,clustered_22_rot218,clustered,landscape,1,NA,NA,dcore_sd,dcore_sd,1.3618169680781094,NA
23,clustered_23_rot3,clustered,landscape,1,NA,NA,dcore_sd,dcore_sd,1.94712218820831,NA
24,clustered_24_rot31,clustered,landscape,1,NA,NA,dcore_sd,dcore_sd,0.9540735874430285,NA
25,random_25,random,landscape,1,NA,NA,dcore_sd,dcore_sd,13.28635785518616,NA
26,random_26,random,landscape,1,NA,NA,dcore_sd,dcore_sd,10.98013243822026,NA
27,labyrinth_27,labyrinth,landscape,1,NA,NA,dcore_sd,dcore_sd,1.2327237497254828,NA
28,clustered_28_rot276,clustered,landscape,1,NA,NA,dcore_sd,dcore_sd,1.2721876978109552,NA
29,clustered_29_rot188,clustered,landscape,1,NA,NA,dcore_sd,dcore_sd,0.8539125638299665,NA
30,clustered_30_rot52,clustered,landscape,1,NA,NA,dcore_sd,dcore_sd,0.6009252125773316,NA
31,random_31,random,landscape,1,NA,NA,dcore_sd,dcore_sd,1.2082979375036738,NA
32,random_32,random,landscape,1,NA,NA,dcore_sd,dcore_sd,25.92964289770528,NA
33,labyrinth_33,labyrinth,landscape,1,NA,NA,dcore_sd,dcore_sd,1.0716182525809066,NA
34,labyrinth_34,labyrinth,landscape,1,NA,NA,dcore_sd,dcore_sd,1.2420767835778606,NA
35,clustered_35_rot173,clustered,landscape,1,NA,NA,dcore_sd,dcore_sd,1.4168236173079471,NA
36,labyrinth_36,labyrinth,landscape,1,NA,NA,dcore_sd,dcore_sd,0.7439807957704059,NA
37,labyrinth_37,labyrinth,landscape,1,NA,NA,dcore_sd,dcore_sd,1.3977207118755153,NA
38,labyrinth_38,labyrinth,landscape,1,NA,NA,dcore_sd,dcore_sd,1.5689565481108596,NA
39,labyrinth_39,labyrinth,landscape,1,NA,NA,dcore_sd,dcore_sd,1.0160110634302455,NA
40,clustered_40_rot22,clustered,landscape,1,NA,NA,dcore_sd,dcore_sd,1.0052493799000692,NA
41,random_41,random,landscape,1,NA,NA,dcore_sd,dcore_sd,9.870304185084303,NA
42,clustered_42_rot150,clustered,landscape,1,NA,NA,dcore_sd,dcore_sd,3.3381865217672786,NA
43,labyrinth_43,labyrinth,landscape,1,NA,NA,dcore_sd,dcore_sd,0.6696220662072049,NA
44,labyrinth_44,labyrinth,landscape,1,NA,NA,dcore_sd,dcore_sd,0.8141109629281248,NA
45,clustered_45_rot177,clustered,landscape,1,NA,NA,dcore_sd,dcore_sd,1.1474609652039003,NA
46,random_46,random,landscape,1,NA,NA,dcore_sd,dcore_sd,15.013920715501644,NA
47,random_47,random,landscape,1,NA,NA,dcore_sd,dcore_sd,11.881404144369567,NA
48,labyrinth_48,labyrinth,landscape,1,NA,NA,dcore_sd,dcore_sd,2.572372942745226,NA
49,labyrinth_49,labyrinth,landscape,1,NA,NA,dcore_sd,dcore_sd,2.1613981102621462,NA
50,random_50,random,landscape,1,NA,NA,dcore_sd,dcore_sd,28.13042332929475,NA
51,random_51,random,landscape,1,NA,NA,dcore_sd,dcore_sd,1.2428519023052704,NA
52,random_52,random,landscape,1,NA,NA,dcore_sd,dcore_sd,12.366043184541267,NA
53,labyrinth_53,labyrinth,landscape,1,NA,NA,dcore_sd,dcore_sd,1.348044912423415,NA
54,labyrinth_54,labyrinth,landscape,1,NA,NA,dcore_sd,dcore_sd,1.26598896035504,NA
55,random_55,random,landscape,1,NA,NA,dcore_sd,dcore_sd,16.750811414029183,NA
56,labyrinth_56,labyrinth,landscape,1,NA,NA,dcore_sd,dcore_sd,1.1435312974343,NA
57,random_57,random,landscape,1,NA,NA,dcore_sd,dcore_sd,23.021080443752655,NA
58,random_58,random,landscape,1,NA,NA,dcore_sd,dcore_sd,8.827037438084547,NA
59,labyrinth_59,labyrinth,landscape,1,NA,NA,dcore_sd,dcore_sd,1.2308934650959016,NA
60,clustered_60_rot335,clustered,landscape,1,NA,NA,dcore_sd,dcore_sd,1.7055278503714775,NA
61,clustered_61_rot151,clustered,landscape,1,NA,NA,dcore_sd,dcore_sd,2.1750050874991373,NA
62,clustered_62_rot88,clustered,landscape,1,NA,NA,dcore_sd,dcore_sd,0.6020797289396148,NA
63,random_63,random,landscape,1,NA,NA,dcore_sd,dcore_sd,11.480369054480047,NA
64,labyrinth_64,labyrinth,landscape,1,NA,NA,dcore_sd,dcore_sd,1.0827495743250473,NA
65,random_65,random,landscape,1,NA,NA,dcore_sd,dcore_sd,7.746078683560988,NA
66,clustered_66_rot224,clustered,landscape,1,NA,NA,dcore_sd,dcore_sd,1.008606580408116,NA
67,labyrinth_67,labyrinth,landscape,1,NA,NA,dcore_sd,dcore_sd,1.3279538916926064,NA
68,labyrinth_68,labyrinth,landscape,1,NA,NA,dcore_sd,dcore_sd,2.4912432136702356,NA
69,clustered_69_rot78,clustered,landscape,1,NA,NA,dcore_sd,dcore_sd,0.9138735334633754,NA
70,clustered_70_rot170,clustered,landscape,1,NA,NA,dcore_sd,dcore_sd,0.6749485577105528,NA
71,labyrinth_71,labyrinth,landscape,1,NA,NA,dcore_sd,dcore_sd,0.6727176373545168,NA
72,random_72,random,landscape,1,NA,NA,dcore_sd,dcore_sd,26.025123401061045,NA
73,clustered_73_rot156,clustered,landscape,1,NA,NA,dcore_sd,dcore_sd,3.2294091505012994,NA
74,clustered_74_rot348,clustered,landscape,1,NA,NA,dcore_sd,dcore_sd,2.6286147273070246,NA
75,random_75,random,landscape,1,NA,NA,dcore_sd,dcore_sd,6.979127750390627,NA
76,random_76,random,landscape,1,NA,NA,dcore_sd,dcore_sd,17.380753680235564,NA
77,labyrinth_77,labyrinth,landscape,1,NA,NA,dcore_sd,dcore_sd,1.3768362620149877,NA
78,random_78,random,landscape,1,NA,NA,dcore_sd,dcore_sd,28.17723619460212,NA
79,clustered_79_rot79,clustered,landscape,1,NA,NA,dcore_sd,dcore_sd,1.4363696929192158,NA
80,labyrinth_80,labyrinth,landscape,1,NA,NA,dcore_sd,dcore_sd,0.6678362582091162,NA
81,random_81,random,landscape,1,NA,NA,dcore_sd,dcore_sd,24.56814724730556,NA
82,clustered_82_rot20,clustered,landscape,1,NA,NA,dcore_sd,dcore_sd,1.2835961388299078,NA
83,random_83,random,landscape,1,NA,NA,dcore_sd,dcore_sd,24.52009354300621,NA
84,random_84,random,landscape,1,NA,NA,dcore_sd,dcore_sd,27.671190915470074,NA
85,labyrinth_85,labyrinth,landscape,1,NA,NA,dcore_sd,dcore_sd,2.31473104225519,NA
86,clustered_86_rot6,clustered,landscape,1,NA,NA,dcore_sd,dcore_sd,0.9206622874969125,NA
87,labyrinth_87,labyrinth,landscape,1,NA,NA,dcore_sd,dcore_sd,1.264999590579275,NA
88,labyrinth_88,labyrinth,landscape,1,NA,NA,dcore_sd,dcore_sd,1.3881305511033273,NA
89,labyrinth_89,labyrinth,landscape,1,NA,NA,dcore_sd,dcore_sd,0.8585712466661901,NA
90,random_90,random,landscape,1,NA,NA,dcore_sd,dcore_sd,5.349877760564267,NA
91,clustered_91_rot72,clustered,landscape,1,NA,NA,dcore_sd,dcore_sd,1.0032626514091005,NA
92,random_92,random,landscape,1,NA,NA,dcore_sd,dcore_sd,17.37311059332933,NA
93,clustered_93_rot150,clustered,landscape,1,NA,NA,dcore_sd,dcore_sd,3.79149473422005,NA
94,random_94,random,landscape,1,NA,NA,dcore_sd,dcore_sd,25.52042784600059,NA
95,labyrinth_95,labyrinth,landscape,1,NA,NA,dcore_sd,dcore_sd,2.6421394267951723,NA
96,labyrinth_96,labyrinth,landscape,1,NA,NA,dcore_sd,dcore_sd,1.3356725164182324,NA
97,clustered_97_rot105,clustered,landscape,1,NA,NA,dcore_sd,dcore_sd,0.6863327411532597,NA
98,labyrinth_98,labyrinth,landscape,1,NA,NA,dcore_sd,dcore_sd,1.417374829270513,NA
99,labyrinth_99,labyrinth,landscape,1,NA,NA,dcore_sd,dcore_sd,0.7064866026302864,NA
100,clustered_100_rot83,clustered,landscape,1,NA,NA,dcore_sd,dcore_sd,0.806225774829855,NA
1,random_1,random,landscape,1,NA,NA,division,division,0.4148602199999999,NA
2,random_2,random,landscape,1,NA,NA,division,division,0.4321635799999999,NA
3,clustered_3_rot150,clustered,landscape,1,NA,NA,division,division,0.52095734,NA
4,random_4,random,landscape,1,NA,NA,division,division,0.519296,NA
5,clustered_5_rot91,clustered,landscape,1,NA,NA,division,division,0.60208796,NA
6,labyrinth_6,labyrinth,landscape,1,NA,NA,division,division,0.62802234,NA
7,clustered_7_rot125,clustered,landscape,1,NA,NA,division,division,0.52885396,NA
8,labyrinth_8,labyrinth,landscape,1,NA,NA,division,division,0.6658765999999999,NA
9,clustered_9_rot272,clustered,landscape,1,NA,NA,division,division,0.5202957399999999,NA
10,random_10,random,landscape,1,NA,NA,division,division,0.5503037799999999,NA
11,labyrinth_11,labyrinth,landscape,1,NA,NA,division,division,0.59594488,NA
12,clustered_12_rot17,clustered,landscape,1,NA,NA,division,division,0.5995660599999999,NA
13,clustered_13_rot286,clustered,landscape,1,NA,NA,division,division,0.5340951600000001,NA
14,random_14,random,landscape,1,NA,NA,division,division,0.59383872,NA
15,random_15,random,landscape,1,NA,NA,division,division,0.58350826,NA
16,labyrinth_16,labyrinth,landscape,1,NA,NA,division,division,0.61603202,NA
17,random_17,random,landscape,1,NA,NA,division,division,0.5258449199999999,NA
18,labyrinth_18,labyrinth,landscape,1,NA,NA,division,division,0.55786518,NA
19,clustered_19_rot254,clustered,landscape,1,NA,NA,division,division,0.5154088,NA
20,random_20,random,landscape,1,NA,NA,division,division,0.24080087999999988,NA
21,clustered_21_rot190,clustered,landscape,1,NA,NA,division,division,0.54858634,NA
22,clustered_22_rot218,clustered,landscape,1,NA,NA,division,division,0.50039418,NA
23,clustered_23_rot3,clustered,landscape,1,NA,NA,division,division,0.40321631999999985,NA
24,clustered_24_rot31,clustered,landscape,1,NA,NA,division,division,0.4957231999999999,NA
25,random_25,random,landscape,1,NA,NA,division,division,0.44228214,NA
26,random_26,random,landscape,1,NA,NA,division,division,0.40337822,NA
27,labyrinth_27,labyrinth,landscape,1,NA,NA,division,division,0.65384002,NA
28,clustered_28_rot276,clustered,landscape,1,NA,NA,division,division,0.48476783999999995,NA
29,clustered_29_rot188,clustered,landscape,1,NA,NA,division,division,0.55487536,NA
30,clustered_30_rot52,clustered,landscape,1,NA,NA,division,division,0.5012876799999999,NA
31,random_31,random,landscape,1,NA,NA,division,division,0.2155084599999999,NA
32,random_32,random,landscape,1,NA,NA,division,division,0.53683192,NA
33,labyrinth_33,labyrinth,landscape,1,NA,NA,division,division,0.74475826,NA
34,labyrinth_34,labyrinth,landscape,1,NA,NA,division,division,0.6641775999999999,NA
35,clustered_35_rot173,clustered,landscape,1,NA,NA,division,division,0.55293888,NA
36,labyrinth_36,labyrinth,landscape,1,NA,NA,division,division,0.6602399,NA
37,labyrinth_37,labyrinth,landscape,1,NA,NA,division,division,0.65552952,NA
38,labyrinth_38,labyrinth,landscape,1,NA,NA,division,division,0.6408313999999999,NA
39,labyrinth_39,labyrinth,landscape,1,NA,NA,division,division,0.76316442,NA
40,clustered_40_rot22,clustered,landscape,1,NA,NA,division,division,0.5116359399999999,NA
41,random_41,random,landscape,1,NA,NA,division,division,0.39916841999999997,NA
42,clustered_42_rot150,clustered,landscape,1,NA,NA,division,division,0.4998073599999999,NA
43,labyrinth_43,labyrinth,landscape,1,NA,NA,division,division,0.73147468,NA
44,labyrinth_44,labyrinth,landscape,1,NA,NA,division,division,0.6350055,NA
45,clustered_45_rot177,clustered,landscape,1,NA,NA,division,division,0.52809608,NA
46,random_46,random,landscape,1,NA,NA,division,division,0.46831979999999995,NA
47,random_47,random,landscape,1,NA,NA,division,division,0.42582125999999987,NA
48,labyrinth_48,labyrinth,landscape,1,NA,NA,division,division,0.74675912,NA
49,labyrinth_49,labyrinth,landscape,1,NA,NA,division,division,0.6012397999999999,NA
50,random_50,random,landscape,1,NA,NA,division,division,0.52659758,NA
51,random_51,random,landscape,1,NA,NA,division,division,0.22292727999999984,NA
52,random_52,random,landscape,1,NA,NA,division,division,0.42864099999999994,NA
53,labyrinth_53,labyrinth,landscape,1,NA,NA,division,division,0.6645681800000001,NA
54,labyrinth_54,labyrinth,landscape,1,NA,NA,division,division,0.6916982199999999,NA
55,random_55,random,landscape,1,NA,NA,division,division,0.52541426,NA
56,labyrinth_56,labyrinth,landscape,1,NA,NA,division,division,0.67483734,NA
57,random_57,random,landscape,1,NA,NA,division,division,0.61064164,NA
58,random_58,random,landscape,1,NA,NA,division,division,0.38315398,NA
59,labyrinth_59,labyrinth,landscape,1,NA,NA,division,division,0.5996052599999999,NA
60,clustered_60_rot335,clustered,landscape,1,NA,NA,division,division,0.5867146600000002,NA
61,clustered_61_rot151,clustered,landscape,1,NA,NA,division,division,0.5274254,NA
62,clustered_62_rot88,clustered,landscape,1,NA,NA,division,division,0.5172895399999999,NA
63,random_63,random,landscape,1,NA,NA,division,division,0.42281937999999997,NA
64,labyrinth_64,labyrinth,landscape,1,NA,NA,division,division,0.6137505999999999,NA
65,random_65,random,landscape,1,NA,NA,division,division,0.3565180199999999,NA
66,clustered_66_rot224,clustered,landscape,1,NA,NA,division,division,0.5751301199999999,NA
67,labyrinth_67,labyrinth,landscape,1,NA,NA,division,division,0.64931582,NA
68,labyrinth_68,labyrinth,landscape,1,NA,NA,division,division,0.66935538000000006,NA
69,clustered_69_rot78,clustered,landscape,1,NA,NA,division,division,0.5015322999999999,NA
70,clustered_70_rot170,clustered,landscape,1,NA,NA,division,division,0.50510102,NA
71,labyrinth_71,labyrinth,landscape,1,NA,NA,division,division,0.7024139599999999,NA
72,random_72,random,landscape,1,NA,NA,division,division,0.5390240799999999,NA
73,clustered_73_rot156,clustered,landscape,1,NA,NA,division,division,0.40142747999999995,NA
74,clustered_74_rot348,clustered,landscape,1,NA,NA,division,division,0.38455755999999985,NA
75,random_75,random,landscape,1,NA,NA,division,division,0.35620797999999987,NA
76,random_76,random,landscape,1,NA,NA,division,division,0.53191038,NA
77,labyrinth_77,labyrinth,landscape,1,NA,NA,division,division,0.79169938,NA
78,random_78,random,landscape,1,NA,NA,division,division,0.5269278,NA
79,clustered_79_rot79,clustered,landscape,1,NA,NA,division,division,0.5450534199999999,NA
80,labyrinth_80,labyrinth,landscape,1,NA,NA,division,division,0.47161624,NA
81,random_81,random,landscape,1,NA,NA,division,division,0.56565266,NA
82,clustered_82_rot20,clustered,landscape,1,NA,NA,division,division,0.49335737999999996,NA
83,random_83,random,landscape,1,NA,NA,division,division,0.5354164399999999,NA
84,random_84,random,landscape,1,NA,NA,division,division,0.52572626,NA
85,labyrinth_85,labyrinth,landscape,1,NA,NA,division,division,0.55084998,NA
86,clustered_86_rot6,clustered,landscape,1,NA,NA,division,division,0.5312256,NA
87,labyrinth_87,labyrinth,landscape,1,NA,NA,division,division,0.62798814,NA
88,labyrinth_88,labyrinth,landscape,1,NA,NA,division,division,0.6392492599999999,NA
89,labyrinth_89,labyrinth,landscape,1,NA,NA,division,division,0.61082458,NA
90,random_90,random,landscape,1,NA,NA,division,division,0.3179806599999999,NA
91,clustered_91_rot72,clustered,landscape,1,NA,NA,division,division,0.5339520999999999,NA
92,random_92,random,landscape,1,NA,NA,division,division,0.53476092,NA
93,clustered_93_rot150,clustered,landscape,1,NA,NA,division,division,0.52553962,NA
94,random_94,random,landscape,1,NA,NA,division,division,0.553708,NA
95,labyrinth_95,labyrinth,landscape,1,NA,NA,division,division,0.6152715599999999,NA
96,labyrinth_96,labyrinth,landscape,1,NA,NA,division,division,0.56159282,NA
97,clustered_97_rot105,clustered,landscape,1,NA,NA,division,division,0.48641766,NA
98,labyrinth_98,labyrinth,landscape,1,NA,NA,division,division,0.66950024,NA
99,labyrinth_99,labyrinth,landscape,1,NA,NA,division,division,0.45465384,NA
100,clustered_100_rot83,clustered,landscape,1,NA,NA,division,division,0.49338377999999994,NA
1,random_1,random,landscape,1,NA,NA,ed,ed,7061,NA
2,random_2,random,landscape,1,NA,NA,ed,ed,7332,NA
3,clustered_3_rot150,clustered,landscape,1,NA,NA,ed,ed,454,NA
4,random_4,random,landscape,1,NA,NA,ed,ed,9832,NA
5,clustered_5_rot91,clustered,landscape,1,NA,NA,ed,ed,1217,NA
6,labyrinth_6,labyrinth,landscape,1,NA,NA,ed,ed,1076,NA
7,clustered_7_rot125,clustered,landscape,1,NA,NA,ed,ed,677,NA
8,labyrinth_8,labyrinth,landscape,1,NA,NA,ed,ed,1240,NA
9,clustered_9_rot272,clustered,landscape,1,NA,NA,ed,ed,1060,NA
10,random_10,random,landscape,1,NA,NA,ed,ed,9886,NA
11,labyrinth_11,labyrinth,landscape,1,NA,NA,ed,ed,911,NA
12,clustered_12_rot17,clustered,landscape,1,NA,NA,ed,ed,1315,NA
13,clustered_13_rot286,clustered,landscape,1,NA,NA,ed,ed,594,NA
14,random_14,random,landscape,1,NA,NA,ed,ed,9209,NA
15,random_15,random,landscape,1,NA,NA,ed,ed,9069,NA
16,labyrinth_16,labyrinth,landscape,1,NA,NA,ed,ed,1694,NA
17,random_17,random,landscape,1,NA,NA,ed,ed,8580,NA
18,labyrinth_18,labyrinth,landscape,1,NA,NA,ed,ed,864,NA
19,clustered_19_rot254,clustered,landscape,1,NA,NA,ed,ed,326,NA
20,random_20,random,landscape,1,NA,NA,ed,ed,4428,NA
21,clustered_21_rot190,clustered,landscape,1,NA,NA,ed,ed,829,NA
22,clustered_22_rot218,clustered,landscape,1,NA,NA,ed,ed,597,NA
23,clustered_23_rot3,clustered,landscape,1,NA,NA,ed,ed,1690,NA
24,clustered_24_rot31,clustered,landscape,1,NA,NA,ed,ed,571,NA
25,random_25,random,landscape,1,NA,NA,ed,ed,7527,NA
26,random_26,random,landscape,1,NA,NA,ed,ed,6980,NA
27,labyrinth_27,labyrinth,landscape,1,NA,NA,ed,ed,1424,NA
28,clustered_28_rot276,clustered,landscape,1,NA,NA,ed,ed,669,NA
29,clustered_29_rot188,clustered,landscape,1,NA,NA,ed,ed,768,NA
30,clustered_30_rot52,clustered,landscape,1,NA,NA,ed,ed,394,NA
31,random_31,random,landscape,1,NA,NA,ed,ed,3989,NA
32,random_32,random,landscape,1,NA,NA,ed,ed,9735,NA
33,labyrinth_33,labyrinth,landscape,1,NA,NA,ed,ed,1520,NA
34,labyrinth_34,labyrinth,landscape,1,NA,NA,ed,ed,1390,NA
35,clustered_35_rot173,clustered,landscape,1,NA,NA,ed,ed,864,NA
36,labyrinth_36,labyrinth,landscape,1,NA,NA,ed,ed,911,NA
37,labyrinth_37,labyrinth,landscape,1,NA,NA,ed,ed,1397,NA
38,labyrinth_38,labyrinth,landscape,1,NA,NA,ed,ed,1489,NA
39,labyrinth_39,labyrinth,landscape,1,NA,NA,ed,ed,1459,NA
40,clustered_40_rot22,clustered,landscape,1,NA,NA,ed,ed,572,NA
41,random_41,random,landscape,1,NA,NA,ed,ed,6863,NA
42,clustered_42_rot150,clustered,landscape,1,NA,NA,ed,ed,1877,NA
43,labyrinth_43,labyrinth,landscape,1,NA,NA,ed,ed,1267,NA
44,labyrinth_44,labyrinth,landscape,1,NA,NA,ed,ed,990,NA
45,clustered_45_rot177,clustered,landscape,1,NA,NA,ed,ed,581,NA
46,random_46,random,landscape,1,NA,NA,ed,ed,7865,NA
47,random_47,random,landscape,1,NA,NA,ed,ed,7243,NA
48,labyrinth_48,labyrinth,landscape,1,NA,NA,ed,ed,1735,NA
49,labyrinth_49,labyrinth,landscape,1,NA,NA,ed,ed,1982,NA
50,random_50,random,landscape,1,NA,NA,ed,ed,9828,NA
51,random_51,random,landscape,1,NA,NA,ed,ed,4157,NA
52,random_52,random,landscape,1,NA,NA,ed,ed,7318,NA
53,labyrinth_53,labyrinth,landscape,1,NA,NA,ed,ed,1512.9999999999998,NA
54,labyrinth_54,labyrinth,landscape,1,NA,NA,ed,ed,1339,NA
55,random_55,random,landscape,1,NA,NA,ed,ed,8455,NA
56,labyrinth_56,labyrinth,landscape,1,NA,NA,ed,ed,1075,NA
57,random_57,random,landscape,1,NA,NA,ed,ed,9431,NA
58,random_58,random,landscape,1,NA,NA,ed,ed,6698,NA
59,labyrinth_59,labyrinth,landscape,1,NA,NA,ed,ed,1061,NA
60,clustered_60_rot335,clustered,landscape,1,NA,NA,ed,ed,1268.9999999999998,NA
61,clustered_61_rot151,clustered,landscape,1,NA,NA,ed,ed,1407,NA
62,clustered_62_rot88,clustered,landscape,1,NA,NA,ed,ed,463,NA
63,random_63,random,landscape,1,NA,NA,ed,ed,7244,NA
64,labyrinth_64,labyrinth,landscape,1,NA,NA,ed,ed,1394,NA
65,random_65,random,landscape,1,NA,NA,ed,ed,6261,NA
66,clustered_66_rot224,clustered,landscape,1,NA,NA,ed,ed,1193,NA
67,labyrinth_67,labyrinth,landscape,1,NA,NA,ed,ed,864,NA
68,labyrinth_68,labyrinth,landscape,1,NA,NA,ed,ed,1370,NA
69,clustered_69_rot78,clustered,landscape,1,NA,NA,ed,ed,503,NA
70,clustered_70_rot170,clustered,landscape,1,NA,NA,ed,ed,340,NA
71,labyrinth_71,labyrinth,landscape,1,NA,NA,ed,ed,793,NA
72,random_72,random,landscape,1,NA,NA,ed,ed,9893,NA
73,clustered_73_rot156,clustered,landscape,1,NA,NA,ed,ed,1280,NA
74,clustered_74_rot348,clustered,landscape,1,NA,NA,ed,ed,1265,NA
75,random_75,random,landscape,1,NA,NA,ed,ed,6236,NA
76,random_76,random,landscape,1,NA,NA,ed,ed,8475,NA
77,labyrinth_77,labyrinth,landscape,1,NA,NA,ed,ed,2020,NA
78,random_78,random,landscape,1,NA,NA,ed,ed,10016,NA
79,clustered_79_rot79,clustered,landscape,1,NA,NA,ed,ed,666,NA
80,labyrinth_80,labyrinth,landscape,1,NA,NA,ed,ed,1116,NA
81,random_81,random,landscape,1,NA,NA,ed,ed,9722,NA
82,clustered_82_rot20,clustered,landscape,1,NA,NA,ed,ed,684,NA
83,random_83,random,landscape,1,NA,NA,ed,ed,9908,NA
84,random_84,random,landscape,1,NA,NA,ed,ed,9905,NA
85,labyrinth_85,labyrinth,landscape,1,NA,NA,ed,ed,2028,NA
86,clustered_86_rot6,clustered,landscape,1,NA,NA,ed,ed,512,NA
87,labyrinth_87,labyrinth,landscape,1,NA,NA,ed,ed,1611,NA
88,labyrinth_88,labyrinth,landscape,1,NA,NA,ed,ed,1278,NA
89,labyrinth_89,labyrinth,landscape,1,NA,NA,ed,ed,1132,NA
90,random_90,random,landscape,1,NA,NA,ed,ed,5712,NA
91,clustered_91_rot72,clustered,landscape,1,NA,NA,ed,ed,639,NA
92,random_92,random,landscape,1,NA,NA,ed,ed,8527,NA
93,clustered_93_rot150,clustered,landscape,1,NA,NA,ed,ed,2171,NA
94,random_94,random,landscape,1,NA,NA,ed,ed,9557,NA
95,labyrinth_95,labyrinth,landscape,1,NA,NA,ed,ed,2004,NA
96,labyrinth_96,labyrinth,landscape,1,NA,NA,ed,ed,1231,NA
97,clustered_97_rot105,clustered,landscape,1,NA,NA,ed,ed,538,NA
98,labyrinth_98,labyrinth,landscape,1,NA,NA,ed,ed,1096,NA
99,labyrinth_99,labyrinth,landscape,1,NA,NA,ed,ed,874,NA
100,clustered_100_rot83,clustered,landscape,1,NA,NA,ed,ed,488,NA
1,random_1,random,landscape,1,NA,NA,enn_cv,enn_cv,NA,NA
2,random_2,random,landscape,1,NA,NA,enn_cv,enn_cv,NA,NA
3,clustered_3_rot150,clustered,landscape,1,NA,NA,enn_cv,enn_cv,98.84575620748775,NA
4,random_4,random,landscape,1,NA,NA,enn_cv,enn_cv,3.0325301923897183,NA
5,clustered_5_rot91,clustered,landscape,1,NA,NA,enn_cv,enn_cv,19.145408653647962,NA
6,labyrinth_6,labyrinth,landscape,1,NA,NA,enn_cv,enn_cv,49.407316134955146,NA
7,clustered_7_rot125,clustered,landscape,1,NA,NA,enn_cv,enn_cv,39.0260649656269,NA
8,labyrinth_8,labyrinth,landscape,1,NA,NA,enn_cv,enn_cv,89.77405575122083,NA
9,clustered_9_rot272,clustered,landscape,1,NA,NA,enn_cv,enn_cv,27.965604294316275,NA
10,random_10,random,landscape,1,NA,NA,enn_cv,enn_cv,4.559721006368605,NA
11,labyrinth_11,labyrinth,landscape,1,NA,NA,enn_cv,enn_cv,67.52565321205257,NA
12,clustered_12_rot17,clustered,landscape,1,NA,NA,enn_cv,enn_cv,16.391154563288982,NA
13,clustered_13_rot286,clustered,landscape,1,NA,NA,enn_cv,enn_cv,30.998131376644842,NA
14,random_14,random,landscape,1,NA,NA,enn_cv,enn_cv,4.04793981402825,NA
15,random_15,random,landscape,1,NA,NA,enn_cv,enn_cv,5.772659065508442,NA
16,labyrinth_16,labyrinth,landscape,1,NA,NA,enn_cv,enn_cv,48.526924329134786,NA
17,random_17,random,landscape,1,NA,NA,enn_cv,enn_cv,7.632607154221957,NA
18,labyrinth_18,labyrinth,landscape,1,NA,NA,enn_cv,enn_cv,61.481793495496085,NA
19,clustered_19_rot254,clustered,landscape,1,NA,NA,enn_cv,enn_cv,NA,NA
20,random_20,random,landscape,1,NA,NA,enn_cv,enn_cv,NA,NA
21,clustered_21_rot190,clustered,landscape,1,NA,NA,enn_cv,enn_cv,57.34346036063365,NA
22,clustered_22_rot218,clustered,landscape,1,NA,NA,enn_cv,enn_cv,69.04184735336337,NA
23,clustered_23_rot3,clustered,landscape,1,NA,NA,enn_cv,enn_cv,19.065902015753547,NA
24,clustered_24_rot31,clustered,landscape,1,NA,NA,enn_cv,enn_cv,123.49179227182863,NA
25,random_25,random,landscape,1,NA,NA,enn_cv,enn_cv,NA,NA
26,random_26,random,landscape,1,NA,NA,enn_cv,enn_cv,NA,NA
27,labyrinth_27,labyrinth,landscape,1,NA,NA,enn_cv,enn_cv,82.34120898804439,NA
28,clustered_28_rot276,clustered,landscape,1,NA,NA,enn_cv,enn_cv,18.73490976716829,NA
29,clustered_29_rot188,clustered,landscape,1,NA,NA,enn_cv,enn_cv,24.543801092266907,NA
30,clustered_30_rot52,clustered,landscape,1,NA,NA,enn_cv,enn_cv,NA,NA
31,random_31,random,landscape,1,NA,NA,enn_cv,enn_cv,NA,NA
32,random_32,random,landscape,1,NA,NA,enn_cv,enn_cv,3.0486608478006536,NA
33,labyrinth_33,labyrinth,landscape,1,NA,NA,enn_cv,enn_cv,42.003508536336675,NA
34,labyrinth_34,labyrinth,landscape,1,NA,NA,enn_cv,enn_cv,63.72439891372483,NA
35,clustered_35_rot173,clustered,landscape,1,NA,NA,enn_cv,enn_cv,4.749962856752889,NA
36,labyrinth_36,labyrinth,landscape,1,NA,NA,enn_cv,enn_cv,105.04942391301479,NA
37,labyrinth_37,labyrinth,landscape,1,NA,NA,enn_cv,enn_cv,101.94351378810961,NA
38,labyrinth_38,labyrinth,landscape,1,NA,NA,enn_cv,enn_cv,45.721887094440014,NA
39,labyrinth_39,labyrinth,landscape,1,NA,NA,enn_cv,enn_cv,37.287824698631624,NA
40,clustered_40_rot22,clustered,landscape,1,NA,NA,enn_cv,enn_cv,110.18657632723732,NA
41,random_41,random,landscape,1,NA,NA,enn_cv,enn_cv,NA,NA
42,clustered_42_rot150,clustered,landscape,1,NA,NA,enn_cv,enn_cv,28.432908889689806,NA
43,labyrinth_43,labyrinth,landscape,1,NA,NA,enn_cv,enn_cv,64.08975631852883,NA
44,labyrinth_44,labyrinth,landscape,1,NA,NA,enn_cv,enn_cv,57.64583773106495,NA
45,clustered_45_rot177,clustered,landscape,1,NA,NA,enn_cv,enn_cv,61.54174778448095,NA
46,random_46,random,landscape,1,NA,NA,enn_cv,enn_cv,NA,NA
47,random_47,random,landscape,1,NA,NA,enn_cv,enn_cv,NA,NA
48,labyrinth_48,labyrinth,landscape,1,NA,NA,enn_cv,enn_cv,66.13718794244754,NA
49,labyrinth_49,labyrinth,landscape,1,NA,NA,enn_cv,enn_cv,24.846266013188103,NA
50,random_50,random,landscape,1,NA,NA,enn_cv,enn_cv,2.8650118437077268,NA
51,random_51,random,landscape,1,NA,NA,enn_cv,enn_cv,NA,NA
52,random_52,random,landscape,1,NA,NA,enn_cv,enn_cv,8.881171224759257,NA
53,labyrinth_53,labyrinth,landscape,1,NA,NA,enn_cv,enn_cv,40.467337203956646,NA
54,labyrinth_54,labyrinth,landscape,1,NA,NA,enn_cv,enn_cv,52.57395527563692,NA
55,random_55,random,landscape,1,NA,NA,enn_cv,enn_cv,5.9799834015855975,NA
56,labyrinth_56,labyrinth,landscape,1,NA,NA,enn_cv,enn_cv,64.95301074278859,NA
57,random_57,random,landscape,1,NA,NA,enn_cv,enn_cv,4.87256726915272,NA
58,random_58,random,landscape,1,NA,NA,enn_cv,enn_cv,NA,NA
59,labyrinth_59,labyrinth,landscape,1,NA,NA,enn_cv,enn_cv,94.74777868092004,NA
60,clustered_60_rot335,clustered,landscape,1,NA,NA,enn_cv,enn_cv,22.403469131687547,NA
61,clustered_61_rot151,clustered,landscape,1,NA,NA,enn_cv,enn_cv,15.197650113190944,NA
62,clustered_62_rot88,clustered,landscape,1,NA,NA,enn_cv,enn_cv,90.02529173001447,NA
63,random_63,random,landscape,1,NA,NA,enn_cv,enn_cv,9.196031434892426,NA
64,labyrinth_64,labyrinth,landscape,1,NA,NA,enn_cv,enn_cv,60.74307556910446,NA
65,random_65,random,landscape,1,NA,NA,enn_cv,enn_cv,NA,NA
66,clustered_66_rot224,clustered,landscape,1,NA,NA,enn_cv,enn_cv,12.717947382303624,NA
67,labyrinth_67,labyrinth,landscape,1,NA,NA,enn_cv,enn_cv,91.76780881984322,NA
68,labyrinth_68,labyrinth,landscape,1,NA,NA,enn_cv,enn_cv,23.70702586202423,NA
69,clustered_69_rot78,clustered,landscape,1,NA,NA,enn_cv,enn_cv,57.591859548949685,NA
70,clustered_70_rot170,clustered,landscape,1,NA,NA,enn_cv,enn_cv,NA,NA
71,labyrinth_71,labyrinth,landscape,1,NA,NA,enn_cv,enn_cv,55.7016381015768,NA
72,random_72,random,landscape,1,NA,NA,enn_cv,enn_cv,1.5600158136493387,NA
73,clustered_73_rot156,clustered,landscape,1,NA,NA,enn_cv,enn_cv,22.96563420818923,NA
74,clustered_74_rot348,clustered,landscape,1,NA,NA,enn_cv,enn_cv,20.139002505037496,NA
75,random_75,random,landscape,1,NA,NA,enn_cv,enn_cv,NA,NA
76,random_76,random,landscape,1,NA,NA,enn_cv,enn_cv,5.971455304310933,NA
77,labyrinth_77,labyrinth,landscape,1,NA,NA,enn_cv,enn_cv,38.591839567082936,NA
78,random_78,random,landscape,1,NA,NA,enn_cv,enn_cv,3.066234259396481,NA
79,clustered_79_rot79,clustered,landscape,1,NA,NA,enn_cv,enn_cv,103.34210926662846,NA
80,labyrinth_80,labyrinth,landscape,1,NA,NA,enn_cv,enn_cv,82.75976253006957,NA
81,random_81,random,landscape,1,NA,NA,enn_cv,enn_cv,2.5001055637637415,NA
82,clustered_82_rot20,clustered,landscape,1,NA,NA,enn_cv,enn_cv,29.447526677585113,NA
83,random_83,random,landscape,1,NA,NA,enn_cv,enn_cv,1.9000149724752164,NA
84,random_84,random,landscape,1,NA,NA,enn_cv,enn_cv,3.2783475042825416,NA
85,labyrinth_85,labyrinth,landscape,1,NA,NA,enn_cv,enn_cv,25.226689503155004,NA
86,clustered_86_rot6,clustered,landscape,1,NA,NA,enn_cv,enn_cv,10.893997367826117,NA
87,labyrinth_87,labyrinth,landscape,1,NA,NA,enn_cv,enn_cv,46.231192197100654,NA
88,labyrinth_88,labyrinth,landscape,1,NA,NA,enn_cv,enn_cv,89.26289339153192,NA
89,labyrinth_89,labyrinth,landscape,1,NA,NA,enn_cv,enn_cv,NA,NA
90,random_90,random,landscape,1,NA,NA,enn_cv,enn_cv,NA,NA
91,clustered_91_rot72,clustered,landscape,1,NA,NA,enn_cv,enn_cv,66.02093654499109,NA
92,random_92,random,landscape,1,NA,NA,enn_cv,enn_cv,6.237477880681305,NA
93,clustered_93_rot150,clustered,landscape,1,NA,NA,enn_cv,enn_cv,26.899910795142524,NA
94,random_94,random,landscape,1,NA,NA,enn_cv,enn_cv,5.4581664692778435,NA
95,labyrinth_95,labyrinth,landscape,1,NA,NA,enn_cv,enn_cv,62.344172865035006,NA
96,labyrinth_96,labyrinth,landscape,1,NA,NA,enn_cv,enn_cv,82.25127220345226,NA
97,clustered_97_rot105,clustered,landscape,1,NA,NA,enn_cv,enn_cv,26.05006469826327,NA
98,labyrinth_98,labyrinth,landscape,1,NA,NA,enn_cv,enn_cv,36.71039269749973,NA
99,labyrinth_99,labyrinth,landscape,1,NA,NA,enn_cv,enn_cv,35.95169725857827,NA
100,clustered_100_rot83,clustered,landscape,1,NA,NA,enn_cv,enn_cv,59.30738322548819,NA
1,random_1,random,landscape,1,NA,NA,enn_mn,enn_mn,NA,NA
2,random_2,random,landscape,1,NA,NA,enn_mn,enn_mn,NA,NA
3,clustered_3_rot150,clustered,landscape,1,NA,NA,enn_mn,enn_mn,3.9734420460087536,NA
4,random_4,random,landscape,1,NA,NA,enn_mn,enn_mn,2.016861998392842,NA
5,clustered_5_rot91,clustered,landscape,1,NA,NA,enn_mn,enn_mn,2.258871569234579,NA
6,labyrinth_6,labyrinth,landscape,1,NA,NA,enn_mn,enn_mn,2.4943783794165206,NA
7,clustered_7_rot125,clustered,landscape,1,NA,NA,enn_mn,enn_mn,2.410278454188016,NA
8,labyrinth_8,labyrinth,landscape,1,NA,NA,enn_mn,enn_mn,2.7659864844311635,NA
9,clustered_9_rot272,clustered,landscape,1,NA,NA,enn_mn,enn_mn,2.3036221519187783,NA
10,random_10,random,landscape,1,NA,NA,enn_mn,enn_mn,2.0222033001672504,NA
11,labyrinth_11,labyrinth,landscape,1,NA,NA,enn_mn,enn_mn,3.1488817411504746,NA
12,clustered_12_rot17,clustered,landscape,1,NA,NA,enn_mn,enn_mn,2.1671056294608926,NA
13,clustered_13_rot286,clustered,landscape,1,NA,NA,enn_mn,enn_mn,2.1618033988749894,NA
14,random_14,random,landscape,1,NA,NA,enn_mn,enn_mn,2.0240722669732696,NA
15,random_15,random,landscape,1,NA,NA,enn_mn,enn_mn,2.0308705796958724,NA
16,labyrinth_16,labyrinth,landscape,1,NA,NA,enn_mn,enn_mn,2.874868602323395,NA
17,random_17,random,landscape,1,NA,NA,enn_mn,enn_mn,2.051994789569405,NA
18,labyrinth_18,labyrinth,landscape,1,NA,NA,enn_mn,enn_mn,2.866632245917004,NA
19,clustered_19_rot254,clustered,landscape,1,NA,NA,enn_mn,enn_mn,NA,NA
20,random_20,random,landscape,1,NA,NA,enn_mn,enn_mn,NA,NA
21,clustered_21_rot190,clustered,landscape,1,NA,NA,enn_mn,enn_mn,2.2817337078570827,NA
22,clustered_22_rot218,clustered,landscape,1,NA,NA,enn_mn,enn_mn,3.4346699769172253,NA
23,clustered_23_rot3,clustered,landscape,1,NA,NA,enn_mn,enn_mn,2.169755506542112,NA
24,clustered_24_rot31,clustered,landscape,1,NA,NA,enn_mn,enn_mn,6.266166322945278,NA
25,random_25,random,landscape,1,NA,NA,enn_mn,enn_mn,NA,NA
26,random_26,random,landscape,1,NA,NA,enn_mn,enn_mn,NA,NA
27,labyrinth_27,labyrinth,landscape,1,NA,NA,enn_mn,enn_mn,2.6687252214739794,NA
28,clustered_28_rot276,clustered,landscape,1,NA,NA,enn_mn,enn_mn,2.104161689711514,NA
29,clustered_29_rot188,clustered,landscape,1,NA,NA,enn_mn,enn_mn,2.2126525461966753,NA
30,clustered_30_rot52,clustered,landscape,1,NA,NA,enn_mn,enn_mn,NA,NA
31,random_31,random,landscape,1,NA,NA,enn_mn,enn_mn,NA,NA
32,random_32,random,landscape,1,NA,NA,enn_mn,enn_mn,2.017133966108856,NA
33,labyrinth_33,labyrinth,landscape,1,NA,NA,enn_mn,enn_mn,2.4994523046233224,NA
34,labyrinth_34,labyrinth,landscape,1,NA,NA,enn_mn,enn_mn,2.5223414958190276,NA
35,clustered_35_rot173,clustered,landscape,1,NA,NA,enn_mn,enn_mn,2.048841650517198,NA
36,labyrinth_36,labyrinth,landscape,1,NA,NA,enn_mn,enn_mn,3.1668538617171413,NA
37,labyrinth_37,labyrinth,landscape,1,NA,NA,enn_mn,enn_mn,2.8313385994793516,NA
38,labyrinth_38,labyrinth,landscape,1,NA,NA,enn_mn,enn_mn,2.2581956978341085,NA
39,labyrinth_39,labyrinth,landscape,1,NA,NA,enn_mn,enn_mn,2.498570538420415,NA
40,clustered_40_rot22,clustered,landscape,1,NA,NA,enn_mn,enn_mn,3.2929171999207205,NA
41,random_41,random,landscape,1,NA,NA,enn_mn,enn_mn,NA,NA
42,clustered_42_rot150,clustered,landscape,1,NA,NA,enn_mn,enn_mn,2.3200958653025054,NA
43,labyrinth_43,labyrinth,landscape,1,NA,NA,enn_mn,enn_mn,2.5614240153696524,NA
44,labyrinth_44,labyrinth,landscape,1,NA,NA,enn_mn,enn_mn,2.792395703151485,NA
45,clustered_45_rot177,clustered,landscape,1,NA,NA,enn_mn,enn_mn,2.6215169943749475,NA
46,random_46,random,landscape,1,NA,NA,enn_mn,enn_mn,NA,NA
47,random_47,random,landscape,1,NA,NA,enn_mn,enn_mn,NA,NA
48,labyrinth_48,labyrinth,landscape,1,NA,NA,enn_mn,enn_mn,2.55175093662808,NA
49,labyrinth_49,labyrinth,landscape,1,NA,NA,enn_mn,enn_mn,2.304682952232033,NA
50,random_50,random,landscape,1,NA,NA,enn_mn,enn_mn,2.014909556473671,NA
51,random_51,random,landscape,1,NA,NA,enn_mn,enn_mn,NA,NA
52,random_52,random,landscape,1,NA,NA,enn_mn,enn_mn,2.0783965255384826,NA
53,labyrinth_53,labyrinth,landscape,1,NA,NA,enn_mn,enn_mn,2.445273882967735,NA
54,labyrinth_54,labyrinth,landscape,1,NA,NA,enn_mn,enn_mn,2.72513525505125,NA
55,random_55,random,landscape,1,NA,NA,enn_mn,enn_mn,2.0408354310411534,NA
56,labyrinth_56,labyrinth,landscape,1,NA,NA,enn_mn,enn_mn,2.7088616919091377,NA
57,random_57,random,landscape,1,NA,NA,enn_mn,enn_mn,2.039184510074305,NA
58,random_58,random,landscape,1,NA,NA,enn_mn,enn_mn,NA,NA
59,labyrinth_59,labyrinth,landscape,1,NA,NA,enn_mn,enn_mn,3.1901181595805275,NA
60,clustered_60_rot335,clustered,landscape,1,NA,NA,enn_mn,enn_mn,2.1228426681884027,NA
61,clustered_61_rot151,clustered,landscape,1,NA,NA,enn_mn,enn_mn,2.186526831395895,NA
62,clustered_62_rot88,clustered,landscape,1,NA,NA,enn_mn,enn_mn,3.449296488256259,NA
63,random_63,random,landscape,1,NA,NA,enn_mn,enn_mn,2.0844215522215332,NA
64,labyrinth_64,labyrinth,landscape,1,NA,NA,enn_mn,enn_mn,2.923217142665681,NA
65,random_65,random,landscape,1,NA,NA,enn_mn,enn_mn,NA,NA
66,clustered_66_rot224,clustered,landscape,1,NA,NA,enn_mn,enn_mn,2.1289397270780017,NA
67,labyrinth_67,labyrinth,landscape,1,NA,NA,enn_mn,enn_mn,2.8636355298103324,NA
68,labyrinth_68,labyrinth,landscape,1,NA,NA,enn_mn,enn_mn,2.3138209682702016,NA
69,clustered_69_rot78,clustered,landscape,1,NA,NA,enn_mn,enn_mn,3.05584779446429,NA
70,clustered_70_rot170,clustered,landscape,1,NA,NA,enn_mn,enn_mn,NA,NA
71,labyrinth_71,labyrinth,landscape,1,NA,NA,enn_mn,enn_mn,2.503880372955136,NA
72,random_72,random,landscape,1,NA,NA,enn_mn,enn_mn,2.004178194292032,NA
73,clustered_73_rot156,clustered,landscape,1,NA,NA,enn_mn,enn_mn,2.3274947963176067,NA
74,clustered_74_rot348,clustered,landscape,1,NA,NA,enn_mn,enn_mn,2.216202703241496,NA
75,random_75,random,landscape,1,NA,NA,enn_mn,enn_mn,NA,NA
76,random_76,random,landscape,1,NA,NA,enn_mn,enn_mn,2.044428478162423,NA
77,labyrinth_77,labyrinth,landscape,1,NA,NA,enn_mn,enn_mn,2.2723369242251783,NA
78,random_78,random,landscape,1,NA,NA,enn_mn,enn_mn,2.0172732666463262,NA
79,clustered_79_rot79,clustered,landscape,1,NA,NA,enn_mn,enn_mn,2.8575426347577584,NA
80,labyrinth_80,labyrinth,landscape,1,NA,NA,enn_mn,enn_mn,3.0536582090507793,NA
81,random_81,random,landscape,1,NA,NA,enn_mn,enn_mn,2.011165377314179,NA
82,clustered_82_rot20,clustered,landscape,1,NA,NA,enn_mn,enn_mn,2.372815994170299,NA
83,random_83,random,landscape,1,NA,NA,enn_mn,enn_mn,2.0062672914380477,NA
84,random_84,random,landscape,1,NA,NA,enn_mn,enn_mn,2.0200908917021096,NA
85,labyrinth_85,labyrinth,landscape,1,NA,NA,enn_mn,enn_mn,2.2787803039961108,NA
86,clustered_86_rot6,clustered,landscape,1,NA,NA,enn_mn,enn_mn,2.081343044404732,NA
87,labyrinth_87,labyrinth,landscape,1,NA,NA,enn_mn,enn_mn,2.4502965503932894,NA
88,labyrinth_88,labyrinth,landscape,1,NA,NA,enn_mn,enn_mn,2.5371068355415276,NA
89,labyrinth_89,labyrinth,landscape,1,NA,NA,enn_mn,enn_mn,NA,NA
90,random_90,random,landscape,1,NA,NA,enn_mn,enn_mn,NA,NA
91,clustered_91_rot72,clustered,landscape,1,NA,NA,enn_mn,enn_mn,3.2293972295776037,NA
92,random_92,random,landscape,1,NA,NA,enn_mn,enn_mn,2.045766468972408,NA
93,clustered_93_rot150,clustered,landscape,1,NA,NA,enn_mn,enn_mn,2.320071071111091,NA
94,random_94,random,landscape,1,NA,NA,enn_mn,enn_mn,2.0223597922290235,NA
95,labyrinth_95,labyrinth,landscape,1,NA,NA,enn_mn,enn_mn,2.474552553007811,NA
96,labyrinth_96,labyrinth,landscape,1,NA,NA,enn_mn,enn_mn,2.738685433088489,NA
97,clustered_97_rot105,clustered,landscape,1,NA,NA,enn_mn,enn_mn,2.220820393249937,NA
98,labyrinth_98,labyrinth,landscape,1,NA,NA,enn_mn,enn_mn,2.348200283230054,NA
99,labyrinth_99,labyrinth,landscape,1,NA,NA,enn_mn,enn_mn,2.6978812047856526,NA
100,clustered_100_rot83,clustered,landscape,1,NA,NA,enn_mn,enn_mn,3.1788771421664417,NA
1,random_1,random,landscape,1,NA,NA,enn_sd,enn_sd,NA,NA
2,random_2,random,landscape,1,NA,NA,enn_sd,enn_sd,NA,NA
3,clustered_3_rot150,clustered,landscape,1,NA,NA,enn_sd,enn_sd,3.927578837843626,NA
4,random_4,random,landscape,1,NA,NA,enn_sd,enn_sd,0.06116194904009758,NA
5,clustered_5_rot91,clustered,landscape,1,NA,NA,enn_sd,enn_sd,0.43247019289103067,NA
6,labyrinth_6,labyrinth,landscape,1,NA,NA,enn_sd,enn_sd,1.2324054115202911,NA
7,clustered_7_rot125,clustered,landscape,1,NA,NA,enn_sd,enn_sd,0.940636835383923,NA
8,labyrinth_8,labyrinth,landscape,1,NA,NA,enn_sd,enn_sd,2.4831382486044657,NA
9,clustered_9_rot272,clustered,landscape,1,NA,NA,enn_sd,enn_sd,0.6442218554418189,NA
10,random_10,random,landscape,1,NA,NA,enn_sd,enn_sd,0.09220682866920529,NA
11,labyrinth_11,labyrinth,landscape,1,NA,NA,enn_sd,enn_sd,2.1263029645869125,NA
12,clustered_12_rot17,clustered,landscape,1,NA,NA,enn_sd,enn_sd,0.3552136332746715,NA
13,clustered_13_rot286,clustered,landscape,1,NA,NA,enn_sd,enn_sd,0.6701186576880428,NA
14,random_14,random,landscape,1,NA,NA,enn_sd,enn_sd,0.08193322715951513,NA
15,random_15,random,landscape,1,NA,NA,enn_sd,enn_sd,0.11723523462755762,NA
16,labyrinth_16,labyrinth,landscape,1,NA,NA,enn_sd,enn_sd,1.3950853112115287,NA
17,random_17,random,landscape,1,NA,NA,enn_sd,enn_sd,0.15662070111293622,NA
18,labyrinth_18,labyrinth,landscape,1,NA,NA,enn_sd,enn_sd,1.762456917709994,NA
19,clustered_19_rot254,clustered,landscape,1,NA,NA,enn_sd,enn_sd,NA,NA
20,random_20,random,landscape,1,NA,NA,enn_sd,enn_sd,NA,NA
21,clustered_21_rot190,clustered,landscape,1,NA,NA,enn_sd,enn_sd,1.3084250643002426,NA
22,clustered_22_rot218,clustered,landscape,1,NA,NA,enn_sd,enn_sd,2.3713596025549917,NA
23,clustered_23_rot3,clustered,landscape,1,NA,NA,enn_sd,enn_sd,0.41368345885873614,NA
24,clustered_24_rot31,clustered,landscape,1,NA,NA,enn_sd,enn_sd,7.738201098938865,NA
25,random_25,random,landscape,1,NA,NA,enn_sd,enn_sd,NA,NA
26,random_26,random,landscape,1,NA,NA,enn_sd,enn_sd,NA,NA
27,labyrinth_27,labyrinth,landscape,1,NA,NA,enn_sd,enn_sd,2.19746061193054,NA
28,clustered_28_rot276,clustered,landscape,1,NA,NA,enn_sd,enn_sd,0.39421279392277575,NA
29,clustered_29_rot188,clustered,landscape,1,NA,NA,enn_sd,enn_sd,0.5430690398014911,NA
30,clustered_30_rot52,clustered,landscape,1,NA,NA,enn_sd,enn_sd,NA,NA
31,random_31,random,landscape,1,NA,NA,enn_sd,enn_sd,NA,NA
32,random_32,random,landscape,1,NA,NA,enn_sd,enn_sd,0.061495573472449196,NA
33,labyrinth_33,labyrinth,landscape,1,NA,NA,enn_sd,enn_sd,1.049857662134121,NA
34,labyrinth_34,labyrinth,landscape,1,NA,NA,enn_sd,enn_sd,1.6073469567621312,NA
35,clustered_35_rot173,clustered,landscape,1,NA,NA,enn_sd,enn_sd,0.09731921739324972,NA
36,labyrinth_36,labyrinth,landscape,1,NA,NA,enn_sd,enn_sd,3.326761737900919,NA
37,labyrinth_37,labyrinth,landscape,1,NA,NA,enn_sd,enn_sd,2.8863660555483026,NA
38,labyrinth_38,labyrinth,landscape,1,NA,NA,enn_sd,enn_sd,1.032489687335213,NA
39,labyrinth_39,labyrinth,landscape,1,NA,NA,enn_sd,enn_sd,0.9316626023378607,NA
40,clustered_40_rot22,clustered,landscape,1,NA,NA,enn_sd,enn_sd,3.6283527238833706,NA
41,random_41,random,landscape,1,NA,NA,enn_sd,enn_sd,NA,NA
42,clustered_42_rot150,clustered,landscape,1,NA,NA,enn_sd,enn_sd,0.6596707435349217,NA
43,labyrinth_43,labyrinth,landscape,1,NA,NA,enn_sd,enn_sd,1.6416104097346866,NA
44,labyrinth_44,labyrinth,landscape,1,NA,NA,enn_sd,enn_sd,1.6096998958479352,NA
45,clustered_45_rot177,clustered,landscape,1,NA,NA,enn_sd,enn_sd,1.6133273768055358,NA
46,random_46,random,landscape,1,NA,NA,enn_sd,enn_sd,NA,NA
47,random_47,random,landscape,1,NA,NA,enn_sd,enn_sd,NA,NA
48,labyrinth_48,labyrinth,landscape,1,NA,NA,enn_sd,enn_sd,1.6876563127808788,NA
49,labyrinth_49,labyrinth,landscape,1,NA,NA,enn_sd,enn_sd,0.5726276570721678,NA
50,random_50,random,landscape,1,NA,NA,enn_sd,enn_sd,0.05772739743296949,NA
51,random_51,random,landscape,1,NA,NA,enn_sd,enn_sd,NA,NA
52,random_52,random,landscape,1,NA,NA,enn_sd,enn_sd,0.18458595416251988,NA
53,labyrinth_53,labyrinth,landscape,1,NA,NA,enn_sd,enn_sd,0.9895372277808376,NA
54,labyrinth_54,labyrinth,landscape,1,NA,NA,enn_sd,enn_sd,1.4327113901912583,NA
55,random_55,random,landscape,1,NA,NA,enn_sd,enn_sd,0.12204162002993885,NA
56,labyrinth_56,labyrinth,landscape,1,NA,NA,enn_sd,enn_sd,1.7594872257530272,NA
57,random_57,random,landscape,1,NA,NA,enn_sd,enn_sd,0.09936063699551283,NA
58,random_58,random,landscape,1,NA,NA,enn_sd,enn_sd,NA,NA
59,labyrinth_59,labyrinth,landscape,1,NA,NA,enn_sd,enn_sd,3.0225660934991976,NA
60,clustered_60_rot335,clustered,landscape,1,NA,NA,enn_sd,enn_sd,0.4755904018818811,NA
61,clustered_61_rot151,clustered,landscape,1,NA,NA,enn_sd,enn_sd,0.3323006974665886,NA
62,clustered_62_rot88,clustered,landscape,1,NA,NA,enn_sd,enn_sd,3.1052392261858417,NA
63,random_63,random,landscape,1,NA,NA,enn_sd,enn_sd,0.19168406117796483,NA
64,labyrinth_64,labyrinth,landscape,1,NA,NA,enn_sd,enn_sd,1.7756519980184309,NA
65,random_65,random,landscape,1,NA,NA,enn_sd,enn_sd,NA,NA
66,clustered_66_rot224,clustered,landscape,1,NA,NA,enn_sd,enn_sd,0.2707574342907386,NA
67,labyrinth_67,labyrinth,landscape,1,NA,NA,enn_sd,enn_sd,2.6278955782934506,NA
68,labyrinth_68,labyrinth,landscape,1,NA,NA,enn_sd,enn_sd,0.5485381353487562,NA
69,clustered_69_rot78,clustered,landscape,1,NA,NA,enn_sd,enn_sd,1.7599195698175505,NA
70,clustered_70_rot170,clustered,landscape,1,NA,NA,enn_sd,enn_sd,NA,NA
71,labyrinth_71,labyrinth,landscape,1,NA,NA,enn_sd,enn_sd,1.3947023838398815,NA
72,random_72,random,landscape,1,NA,NA,enn_sd,enn_sd,0.031265496764667465,NA
73,clustered_73_rot156,clustered,landscape,1,NA,NA,enn_sd,enn_sd,0.5345239411369405,NA
74,clustered_74_rot348,clustered,landscape,1,NA,NA,enn_sd,enn_sd,0.4463211179225136,NA
75,random_75,random,landscape,1,NA,NA,enn_sd,enn_sd,NA,NA
76,random_76,random,landscape,1,NA,NA,enn_sd,enn_sd,0.12208213280207328,NA
77,labyrinth_77,labyrinth,landscape,1,NA,NA,enn_sd,enn_sd,0.8769366202205677,NA
78,random_78,random,landscape,1,NA,NA,enn_sd,enn_sd,0.06185432400755617,NA
79,clustered_79_rot79,clustered,landscape,1,NA,NA,enn_sd,enn_sd,2.9530448319518565,NA
80,labyrinth_80,labyrinth,landscape,1,NA,NA,enn_sd,enn_sd,2.5272002822904005,NA
81,random_81,random,landscape,1,NA,NA,enn_sd,enn_sd,0.050281257494721836,NA
82,clustered_82_rot20,clustered,landscape,1,NA,NA,enn_sd,enn_sd,0.6987356228933053,NA
83,random_83,random,landscape,1,NA,NA,enn_sd,enn_sd,0.038119378925195894,NA
84,random_84,random,landscape,1,NA,NA,enn_sd,enn_sd,0.06622559933235506,NA
85,labyrinth_85,labyrinth,landscape,1,NA,NA,enn_sd,enn_sd,0.5748608317481505,NA
86,clustered_86_rot6,clustered,landscape,1,NA,NA,enn_sd,enn_sd,0.22674145647288343,NA
87,labyrinth_87,labyrinth,landscape,1,NA,NA,enn_sd,enn_sd,1.1328013076112489,NA
88,labyrinth_88,labyrinth,landscape,1,NA,NA,enn_sd,enn_sd,2.2646949698387027,NA
89,labyrinth_89,labyrinth,landscape,1,NA,NA,enn_sd,enn_sd,NA,NA
90,random_90,random,landscape,1,NA,NA,enn_sd,enn_sd,NA,NA
91,clustered_91_rot72,clustered,landscape,1,NA,NA,enn_sd,enn_sd,2.13207829572513,NA
92,random_92,random,landscape,1,NA,NA,enn_sd,enn_sd,0.12760423099254892,NA
93,clustered_93_rot150,clustered,landscape,1,NA,NA,enn_sd,enn_sd,0.6240970485127911,NA
94,random_94,random,landscape,1,NA,NA,enn_sd,enn_sd,0.11038376406760163,NA
95,labyrinth_95,labyrinth,landscape,1,NA,NA,enn_sd,enn_sd,1.542739321283327,NA
96,labyrinth_96,labyrinth,landscape,1,NA,NA,enn_sd,enn_sd,2.2526036103659086,NA
97,clustered_97_rot105,clustered,landscape,1,NA,NA,enn_sd,enn_sd,0.5785251492738334,NA
98,labyrinth_98,labyrinth,landscape,1,NA,NA,enn_sd,enn_sd,0.8620335452975536,NA
99,labyrinth_99,labyrinth,landscape,1,NA,NA,enn_sd,enn_sd,0.9699340831406219,NA
100,clustered_100_rot83,clustered,landscape,1,NA,NA,enn_sd,enn_sd,1.8853088489720986,NA
1,random_1,random,landscape,1,NA,NA,ent,ent,0.7872705340877199,NA
2,random_2,random,landscape,1,NA,NA,ent,ent,0.8056264843854046,NA
3,clustered_3_rot150,clustered,landscape,1,NA,NA,ent,ent,0.9998044449721893,NA
4,random_4,random,landscape,1,NA,NA,ent,ent,0.9999999926400621,NA
5,clustered_5_rot91,clustered,landscape,1,NA,NA,ent,ent,0.9859686396557606,NA
6,labyrinth_6,labyrinth,landscape,1,NA,NA,ent,ent,0.9838839824472198,NA
7,clustered_7_rot125,clustered,landscape,1,NA,NA,ent,ent,0.9771717778978816,NA
8,labyrinth_8,labyrinth,landscape,1,NA,NA,ent,ent,0.9749641120719379,NA
9,clustered_9_rot272,clustered,landscape,1,NA,NA,ent,ent,0.9991639777043205,NA
10,random_10,random,landscape,1,NA,NA,ent,ent,0.991270094792835,NA
11,labyrinth_11,labyrinth,landscape,1,NA,NA,ent,ent,0.9880304970722626,NA
12,clustered_12_rot17,clustered,landscape,1,NA,NA,ent,ent,0.9946946897228764,NA
13,clustered_13_rot286,clustered,landscape,1,NA,NA,ent,ent,0.9998992474637101,NA
14,random_14,random,landscape,1,NA,NA,ent,ent,0.9493248116780921,NA
15,random_15,random,landscape,1,NA,NA,ent,ent,0.94020333176039,NA
16,labyrinth_16,labyrinth,landscape,1,NA,NA,ent,ent,0.9746067819426029,NA
17,random_17,random,landscape,1,NA,NA,ent,ent,0.8961243877751258,NA
18,labyrinth_18,labyrinth,landscape,1,NA,NA,ent,ent,0.9449237684173285,NA
19,clustered_19_rot254,clustered,landscape,1,NA,NA,ent,ent,0.9999349666109054,NA
20,random_20,random,landscape,1,NA,NA,ent,ent,0.5545222777593923,NA
21,clustered_21_rot190,clustered,landscape,1,NA,NA,ent,ent,0.9886810891915002,NA
22,clustered_22_rot218,clustered,landscape,1,NA,NA,ent,ent,0.9568021012358756,NA
23,clustered_23_rot3,clustered,landscape,1,NA,NA,ent,ent,0.7258500403115885,NA
24,clustered_24_rot31,clustered,landscape,1,NA,NA,ent,ent,0.9584156978359617,NA
25,random_25,random,landscape,1,NA,NA,ent,ent,0.8168729303337937,NA
26,random_26,random,landscape,1,NA,NA,ent,ent,0.7741173113412916,NA
27,labyrinth_27,labyrinth,landscape,1,NA,NA,ent,ent,0.9901763352718305,NA
28,clustered_28_rot276,clustered,landscape,1,NA,NA,ent,ent,0.8826141971659988,NA
29,clustered_29_rot188,clustered,landscape,1,NA,NA,ent,ent,0.9862429964384951,NA
30,clustered_30_rot52,clustered,landscape,1,NA,NA,ent,ent,0.9839058796729653,NA
31,random_31,random,landscape,1,NA,NA,ent,ent,0.511909324464377,NA
32,random_32,random,landscape,1,NA,NA,ent,ent,0.9892777260099105,NA
33,labyrinth_33,labyrinth,landscape,1,NA,NA,ent,ent,0.9992695868811569,NA
34,labyrinth_34,labyrinth,landscape,1,NA,NA,ent,ent,0.9726383513293132,NA
35,clustered_35_rot173,clustered,landscape,1,NA,NA,ent,ent,0.9994062953972541,NA
36,labyrinth_36,labyrinth,landscape,1,NA,NA,ent,ent,0.9988132359921269,NA
37,labyrinth_37,labyrinth,landscape,1,NA,NA,ent,ent,0.9887725351450715,NA
38,labyrinth_38,labyrinth,landscape,1,NA,NA,ent,ent,0.9979276984019902,NA
39,labyrinth_39,labyrinth,landscape,1,NA,NA,ent,ent,0.9999890907044461,NA
40,clustered_40_rot22,clustered,landscape,1,NA,NA,ent,ent,0.982037134574901,NA
41,random_41,random,landscape,1,NA,NA,ent,ent,0.7694180498539333,NA
42,clustered_42_rot150,clustered,landscape,1,NA,NA,ent,ent,0.9451903345299841,NA
43,labyrinth_43,labyrinth,landscape,1,NA,NA,ent,ent,0.9999211570682209,NA
44,labyrinth_44,labyrinth,landscape,1,NA,NA,ent,ent,0.998594023215399,NA
45,clustered_45_rot177,clustered,landscape,1,NA,NA,ent,ent,0.9835205043134567,NA
46,random_46,random,landscape,1,NA,NA,ent,ent,0.8429463833622677,NA
47,random_47,random,landscape,1,NA,NA,ent,ent,0.7994219218878608,NA
48,labyrinth_48,labyrinth,landscape,1,NA,NA,ent,ent,0.9978408250542836,NA
49,labyrinth_49,labyrinth,landscape,1,NA,NA,ent,ent,0.98939332685243,NA
50,random_50,random,landscape,1,NA,NA,ent,ent,0.999315233423357,NA
51,random_51,random,landscape,1,NA,NA,ent,ent,0.52593959790604,NA
52,random_52,random,landscape,1,NA,NA,ent,ent,0.8025178505812144,NA
53,labyrinth_53,labyrinth,landscape,1,NA,NA,ent,ent,0.9977684181061108,NA
54,labyrinth_54,labyrinth,landscape,1,NA,NA,ent,ent,0.9885892693901984,NA
55,random_55,random,landscape,1,NA,NA,ent,ent,0.8949435953101319,NA
56,labyrinth_56,labyrinth,landscape,1,NA,NA,ent,ent,0.9994083843517961,NA
57,random_57,random,landscape,1,NA,NA,ent,ent,0.9611377533333942,NA
58,random_58,random,landscape,1,NA,NA,ent,ent,0.7497034374522734,NA
59,labyrinth_59,labyrinth,landscape,1,NA,NA,ent,ent,0.932456616711758,NA
60,clustered_60_rot335,clustered,landscape,1,NA,NA,ent,ent,0.9736740857719779,NA
61,clustered_61_rot151,clustered,landscape,1,NA,NA,ent,ent,0.8903256736655589,NA
62,clustered_62_rot88,clustered,landscape,1,NA,NA,ent,ent,0.9974668289982362,NA
63,random_63,random,landscape,1,NA,NA,ent,ent,0.7952921530047481,NA
64,labyrinth_64,labyrinth,landscape,1,NA,NA,ent,ent,0.9643417346970791,NA
65,random_65,random,landscape,1,NA,NA,ent,ent,0.718225869973912,NA
66,clustered_66_rot224,clustered,landscape,1,NA,NA,ent,ent,0.993354435858384,NA
67,labyrinth_67,labyrinth,landscape,1,NA,NA,ent,ent,0.9957447144698219,NA
68,labyrinth_68,labyrinth,landscape,1,NA,NA,ent,ent,0.9942278103342419,NA
69,clustered_69_rot78,clustered,landscape,1,NA,NA,ent,ent,0.9491279924050142,NA
70,clustered_70_rot170,clustered,landscape,1,NA,NA,ent,ent,0.9903293097046081,NA
71,labyrinth_71,labyrinth,landscape,1,NA,NA,ent,ent,0.9991565173518603,NA
72,random_72,random,landscape,1,NA,NA,ent,ent,0.9955691936384264,NA
73,clustered_73_rot156,clustered,landscape,1,NA,NA,ent,ent,0.8016950145994436,NA
74,clustered_74_rot348,clustered,landscape,1,NA,NA,ent,ent,0.7837336063517651,NA
75,random_75,random,landscape,1,NA,NA,ent,ent,0.7172572253319587,NA
76,random_76,random,landscape,1,NA,NA,ent,ent,0.8991155807881688,NA
77,labyrinth_77,labyrinth,landscape,1,NA,NA,ent,ent,0.9988745126178512,NA
78,random_78,random,landscape,1,NA,NA,ent,ent,0.999945565214138,NA
79,clustered_79_rot79,clustered,landscape,1,NA,NA,ent,ent,0.9999203934467003,NA
80,labyrinth_80,labyrinth,landscape,1,NA,NA,ent,ent,0.8901185931049252,NA
81,random_81,random,landscape,1,NA,NA,ent,ent,0.9871377743721862,NA
82,clustered_82_rot20,clustered,landscape,1,NA,NA,ent,ent,0.9263090567639624,NA
83,random_83,random,landscape,1,NA,NA,ent,ent,0.9971138918832088,NA
84,random_84,random,landscape,1,NA,NA,ent,ent,0.9999994682444162,NA
85,labyrinth_85,labyrinth,landscape,1,NA,NA,ent,ent,0.9507108639127572,NA
86,clustered_86_rot6,clustered,landscape,1,NA,NA,ent,ent,0.9999914918949815,NA
87,labyrinth_87,labyrinth,landscape,1,NA,NA,ent,ent,0.9627322641614635,NA
88,labyrinth_88,labyrinth,landscape,1,NA,NA,ent,ent,0.9875064556384204,NA
89,labyrinth_89,labyrinth,landscape,1,NA,NA,ent,ent,0.9726669989891488,NA
90,random_90,random,landscape,1,NA,NA,ent,ent,0.6669780281980915,NA
91,clustered_91_rot72,clustered,landscape,1,NA,NA,ent,ent,0.9968062096720472,NA
92,random_92,random,landscape,1,NA,NA,ent,ent,0.90136303456199,NA
93,clustered_93_rot150,clustered,landscape,1,NA,NA,ent,ent,0.9342708654302962,NA
94,random_94,random,landscape,1,NA,NA,ent,ent,0.9805854078373714,NA
95,labyrinth_95,labyrinth,landscape,1,NA,NA,ent,ent,0.9975990262457307,NA
96,labyrinth_96,labyrinth,landscape,1,NA,NA,ent,ent,0.9566934023263567,NA
97,clustered_97_rot105,clustered,landscape,1,NA,NA,ent,ent,0.9172824193957816,NA
98,labyrinth_98,labyrinth,landscape,1,NA,NA,ent,ent,0.9725523165688429,NA
99,labyrinth_99,labyrinth,landscape,1,NA,NA,ent,ent,0.8654368313431071,NA
100,clustered_100_rot83,clustered,landscape,1,NA,NA,ent,ent,0.9468361108719826,NA
1,random_1,random,landscape,1,NA,NA,frac_cv,frac_cv,26.637535457518325,NA
2,random_2,random,landscape,1,NA,NA,frac_cv,frac_cv,26.732138868624617,NA
3,clustered_3_rot150,clustered,landscape,1,NA,NA,frac_cv,frac_cv,22.18890529593443,NA
4,random_4,random,landscape,1,NA,NA,frac_cv,frac_cv,21.669074240041386,NA
5,clustered_5_rot91,clustered,landscape,1,NA,NA,frac_cv,frac_cv,28.831624785467273,NA
6,labyrinth_6,labyrinth,landscape,1,NA,NA,frac_cv,frac_cv,13.323089172112285,NA
7,clustered_7_rot125,clustered,landscape,1,NA,NA,frac_cv,frac_cv,17.90801180740767,NA
8,labyrinth_8,labyrinth,landscape,1,NA,NA,frac_cv,frac_cv,19.879588874217948,NA
9,clustered_9_rot272,clustered,landscape,1,NA,NA,frac_cv,frac_cv,29.774792082416013,NA
10,random_10,random,landscape,1,NA,NA,frac_cv,frac_cv,23.52783026522494,NA
11,labyrinth_11,labyrinth,landscape,1,NA,NA,frac_cv,frac_cv,20.365976120828233,NA
12,clustered_12_rot17,clustered,landscape,1,NA,NA,frac_cv,frac_cv,25.562643788783213,NA
13,clustered_13_rot286,clustered,landscape,1,NA,NA,frac_cv,frac_cv,17.530739341790344,NA
14,random_14,random,landscape,1,NA,NA,frac_cv,frac_cv,25.46430784003706,NA
15,random_15,random,landscape,1,NA,NA,frac_cv,frac_cv,24.82871733149935,NA
16,labyrinth_16,labyrinth,landscape,1,NA,NA,frac_cv,frac_cv,21.36452958448126,NA
17,random_17,random,landscape,1,NA,NA,frac_cv,frac_cv,26.77085080599172,NA
18,labyrinth_18,labyrinth,landscape,1,NA,NA,frac_cv,frac_cv,22.584583846481284,NA
19,clustered_19_rot254,clustered,landscape,1,NA,NA,frac_cv,frac_cv,11.572607722179207,NA
20,random_20,random,landscape,1,NA,NA,frac_cv,frac_cv,27.785711424542335,NA
21,clustered_21_rot190,clustered,landscape,1,NA,NA,frac_cv,frac_cv,21.8339439164281,NA
22,clustered_22_rot218,clustered,landscape,1,NA,NA,frac_cv,frac_cv,14.396300681384774,NA
23,clustered_23_rot3,clustered,landscape,1,NA,NA,frac_cv,frac_cv,26.444235217057926,NA
24,clustered_24_rot31,clustered,landscape,1,NA,NA,frac_cv,frac_cv,16.092295490788818,NA
25,random_25,random,landscape,1,NA,NA,frac_cv,frac_cv,26.8132762812647,NA
26,random_26,random,landscape,1,NA,NA,frac_cv,frac_cv,27.276962009718535,NA
27,labyrinth_27,labyrinth,landscape,1,NA,NA,frac_cv,frac_cv,28.637559127990485,NA
28,clustered_28_rot276,clustered,landscape,1,NA,NA,frac_cv,frac_cv,22.1655933623197,NA
29,clustered_29_rot188,clustered,landscape,1,NA,NA,frac_cv,frac_cv,26.30483448442978,NA
30,clustered_30_rot52,clustered,landscape,1,NA,NA,frac_cv,frac_cv,11.639835021043536,NA
31,random_31,random,landscape,1,NA,NA,frac_cv,frac_cv,28.44111384853883,NA
32,random_32,random,landscape,1,NA,NA,frac_cv,frac_cv,24.828806171106667,NA
33,labyrinth_33,labyrinth,landscape,1,NA,NA,frac_cv,frac_cv,23.060364933830105,NA
34,labyrinth_34,labyrinth,landscape,1,NA,NA,frac_cv,frac_cv,24.867106682195107,NA
35,clustered_35_rot173,clustered,landscape,1,NA,NA,frac_cv,frac_cv,18.891693309795933,NA
36,labyrinth_36,labyrinth,landscape,1,NA,NA,frac_cv,frac_cv,28.324162611435717,NA
37,labyrinth_37,labyrinth,landscape,1,NA,NA,frac_cv,frac_cv,25.693057827951193,NA
38,labyrinth_38,labyrinth,landscape,1,NA,NA,frac_cv,frac_cv,21.639606786919273,NA
39,labyrinth_39,labyrinth,landscape,1,NA,NA,frac_cv,frac_cv,23.52237491873252,NA
40,clustered_40_rot22,clustered,landscape,1,NA,NA,frac_cv,frac_cv,17.827184973891658,NA
41,random_41,random,landscape,1,NA,NA,frac_cv,frac_cv,27.960056619399225,NA
42,clustered_42_rot150,clustered,landscape,1,NA,NA,frac_cv,frac_cv,26.022090843767092,NA
43,labyrinth_43,labyrinth,landscape,1,NA,NA,frac_cv,frac_cv,27.02468280423153,NA
44,labyrinth_44,labyrinth,landscape,1,NA,NA,frac_cv,frac_cv,24.636552146551587,NA
45,clustered_45_rot177,clustered,landscape,1,NA,NA,frac_cv,frac_cv,18.495924069181044,NA
46,random_46,random,landscape,1,NA,NA,frac_cv,frac_cv,26.38145528561487,NA
47,random_47,random,landscape,1,NA,NA,frac_cv,frac_cv,26.58655539664574,NA
48,labyrinth_48,labyrinth,landscape,1,NA,NA,frac_cv,frac_cv,25.60792272180081,NA
49,labyrinth_49,labyrinth,landscape,1,NA,NA,frac_cv,frac_cv,21.44070532707112,NA
50,random_50,random,landscape,1,NA,NA,frac_cv,frac_cv,24.418669806214897,NA
51,random_51,random,landscape,1,NA,NA,frac_cv,frac_cv,29.05878742723113,NA
52,random_52,random,landscape,1,NA,NA,frac_cv,frac_cv,27.20519093119486,NA
53,labyrinth_53,labyrinth,landscape,1,NA,NA,frac_cv,frac_cv,27.871408102596746,NA
54,labyrinth_54,labyrinth,landscape,1,NA,NA,frac_cv,frac_cv,23.32994323478647,NA
55,random_55,random,landscape,1,NA,NA,frac_cv,frac_cv,25.327280730103652,NA
56,labyrinth_56,labyrinth,landscape,1,NA,NA,frac_cv,frac_cv,24.127242632376078,NA
57,random_57,random,landscape,1,NA,NA,frac_cv,frac_cv,26.80061008317881,NA
58,random_58,random,landscape,1,NA,NA,frac_cv,frac_cv,27.742507900277115,NA
59,labyrinth_59,labyrinth,landscape,1,NA,NA,frac_cv,frac_cv,16.51239975919815,NA
60,clustered_60_rot335,clustered,landscape,1,NA,NA,frac_cv,frac_cv,22.32741715893461,NA
61,clustered_61_rot151,clustered,landscape,1,NA,NA,frac_cv,frac_cv,23.69203608821366,NA
62,clustered_62_rot88,clustered,landscape,1,NA,NA,frac_cv,frac_cv,19.673886133070088,NA
63,random_63,random,landscape,1,NA,NA,frac_cv,frac_cv,26.977068918445507,NA
64,labyrinth_64,labyrinth,landscape,1,NA,NA,frac_cv,frac_cv,26.824695770402567,NA
65,random_65,random,landscape,1,NA,NA,frac_cv,frac_cv,28.095089874745643,NA
66,clustered_66_rot224,clustered,landscape,1,NA,NA,frac_cv,frac_cv,21.789654365517137,NA
67,labyrinth_67,labyrinth,landscape,1,NA,NA,frac_cv,frac_cv,21.1836813739892,NA
68,labyrinth_68,labyrinth,landscape,1,NA,NA,frac_cv,frac_cv,24.451504285279093,NA
69,clustered_69_rot78,clustered,landscape,1,NA,NA,frac_cv,frac_cv,18.551570016851944,NA
70,clustered_70_rot170,clustered,landscape,1,NA,NA,frac_cv,frac_cv,11.658049508762126,NA
71,labyrinth_71,labyrinth,landscape,1,NA,NA,frac_cv,frac_cv,24.405297419859423,NA
72,random_72,random,landscape,1,NA,NA,frac_cv,frac_cv,24.459803431117457,NA
73,clustered_73_rot156,clustered,landscape,1,NA,NA,frac_cv,frac_cv,27.194682231581613,NA
74,clustered_74_rot348,clustered,landscape,1,NA,NA,frac_cv,frac_cv,27.26723825308273,NA
75,random_75,random,landscape,1,NA,NA,frac_cv,frac_cv,28.076806357255553,NA
76,random_76,random,landscape,1,NA,NA,frac_cv,frac_cv,25.374972366721043,NA
77,labyrinth_77,labyrinth,landscape,1,NA,NA,frac_cv,frac_cv,23.61938784007312,NA
78,random_78,random,landscape,1,NA,NA,frac_cv,frac_cv,23.065458610307125,NA
79,clustered_79_rot79,clustered,landscape,1,NA,NA,frac_cv,frac_cv,20.43091774427778,NA
80,labyrinth_80,labyrinth,landscape,1,NA,NA,frac_cv,frac_cv,17.290622930225688,NA
81,random_81,random,landscape,1,NA,NA,frac_cv,frac_cv,24.672744569833224,NA
82,clustered_82_rot20,clustered,landscape,1,NA,NA,frac_cv,frac_cv,22.882725551124462,NA
83,random_83,random,landscape,1,NA,NA,frac_cv,frac_cv,25.29618082465573,NA
84,random_84,random,landscape,1,NA,NA,frac_cv,frac_cv,24.526273318003557,NA
85,labyrinth_85,labyrinth,landscape,1,NA,NA,frac_cv,frac_cv,25.874168485610117,NA
86,clustered_86_rot6,clustered,landscape,1,NA,NA,frac_cv,frac_cv,20.957798847413457,NA
87,labyrinth_87,labyrinth,landscape,1,NA,NA,frac_cv,frac_cv,25.673262918232503,NA
88,labyrinth_88,labyrinth,landscape,1,NA,NA,frac_cv,frac_cv,28.286811206877804,NA
89,labyrinth_89,labyrinth,landscape,1,NA,NA,frac_cv,frac_cv,27.26248105437643,NA
90,random_90,random,landscape,1,NA,NA,frac_cv,frac_cv,28.735261168545012,NA
91,clustered_91_rot72,clustered,landscape,1,NA,NA,frac_cv,frac_cv,18.051245047021787,NA
92,random_92,random,landscape,1,NA,NA,frac_cv,frac_cv,25.95254555089434,NA
93,clustered_93_rot150,clustered,landscape,1,NA,NA,frac_cv,frac_cv,28.16936021389718,NA
94,random_94,random,landscape,1,NA,NA,frac_cv,frac_cv,24.744243237925264,NA
95,labyrinth_95,labyrinth,landscape,1,NA,NA,frac_cv,frac_cv,21.832529281674024,NA
96,labyrinth_96,labyrinth,landscape,1,NA,NA,frac_cv,frac_cv,29.103994071807985,NA
97,clustered_97_rot105,clustered,landscape,1,NA,NA,frac_cv,frac_cv,24.419461931338212,NA
98,labyrinth_98,labyrinth,landscape,1,NA,NA,frac_cv,frac_cv,24.943495667103402,NA
99,labyrinth_99,labyrinth,landscape,1,NA,NA,frac_cv,frac_cv,26.513856302544504,NA
100,clustered_100_rot83,clustered,landscape,1,NA,NA,frac_cv,frac_cv,17.54510927438332,NA
1,random_1,random,landscape,1,NA,NA,frac_mn,frac_mn,1.319034328504833,NA
2,random_2,random,landscape,1,NA,NA,frac_mn,frac_mn,1.325411850970513,NA
3,clustered_3_rot150,clustered,landscape,1,NA,NA,frac_mn,frac_mn,1.199904573334476,NA
4,random_4,random,landscape,1,NA,NA,frac_mn,frac_mn,1.1743257103839582,NA
5,clustered_5_rot91,clustered,landscape,1,NA,NA,frac_mn,frac_mn,1.2288670390948464,NA
6,labyrinth_6,labyrinth,landscape,1,NA,NA,frac_mn,frac_mn,1.0962366056985209,NA
7,clustered_7_rot125,clustered,landscape,1,NA,NA,frac_mn,frac_mn,1.1645005351925715,NA
8,labyrinth_8,labyrinth,landscape,1,NA,NA,frac_mn,frac_mn,1.127052451347104,NA
9,clustered_9_rot272,clustered,landscape,1,NA,NA,frac_mn,frac_mn,1.2283240912220532,NA
10,random_10,random,landscape,1,NA,NA,frac_mn,frac_mn,1.2211136348207174,NA
11,labyrinth_11,labyrinth,landscape,1,NA,NA,frac_mn,frac_mn,1.0904527367207335,NA
12,clustered_12_rot17,clustered,landscape,1,NA,NA,frac_mn,frac_mn,1.171481102594437,NA
13,clustered_13_rot286,clustered,landscape,1,NA,NA,frac_mn,frac_mn,1.1498896702506851,NA
14,random_14,random,landscape,1,NA,NA,frac_mn,frac_mn,1.3219429800661244,NA
15,random_15,random,landscape,1,NA,NA,frac_mn,frac_mn,1.3699417141512122,NA
16,labyrinth_16,labyrinth,landscape,1,NA,NA,frac_mn,frac_mn,1.163696302749946,NA
17,random_17,random,landscape,1,NA,NA,frac_mn,frac_mn,1.3597812846689068,NA
18,labyrinth_18,labyrinth,landscape,1,NA,NA,frac_mn,frac_mn,1.1202389539518285,NA
19,clustered_19_rot254,clustered,landscape,1,NA,NA,frac_mn,frac_mn,1.1770098695793167,NA
20,random_20,random,landscape,1,NA,NA,frac_mn,frac_mn,1.2036456273656688,NA
21,clustered_21_rot190,clustered,landscape,1,NA,NA,frac_mn,frac_mn,1.2069914589286246,NA
22,clustered_22_rot218,clustered,landscape,1,NA,NA,frac_mn,frac_mn,1.2216701869722104,NA
23,clustered_23_rot3,clustered,landscape,1,NA,NA,frac_mn,frac_mn,1.2002850940270722,NA
24,clustered_24_rot31,clustered,landscape,1,NA,NA,frac_mn,frac_mn,1.2695348851064578,NA
25,random_25,random,landscape,1,NA,NA,frac_mn,frac_mn,1.3714775634049368,NA
26,random_26,random,landscape,1,NA,NA,frac_mn,frac_mn,1.3463316656152406,NA
27,labyrinth_27,labyrinth,landscape,1,NA,NA,frac_mn,frac_mn,1.3068862872834963,NA
28,clustered_28_rot276,clustered,landscape,1,NA,NA,frac_mn,frac_mn,1.1718004356268565,NA
29,clustered_29_rot188,clustered,landscape,1,NA,NA,frac_mn,frac_mn,1.182513214358465,NA
30,clustered_30_rot52,clustered,landscape,1,NA,NA,frac_mn,frac_mn,1.2826428428536492,NA
31,random_31,random,landscape,1,NA,NA,frac_mn,frac_mn,1.1936916832003395,NA
32,random_32,random,landscape,1,NA,NA,frac_mn,frac_mn,1.2295366970699377,NA
33,labyrinth_33,labyrinth,landscape,1,NA,NA,frac_mn,frac_mn,1.1411859647813396,NA
34,labyrinth_34,labyrinth,landscape,1,NA,NA,frac_mn,frac_mn,1.1788314439580558,NA
35,clustered_35_rot173,clustered,landscape,1,NA,NA,frac_mn,frac_mn,1.1296343730146088,NA
36,labyrinth_36,labyrinth,landscape,1,NA,NA,frac_mn,frac_mn,1.1808645103568762,NA
37,labyrinth_37,labyrinth,landscape,1,NA,NA,frac_mn,frac_mn,1.2944064040698182,NA
38,labyrinth_38,labyrinth,landscape,1,NA,NA,frac_mn,frac_mn,1.1803621162328386,NA
39,labyrinth_39,labyrinth,landscape,1,NA,NA,frac_mn,frac_mn,1.162025800569966,NA
40,clustered_40_rot22,clustered,landscape,1,NA,NA,frac_mn,frac_mn,1.1808493691463808,NA
41,random_41,random,landscape,1,NA,NA,frac_mn,frac_mn,1.3045273702120004,NA
42,clustered_42_rot150,clustered,landscape,1,NA,NA,frac_mn,frac_mn,1.1889927406401153,NA
43,labyrinth_43,labyrinth,landscape,1,NA,NA,frac_mn,frac_mn,1.1617689083593166,NA
44,labyrinth_44,labyrinth,landscape,1,NA,NA,frac_mn,frac_mn,1.1322465746805765,NA
45,clustered_45_rot177,clustered,landscape,1,NA,NA,frac_mn,frac_mn,1.2007894825469292,NA
46,random_46,random,landscape,1,NA,NA,frac_mn,frac_mn,1.3447961731832678,NA
47,random_47,random,landscape,1,NA,NA,frac_mn,frac_mn,1.3281549250371445,NA
48,labyrinth_48,labyrinth,landscape,1,NA,NA,frac_mn,frac_mn,1.2021460808208306,NA
49,labyrinth_49,labyrinth,landscape,1,NA,NA,frac_mn,frac_mn,1.1495343330380392,NA
50,random_50,random,landscape,1,NA,NA,frac_mn,frac_mn,1.2463768992391693,NA
51,random_51,random,landscape,1,NA,NA,frac_mn,frac_mn,1.2114836490107979,NA
52,random_52,random,landscape,1,NA,NA,frac_mn,frac_mn,1.347552322089855,NA
53,labyrinth_53,labyrinth,landscape,1,NA,NA,frac_mn,frac_mn,1.1877015381996539,NA
54,labyrinth_54,labyrinth,landscape,1,NA,NA,frac_mn,frac_mn,1.159080781499328,NA
55,random_55,random,landscape,1,NA,NA,frac_mn,frac_mn,1.3418874348780936,NA
56,labyrinth_56,labyrinth,landscape,1,NA,NA,frac_mn,frac_mn,1.1638831799649456,NA
57,random_57,random,landscape,1,NA,NA,frac_mn,frac_mn,1.3347233239600234,NA
58,random_58,random,landscape,1,NA,NA,frac_mn,frac_mn,1.30871203476276,NA
59,labyrinth_59,labyrinth,landscape,1,NA,NA,frac_mn,frac_mn,1.0778801487596308,NA
60,clustered_60_rot335,clustered,landscape,1,NA,NA,frac_mn,frac_mn,1.1226766835140136,NA
61,clustered_61_rot151,clustered,landscape,1,NA,NA,frac_mn,frac_mn,1.1439547912438892,NA
62,clustered_62_rot88,clustered,landscape,1,NA,NA,frac_mn,frac_mn,1.2505516772486989,NA
63,random_63,random,landscape,1,NA,NA,frac_mn,frac_mn,1.355535123202462,NA
64,labyrinth_64,labyrinth,landscape,1,NA,NA,frac_mn,frac_mn,1.1872344449685581,NA
65,random_65,random,landscape,1,NA,NA,frac_mn,frac_mn,1.3004109472886631,NA
66,clustered_66_rot224,clustered,landscape,1,NA,NA,frac_mn,frac_mn,1.139221850134149,NA
67,labyrinth_67,labyrinth,landscape,1,NA,NA,frac_mn,frac_mn,1.1035413988929552,NA
68,labyrinth_68,labyrinth,landscape,1,NA,NA,frac_mn,frac_mn,1.16348273469195,NA
69,clustered_69_rot78,clustered,landscape,1,NA,NA,frac_mn,frac_mn,1.1972025865855707,NA
70,clustered_70_rot170,clustered,landscape,1,NA,NA,frac_mn,frac_mn,1.3031695391247227,NA
71,labyrinth_71,labyrinth,landscape,1,NA,NA,frac_mn,frac_mn,1.1492168772149378,NA
72,random_72,random,landscape,1,NA,NA,frac_mn,frac_mn,1.236557945900839,NA
73,clustered_73_rot156,clustered,landscape,1,NA,NA,frac_mn,frac_mn,1.15595483554528,NA
74,clustered_74_rot348,clustered,landscape,1,NA,NA,frac_mn,frac_mn,1.1994493678439864,NA
75,random_75,random,landscape,1,NA,NA,frac_mn,frac_mn,1.3009843246243684,NA
76,random_76,random,landscape,1,NA,NA,frac_mn,frac_mn,1.3502904871004655,NA
77,labyrinth_77,labyrinth,landscape,1,NA,NA,frac_mn,frac_mn,1.181200294967416,NA
78,random_78,random,landscape,1,NA,NA,frac_mn,frac_mn,1.1488785392485703,NA
79,clustered_79_rot79,clustered,landscape,1,NA,NA,frac_mn,frac_mn,1.2077446012581599,NA
80,labyrinth_80,labyrinth,landscape,1,NA,NA,frac_mn,frac_mn,1.0880923869723083,NA
81,random_81,random,landscape,1,NA,NA,frac_mn,frac_mn,1.2652857276784948,NA
82,clustered_82_rot20,clustered,landscape,1,NA,NA,frac_mn,frac_mn,1.20240153306621,NA
83,random_83,random,landscape,1,NA,NA,frac_mn,frac_mn,1.231750914606861,NA
84,random_84,random,landscape,1,NA,NA,frac_mn,frac_mn,1.2054612904993565,NA
85,labyrinth_85,labyrinth,landscape,1,NA,NA,frac_mn,frac_mn,1.1974319908393694,NA
86,clustered_86_rot6,clustered,landscape,1,NA,NA,frac_mn,frac_mn,1.203312759545075,NA
87,labyrinth_87,labyrinth,landscape,1,NA,NA,frac_mn,frac_mn,1.1841693847756962,NA
88,labyrinth_88,labyrinth,landscape,1,NA,NA,frac_mn,frac_mn,1.239913008629841,NA
89,labyrinth_89,labyrinth,landscape,1,NA,NA,frac_mn,frac_mn,1.1808926616857545,NA
90,random_90,random,landscape,1,NA,NA,frac_mn,frac_mn,1.289511655604833,NA
91,clustered_91_rot72,clustered,landscape,1,NA,NA,frac_mn,frac_mn,1.1622797575707664,NA
92,random_92,random,landscape,1,NA,NA,frac_mn,frac_mn,1.3566945429530852,NA
93,clustered_93_rot150,clustered,landscape,1,NA,NA,frac_mn,frac_mn,1.211341564498024,NA
94,random_94,random,landscape,1,NA,NA,frac_mn,frac_mn,1.2904414998534415,NA
95,labyrinth_95,labyrinth,landscape,1,NA,NA,frac_mn,frac_mn,1.1727683519320407,NA
96,labyrinth_96,labyrinth,landscape,1,NA,NA,frac_mn,frac_mn,1.23041886671527,NA
97,clustered_97_rot105,clustered,landscape,1,NA,NA,frac_mn,frac_mn,1.2090555647343322,NA
98,labyrinth_98,labyrinth,landscape,1,NA,NA,frac_mn,frac_mn,1.1900902043626156,NA
99,labyrinth_99,labyrinth,landscape,1,NA,NA,frac_mn,frac_mn,1.1402278799046337,NA
100,clustered_100_rot83,clustered,landscape,1,NA,NA,frac_mn,frac_mn,1.2624835442501505,NA
1,random_1,random,landscape,1,NA,NA,frac_sd,frac_sd,0.3513582369523136,NA
2,random_2,random,landscape,1,NA,NA,frac_sd,frac_sd,0.3543109365826455,NA
3,clustered_3_rot150,clustered,landscape,1,NA,NA,frac_sd,frac_sd,0.26624568941877297,NA
4,random_4,random,landscape,1,NA,NA,frac_sd,frac_sd,0.2544655100029933,NA
5,clustered_5_rot91,clustered,landscape,1,NA,NA,frac_sd,frac_sd,0.3543023338241076,NA
6,labyrinth_6,labyrinth,landscape,1,NA,NA,frac_sd,frac_sd,0.14605258051455086,NA
7,clustered_7_rot125,clustered,landscape,1,NA,NA,frac_sd,frac_sd,0.2085388933396112,NA
8,labyrinth_8,labyrinth,landscape,1,NA,NA,frac_sd,frac_sd,0.22405339372459956,NA
9,clustered_9_rot272,clustered,landscape,1,NA,NA,frac_sd,frac_sd,0.36573094425959235,NA
10,random_10,random,landscape,1,NA,NA,frac_sd,frac_sd,0.2873015433461371,NA
11,labyrinth_11,labyrinth,landscape,1,NA,NA,frac_sd,frac_sd,0.22208134396946255,NA
12,clustered_12_rot17,clustered,landscape,1,NA,NA,frac_sd,frac_sd,0.29946154130912594,NA
13,clustered_13_rot286,clustered,landscape,1,NA,NA,frac_sd,frac_sd,0.2015841608098201,NA
14,random_14,random,landscape,1,NA,NA,frac_sd,frac_sd,0.33662362991379763,NA
15,random_15,random,landscape,1,NA,NA,frac_sd,frac_sd,0.3401389558129013,NA
16,labyrinth_16,labyrinth,landscape,1,NA,NA,frac_sd,frac_sd,0.24861824087452683,NA
17,random_17,random,landscape,1,NA,NA,frac_sd,frac_sd,0.3640250190065106,NA
18,labyrinth_18,labyrinth,landscape,1,NA,NA,frac_sd,frac_sd,0.25300130583619557,NA
19,clustered_19_rot254,clustered,landscape,1,NA,NA,frac_sd,frac_sd,0.13621073505774742,NA
20,random_20,random,landscape,1,NA,NA,frac_sd,frac_sd,0.3344415005939469,NA
21,clustered_21_rot190,clustered,landscape,1,NA,NA,frac_sd,frac_sd,0.2635338382185532,NA
22,clustered_22_rot218,clustered,landscape,1,NA,NA,frac_sd,frac_sd,0.175875313451355,NA
23,clustered_23_rot3,clustered,landscape,1,NA,NA,frac_sd,frac_sd,0.31740621353980386,NA
24,clustered_24_rot31,clustered,landscape,1,NA,NA,frac_sd,frac_sd,0.20429730506997754,NA
25,random_25,random,landscape,1,NA,NA,frac_sd,frac_sd,0.36773806821132293,NA
26,random_26,random,landscape,1,NA,NA,frac_sd,frac_sd,0.36723837695468,NA
27,labyrinth_27,labyrinth,landscape,1,NA,NA,frac_sd,frac_sd,0.37426033325641084,NA
28,clustered_28_rot276,clustered,landscape,1,NA,NA,frac_sd,frac_sd,0.25973651957893984,NA
29,clustered_29_rot188,clustered,landscape,1,NA,NA,frac_sd,frac_sd,0.3110581437935045,NA
30,clustered_30_rot52,clustered,landscape,1,NA,NA,frac_sd,frac_sd,0.14929751081738746,NA
31,random_31,random,landscape,1,NA,NA,frac_sd,frac_sd,0.339499210619548,NA
32,random_32,random,landscape,1,NA,NA,frac_sd,frac_sd,0.30527928331812176,NA
33,labyrinth_33,labyrinth,landscape,1,NA,NA,frac_sd,frac_sd,0.2631616480522268,NA
34,labyrinth_34,labyrinth,landscape,1,NA,NA,frac_sd,frac_sd,0.2931412727723108,NA
35,clustered_35_rot173,clustered,landscape,1,NA,NA,frac_sd,frac_sd,0.21340706127195608,NA
36,labyrinth_36,labyrinth,landscape,1,NA,NA,frac_sd,frac_sd,0.33446998413421575,NA
37,labyrinth_37,labyrinth,landscape,1,NA,NA,frac_sd,frac_sd,0.33257258592636196,NA
38,labyrinth_38,labyrinth,landscape,1,NA,NA,frac_sd,frac_sd,0.2554257206145453,NA
39,labyrinth_39,labyrinth,landscape,1,NA,NA,frac_sd,frac_sd,0.27333606546247047,NA
40,clustered_40_rot22,clustered,landscape,1,NA,NA,frac_sd,frac_sd,0.21051220130075804,NA
41,random_41,random,landscape,1,NA,NA,frac_sd,frac_sd,0.36474659132683507,NA
42,clustered_42_rot150,clustered,landscape,1,NA,NA,frac_sd,frac_sd,0.30940077109516684,NA
43,labyrinth_43,labyrinth,landscape,1,NA,NA,frac_sd,frac_sd,0.3139643624022886,NA
44,labyrinth_44,labyrinth,landscape,1,NA,NA,frac_sd,frac_sd,0.2789465177987244,NA
45,clustered_45_rot177,clustered,landscape,1,NA,NA,frac_sd,frac_sd,0.222097110922592,NA
46,random_46,random,landscape,1,NA,NA,frac_sd,frac_sd,0.3547768011110037,NA
47,random_47,random,landscape,1,NA,NA,frac_sd,frac_sd,0.3531106448982791,NA
48,labyrinth_48,labyrinth,landscape,1,NA,NA,frac_sd,frac_sd,0.3078446393797554,NA
49,labyrinth_49,labyrinth,landscape,1,NA,NA,frac_sd,frac_sd,0.24646826898019836,NA
50,random_50,random,landscape,1,NA,NA,frac_sd,frac_sd,0.3043486595661525,NA
51,random_51,random,landscape,1,NA,NA,frac_sd,frac_sd,0.35204245828171066,NA
52,random_52,random,landscape,1,NA,NA,frac_sd,frac_sd,0.366604182122295,NA
53,labyrinth_53,labyrinth,landscape,1,NA,NA,frac_sd,frac_sd,0.3310291427524445,NA
54,labyrinth_54,labyrinth,landscape,1,NA,NA,frac_sd,frac_sd,0.2704128883691126,NA
55,random_55,random,landscape,1,NA,NA,frac_sd,frac_sd,0.33986359771356156,NA
56,labyrinth_56,labyrinth,landscape,1,NA,NA,frac_sd,frac_sd,0.28081291878755676,NA
57,random_57,random,landscape,1,NA,NA,frac_sd,frac_sd,0.3577139937437694,NA
58,random_58,random,landscape,1,NA,NA,frac_sd,frac_sd,0.3630695396359361,NA
59,labyrinth_59,labyrinth,landscape,1,NA,NA,frac_sd,frac_sd,0.17798387908822996,NA
60,clustered_60_rot335,clustered,landscape,1,NA,NA,frac_sd,frac_sd,0.2506647064742659,NA
61,clustered_61_rot151,clustered,landscape,1,NA,NA,frac_sd,frac_sd,0.27102618197435147,NA
62,clustered_62_rot88,clustered,landscape,1,NA,NA,frac_sd,frac_sd,0.24603211301710717,NA
63,random_63,random,landscape,1,NA,NA,frac_sd,frac_sd,0.36568364440006335,NA
64,labyrinth_64,labyrinth,landscape,1,NA,NA,frac_sd,frac_sd,0.31847202794424323,NA
65,random_65,random,landscape,1,NA,NA,frac_sd,frac_sd,0.3653516243817811,NA
66,clustered_66_rot224,clustered,landscape,1,NA,NA,frac_sd,frac_sd,0.2482325036006807,NA
67,labyrinth_67,labyrinth,landscape,1,NA,NA,frac_sd,frac_sd,0.2337706937715468,NA
68,labyrinth_68,labyrinth,landscape,1,NA,NA,frac_sd,frac_sd,0.2844890307316845,NA
69,clustered_69_rot78,clustered,landscape,1,NA,NA,frac_sd,frac_sd,0.22209987609398466,NA
70,clustered_70_rot170,clustered,landscape,1,NA,NA,frac_sd,frac_sd,0.15192415005426738,NA
71,labyrinth_71,labyrinth,landscape,1,NA,NA,frac_sd,frac_sd,0.28046979688352625,NA
72,random_72,random,landscape,1,NA,NA,frac_sd,frac_sd,0.30245964287920896,NA
73,clustered_73_rot156,clustered,landscape,1,NA,NA,frac_sd,frac_sd,0.3143582442671407,NA
74,clustered_74_rot348,clustered,landscape,1,NA,NA,frac_sd,frac_sd,0.32705671685511445,NA
75,random_75,random,landscape,1,NA,NA,frac_sd,frac_sd,0.36527484956303286,NA
76,random_76,random,landscape,1,NA,NA,frac_sd,frac_sd,0.3426358379722061,NA
77,labyrinth_77,labyrinth,landscape,1,NA,NA,frac_sd,frac_sd,0.2789922788364417,NA
78,random_78,random,landscape,1,NA,NA,frac_sd,frac_sd,0.2649941039530801,NA
79,clustered_79_rot79,clustered,landscape,1,NA,NA,frac_sd,frac_sd,0.24675330604401033,NA
80,labyrinth_80,labyrinth,landscape,1,NA,NA,frac_sd,frac_sd,0.18813795176387396,NA
81,random_81,random,landscape,1,NA,NA,frac_sd,frac_sd,0.3121807156686706,NA
82,clustered_82_rot20,clustered,landscape,1,NA,NA,frac_sd,frac_sd,0.27514224283405386,NA
83,random_83,random,landscape,1,NA,NA,frac_sd,frac_sd,0.3115859386683023,NA
84,random_84,random,landscape,1,NA,NA,frac_sd,frac_sd,0.295654730850605,NA
85,labyrinth_85,labyrinth,landscape,1,NA,NA,frac_sd,frac_sd,0.30982557081037393,NA
86,clustered_86_rot6,clustered,landscape,1,NA,NA,frac_sd,frac_sd,0.2521878676507168,NA
87,labyrinth_87,labyrinth,landscape,1,NA,NA,frac_sd,frac_sd,0.3040149195506808,NA
88,labyrinth_88,labyrinth,landscape,1,NA,NA,frac_sd,frac_sd,0.35073185188064165,NA
89,labyrinth_89,labyrinth,landscape,1,NA,NA,frac_sd,frac_sd,0.3219406381646004,NA
90,random_90,random,landscape,1,NA,NA,frac_sd,frac_sd,0.3705445420368775,NA
91,clustered_91_rot72,clustered,landscape,1,NA,NA,frac_sd,frac_sd,0.2098059671710298,NA
92,random_92,random,landscape,1,NA,NA,frac_sd,frac_sd,0.3520967692463972,NA
93,clustered_93_rot150,clustered,landscape,1,NA,NA,frac_sd,frac_sd,0.341227168724106,NA
94,random_94,random,landscape,1,NA,NA,frac_sd,frac_sd,0.3193099835668666,NA
95,labyrinth_95,labyrinth,landscape,1,NA,NA,frac_sd,frac_sd,0.25604499384176865,NA
96,labyrinth_96,labyrinth,landscape,1,NA,NA,frac_sd,frac_sd,0.3581010340272192,NA
97,clustered_97_rot105,clustered,landscape,1,NA,NA,frac_sd,frac_sd,0.2952448633590265,NA
98,labyrinth_98,labyrinth,landscape,1,NA,NA,frac_sd,frac_sd,0.29685009855981104,NA
99,labyrinth_99,labyrinth,landscape,1,NA,NA,frac_sd,frac_sd,0.3023183815994643,NA
100,clustered_100_rot83,clustered,landscape,1,NA,NA,frac_sd,frac_sd,0.22150411740979642,NA
1,random_1,random,landscape,1,NA,NA,gyrate_cv,gyrate_cv,235.74898549986108,NA
2,random_2,random,landscape,1,NA,NA,gyrate_cv,gyrate_cv,229.9747970880988,NA
3,clustered_3_rot150,clustered,landscape,1,NA,NA,gyrate_cv,gyrate_cv,212.08489669263116,NA
4,random_4,random,landscape,1,NA,NA,gyrate_cv,gyrate_cv,448.6628358004179,NA
5,clustered_5_rot91,clustered,landscape,1,NA,NA,gyrate_cv,gyrate_cv,314.8542886666346,NA
6,labyrinth_6,labyrinth,landscape,1,NA,NA,gyrate_cv,gyrate_cv,282.72814731383306,NA
7,clustered_7_rot125,clustered,landscape,1,NA,NA,gyrate_cv,gyrate_cv,215.69142436925796,NA
8,labyrinth_8,labyrinth,landscape,1,NA,NA,gyrate_cv,gyrate_cv,311.77943801488664,NA
9,clustered_9_rot272,clustered,landscape,1,NA,NA,gyrate_cv,gyrate_cv,398.56055860664947,NA
10,random_10,random,landscape,1,NA,NA,gyrate_cv,gyrate_cv,387.9363408439623,NA
11,labyrinth_11,labyrinth,landscape,1,NA,NA,gyrate_cv,gyrate_cv,332.96801768836315,NA
12,clustered_12_rot17,clustered,landscape,1,NA,NA,gyrate_cv,gyrate_cv,311.18267464975526,NA
13,clustered_13_rot286,clustered,landscape,1,NA,NA,gyrate_cv,gyrate_cv,223.01949937100264,NA
14,random_14,random,landscape,1,NA,NA,gyrate_cv,gyrate_cv,242.0543605309253,NA
15,random_15,random,landscape,1,NA,NA,gyrate_cv,gyrate_cv,211.04573729563646,NA
16,labyrinth_16,labyrinth,landscape,1,NA,NA,gyrate_cv,gyrate_cv,315.1669056942862,NA
17,random_17,random,landscape,1,NA,NA,gyrate_cv,gyrate_cv,223.29300207734732,NA
18,labyrinth_18,labyrinth,landscape,1,NA,NA,gyrate_cv,gyrate_cv,327.9214569028522,NA
19,clustered_19_rot254,clustered,landscape,1,NA,NA,gyrate_cv,gyrate_cv,173.56940524480746,NA
20,random_20,random,landscape,1,NA,NA,gyrate_cv,gyrate_cv,420.83136116686023,NA
21,clustered_21_rot190,clustered,landscape,1,NA,NA,gyrate_cv,gyrate_cv,243.68166487080939,NA
22,clustered_22_rot218,clustered,landscape,1,NA,NA,gyrate_cv,gyrate_cv,165.59704625265798,NA
23,clustered_23_rot3,clustered,landscape,1,NA,NA,gyrate_cv,gyrate_cv,409.6254071017962,NA
24,clustered_24_rot31,clustered,landscape,1,NA,NA,gyrate_cv,gyrate_cv,165.49487189801056,NA
25,random_25,random,landscape,1,NA,NA,gyrate_cv,gyrate_cv,212.40787193209582,NA
26,random_26,random,landscape,1,NA,NA,gyrate_cv,gyrate_cv,228.87293933761396,NA
27,labyrinth_27,labyrinth,landscape,1,NA,NA,gyrate_cv,gyrate_cv,328.84152261327057,NA
28,clustered_28_rot276,clustered,landscape,1,NA,NA,gyrate_cv,gyrate_cv,250.92686534412064,NA
29,clustered_29_rot188,clustered,landscape,1,NA,NA,gyrate_cv,gyrate_cv,281.23579589541765,NA
30,clustered_30_rot52,clustered,landscape,1,NA,NA,gyrate_cv,gyrate_cv,151.83351169538207,NA
31,random_31,random,landscape,1,NA,NA,gyrate_cv,gyrate_cv,475.99142971886465,NA
32,random_32,random,landscape,1,NA,NA,gyrate_cv,gyrate_cv,415.6285499645852,NA
33,labyrinth_33,labyrinth,landscape,1,NA,NA,gyrate_cv,gyrate_cv,341.55851982645015,NA
34,labyrinth_34,labyrinth,landscape,1,NA,NA,gyrate_cv,gyrate_cv,299.84675596331033,NA
35,clustered_35_rot173,clustered,landscape,1,NA,NA,gyrate_cv,gyrate_cv,258.954812457717,NA
36,labyrinth_36,labyrinth,landscape,1,NA,NA,gyrate_cv,gyrate_cv,319.0837572396513,NA
37,labyrinth_37,labyrinth,landscape,1,NA,NA,gyrate_cv,gyrate_cv,294.8909782533474,NA
38,labyrinth_38,labyrinth,landscape,1,NA,NA,gyrate_cv,gyrate_cv,344.6551628683233,NA
39,labyrinth_39,labyrinth,landscape,1,NA,NA,gyrate_cv,gyrate_cv,306.33555031318645,NA
40,clustered_40_rot22,clustered,landscape,1,NA,NA,gyrate_cv,gyrate_cv,220.39314273622378,NA
41,random_41,random,landscape,1,NA,NA,gyrate_cv,gyrate_cv,255.16504092691363,NA
42,clustered_42_rot150,clustered,landscape,1,NA,NA,gyrate_cv,gyrate_cv,447.12466704996353,NA
43,labyrinth_43,labyrinth,landscape,1,NA,NA,gyrate_cv,gyrate_cv,341.16079469200497,NA
44,labyrinth_44,labyrinth,landscape,1,NA,NA,gyrate_cv,gyrate_cv,368.90196566026117,NA
45,clustered_45_rot177,clustered,landscape,1,NA,NA,gyrate_cv,gyrate_cv,197.99598443205778,NA
46,random_46,random,landscape,1,NA,NA,gyrate_cv,gyrate_cv,213.22131024986416,NA
47,random_47,random,landscape,1,NA,NA,gyrate_cv,gyrate_cv,227.7182388032254,NA
48,labyrinth_48,labyrinth,landscape,1,NA,NA,gyrate_cv,gyrate_cv,295.4618300123825,NA
49,labyrinth_49,labyrinth,landscape,1,NA,NA,gyrate_cv,gyrate_cv,402.75637304885174,NA
50,random_50,random,landscape,1,NA,NA,gyrate_cv,gyrate_cv,422.82219527394193,NA
51,random_51,random,landscape,1,NA,NA,gyrate_cv,gyrate_cv,443.89100942510595,NA
52,random_52,random,landscape,1,NA,NA,gyrate_cv,gyrate_cv,225.80837185367352,NA
53,labyrinth_53,labyrinth,landscape,1,NA,NA,gyrate_cv,gyrate_cv,367.1808254027067,NA
54,labyrinth_54,labyrinth,landscape,1,NA,NA,gyrate_cv,gyrate_cv,294.73269438063915,NA
55,random_55,random,landscape,1,NA,NA,gyrate_cv,gyrate_cv,203.4328666528588,NA
56,labyrinth_56,labyrinth,landscape,1,NA,NA,gyrate_cv,gyrate_cv,347.2189204733328,NA
57,random_57,random,landscape,1,NA,NA,gyrate_cv,gyrate_cv,257.5012474649943,NA
58,random_58,random,landscape,1,NA,NA,gyrate_cv,gyrate_cv,255.43669154628432,NA
59,labyrinth_59,labyrinth,landscape,1,NA,NA,gyrate_cv,gyrate_cv,283.1466941376437,NA
60,clustered_60_rot335,clustered,landscape,1,NA,NA,gyrate_cv,gyrate_cv,348.4263493271701,NA
61,clustered_61_rot151,clustered,landscape,1,NA,NA,gyrate_cv,gyrate_cv,407.38282362339265,NA
62,clustered_62_rot88,clustered,landscape,1,NA,NA,gyrate_cv,gyrate_cv,197.42876299677536,NA
63,random_63,random,landscape,1,NA,NA,gyrate_cv,gyrate_cv,221.21998180093945,NA
64,labyrinth_64,labyrinth,landscape,1,NA,NA,gyrate_cv,gyrate_cv,314.0395736302384,NA
65,random_65,random,landscape,1,NA,NA,gyrate_cv,gyrate_cv,271.9019061341026,NA
66,clustered_66_rot224,clustered,landscape,1,NA,NA,gyrate_cv,gyrate_cv,302.2522621110802,NA
67,labyrinth_67,labyrinth,landscape,1,NA,NA,gyrate_cv,gyrate_cv,343.3091865725025,NA
68,labyrinth_68,labyrinth,landscape,1,NA,NA,gyrate_cv,gyrate_cv,387.092702437801,NA
69,clustered_69_rot78,clustered,landscape,1,NA,NA,gyrate_cv,gyrate_cv,192.54848538463864,NA
70,clustered_70_rot170,clustered,landscape,1,NA,NA,gyrate_cv,gyrate_cv,160.23367008492508,NA
71,labyrinth_71,labyrinth,landscape,1,NA,NA,gyrate_cv,gyrate_cv,309.39886217483524,NA
72,random_72,random,landscape,1,NA,NA,gyrate_cv,gyrate_cv,413.66506402882084,NA
73,clustered_73_rot156,clustered,landscape,1,NA,NA,gyrate_cv,gyrate_cv,418.25257356742827,NA
74,clustered_74_rot348,clustered,landscape,1,NA,NA,gyrate_cv,gyrate_cv,384.92393763150716,NA
75,random_75,random,landscape,1,NA,NA,gyrate_cv,gyrate_cv,269.7650670132513,NA
76,random_76,random,landscape,1,NA,NA,gyrate_cv,gyrate_cv,203.47776349894318,NA
77,labyrinth_77,labyrinth,landscape,1,NA,NA,gyrate_cv,gyrate_cv,324.11616525776554,NA
78,random_78,random,landscape,1,NA,NA,gyrate_cv,gyrate_cv,455.1388231592587,NA
79,clustered_79_rot79,clustered,landscape,1,NA,NA,gyrate_cv,gyrate_cv,219.40535309961592,NA
80,labyrinth_80,labyrinth,landscape,1,NA,NA,gyrate_cv,gyrate_cv,387.7748129157422,NA
81,random_81,random,landscape,1,NA,NA,gyrate_cv,gyrate_cv,362.2346198732393,NA
82,clustered_82_rot20,clustered,landscape,1,NA,NA,gyrate_cv,gyrate_cv,236.39869347646584,NA
83,random_83,random,landscape,1,NA,NA,gyrate_cv,gyrate_cv,424.84667640767964,NA
84,random_84,random,landscape,1,NA,NA,gyrate_cv,gyrate_cv,448.08483399677914,NA
85,labyrinth_85,labyrinth,landscape,1,NA,NA,gyrate_cv,gyrate_cv,384.05438580675207,NA
86,clustered_86_rot6,clustered,landscape,1,NA,NA,gyrate_cv,gyrate_cv,226.84234539280936,NA
87,labyrinth_87,labyrinth,landscape,1,NA,NA,gyrate_cv,gyrate_cv,316.3084604134268,NA
88,labyrinth_88,labyrinth,landscape,1,NA,NA,gyrate_cv,gyrate_cv,324.46195361752297,NA
89,labyrinth_89,labyrinth,landscape,1,NA,NA,gyrate_cv,gyrate_cv,278.25541598757377,NA
90,random_90,random,landscape,1,NA,NA,gyrate_cv,gyrate_cv,300.25537740721063,NA
91,clustered_91_rot72,clustered,landscape,1,NA,NA,gyrate_cv,gyrate_cv,203.74882399064614,NA
92,random_92,random,landscape,1,NA,NA,gyrate_cv,gyrate_cv,203.89057712380958,NA
93,clustered_93_rot150,clustered,landscape,1,NA,NA,gyrate_cv,gyrate_cv,424.58849881946634,NA
94,random_94,random,landscape,1,NA,NA,gyrate_cv,gyrate_cv,349.60926691719004,NA
95,labyrinth_95,labyrinth,landscape,1,NA,NA,gyrate_cv,gyrate_cv,388.7630055107357,NA
96,labyrinth_96,labyrinth,landscape,1,NA,NA,gyrate_cv,gyrate_cv,338.1782554351684,NA
97,clustered_97_rot105,clustered,landscape,1,NA,NA,gyrate_cv,gyrate_cv,233.1707211487683,NA
98,labyrinth_98,labyrinth,landscape,1,NA,NA,gyrate_cv,gyrate_cv,330.9841967125947,NA
99,labyrinth_99,labyrinth,landscape,1,NA,NA,gyrate_cv,gyrate_cv,383.48199387696457,NA
100,clustered_100_rot83,clustered,landscape,1,NA,NA,gyrate_cv,gyrate_cv,194.7264557857959,NA
1,random_1,random,landscape,1,NA,NA,gyrate_mn,gyrate_mn,0.6911722107510946,NA
2,random_2,random,landscape,1,NA,NA,gyrate_mn,gyrate_mn,0.6994563297604013,NA
3,clustered_3_rot150,clustered,landscape,1,NA,NA,gyrate_mn,gyrate_mn,4.721860501048321,NA
4,random_4,random,landscape,1,NA,NA,gyrate_mn,gyrate_mn,1.2944480570976913,NA
5,clustered_5_rot91,clustered,landscape,1,NA,NA,gyrate_mn,gyrate_mn,1.9453901902402884,NA
6,labyrinth_6,labyrinth,landscape,1,NA,NA,gyrate_mn,gyrate_mn,2.1826980029648477,NA
7,clustered_7_rot125,clustered,landscape,1,NA,NA,gyrate_mn,gyrate_mn,4.182165372498234,NA
8,labyrinth_8,labyrinth,landscape,1,NA,NA,gyrate_mn,gyrate_mn,1.7051343615805936,NA
9,clustered_9_rot272,clustered,landscape,1,NA,NA,gyrate_mn,gyrate_mn,1.4333736768705203,NA
10,random_10,random,landscape,1,NA,NA,gyrate_mn,gyrate_mn,1.2066327992877086,NA
11,labyrinth_11,labyrinth,landscape,1,NA,NA,gyrate_mn,gyrate_mn,2.124674467776649,NA
12,clustered_12_rot17,clustered,landscape,1,NA,NA,gyrate_mn,gyrate_mn,1.970338286589201,NA
13,clustered_13_rot286,clustered,landscape,1,NA,NA,gyrate_mn,gyrate_mn,3.991611149113586,NA
14,random_14,random,landscape,1,NA,NA,gyrate_mn,gyrate_mn,1.2008838211440789,NA
15,random_15,random,landscape,1,NA,NA,gyrate_mn,gyrate_mn,1.2702409290775627,NA
16,labyrinth_16,labyrinth,landscape,1,NA,NA,gyrate_mn,gyrate_mn,1.621096198421861,NA
17,random_17,random,landscape,1,NA,NA,gyrate_mn,gyrate_mn,1.0654870577696232,NA
18,labyrinth_18,labyrinth,landscape,1,NA,NA,gyrate_mn,gyrate_mn,1.766400181820099,NA
19,clustered_19_rot254,clustered,landscape,1,NA,NA,gyrate_mn,gyrate_mn,6.630745759213755,NA
20,random_20,random,landscape,1,NA,NA,gyrate_mn,gyrate_mn,0.3457989208272486,NA
21,clustered_21_rot190,clustered,landscape,1,NA,NA,gyrate_mn,gyrate_mn,3.149157727922096,NA
22,clustered_22_rot218,clustered,landscape,1,NA,NA,gyrate_mn,gyrate_mn,6.960496382576376,NA
23,clustered_23_rot3,clustered,landscape,1,NA,NA,gyrate_mn,gyrate_mn,1.0244125850417132,NA
24,clustered_24_rot31,clustered,landscape,1,NA,NA,gyrate_mn,gyrate_mn,6.299816878683082,NA
25,random_25,random,landscape,1,NA,NA,gyrate_mn,gyrate_mn,0.8375516876463244,NA
26,random_26,random,landscape,1,NA,NA,gyrate_mn,gyrate_mn,0.7095242492533753,NA
27,labyrinth_27,labyrinth,landscape,1,NA,NA,gyrate_mn,gyrate_mn,1.6005578295670344,NA
28,clustered_28_rot276,clustered,landscape,1,NA,NA,gyrate_mn,gyrate_mn,3.2684976597415583,NA
29,clustered_29_rot188,clustered,landscape,1,NA,NA,gyrate_mn,gyrate_mn,2.5712296398398107,NA
30,clustered_30_rot52,clustered,landscape,1,NA,NA,gyrate_mn,gyrate_mn,8.146699789005478,NA
31,random_31,random,landscape,1,NA,NA,gyrate_mn,gyrate_mn,0.312139528043504,NA
32,random_32,random,landscape,1,NA,NA,gyrate_mn,gyrate_mn,1.1590695524397607,NA
33,labyrinth_33,labyrinth,landscape,1,NA,NA,gyrate_mn,gyrate_mn,1.4927399533533554,NA
34,labyrinth_34,labyrinth,landscape,1,NA,NA,gyrate_mn,gyrate_mn,1.880134845174463,NA
35,clustered_35_rot173,clustered,landscape,1,NA,NA,gyrate_mn,gyrate_mn,2.9677300428894844,NA
36,labyrinth_36,labyrinth,landscape,1,NA,NA,gyrate_mn,gyrate_mn,1.7421186571739478,NA
37,labyrinth_37,labyrinth,landscape,1,NA,NA,gyrate_mn,gyrate_mn,1.7987288787245133,NA
38,labyrinth_38,labyrinth,landscape,1,NA,NA,gyrate_mn,gyrate_mn,1.45746464583253,NA
39,labyrinth_39,labyrinth,landscape,1,NA,NA,gyrate_mn,gyrate_mn,1.8639116275915555,NA
40,clustered_40_rot22,clustered,landscape,1,NA,NA,gyrate_mn,gyrate_mn,4.0505949566251465,NA
41,random_41,random,landscape,1,NA,NA,gyrate_mn,gyrate_mn,0.6231456989406914,NA
42,clustered_42_rot150,clustered,landscape,1,NA,NA,gyrate_mn,gyrate_mn,0.9588919631119681,NA
43,labyrinth_43,labyrinth,landscape,1,NA,NA,gyrate_mn,gyrate_mn,1.5485503712635391,NA
44,labyrinth_44,labyrinth,landscape,1,NA,NA,gyrate_mn,gyrate_mn,1.5415429300448371,NA
45,clustered_45_rot177,clustered,landscape,1,NA,NA,gyrate_mn,gyrate_mn,4.933007903342337,NA
46,random_46,random,landscape,1,NA,NA,gyrate_mn,gyrate_mn,0.8398281517820422,NA
47,random_47,random,landscape,1,NA,NA,gyrate_mn,gyrate_mn,0.7187622201468846,NA
48,labyrinth_48,labyrinth,landscape,1,NA,NA,gyrate_mn,gyrate_mn,1.7482755757744488,NA
49,labyrinth_49,labyrinth,landscape,1,NA,NA,gyrate_mn,gyrate_mn,1.0750665433536721,NA
50,random_50,random,landscape,1,NA,NA,gyrate_mn,gyrate_mn,1.2842845999381902,NA
51,random_51,random,landscape,1,NA,NA,gyrate_mn,gyrate_mn,0.33529815371473426,NA
52,random_52,random,landscape,1,NA,NA,gyrate_mn,gyrate_mn,0.7405596814041289,NA
53,labyrinth_53,labyrinth,landscape,1,NA,NA,gyrate_mn,gyrate_mn,1.4389260172943155,NA
54,labyrinth_54,labyrinth,landscape,1,NA,NA,gyrate_mn,gyrate_mn,1.9106689683317108,NA
55,random_55,random,landscape,1,NA,NA,gyrate_mn,gyrate_mn,1.043125736166962,NA
56,labyrinth_56,labyrinth,landscape,1,NA,NA,gyrate_mn,gyrate_mn,1.6123272760000615,NA
57,random_57,random,landscape,1,NA,NA,gyrate_mn,gyrate_mn,1.3472833204575179,NA
58,random_58,random,landscape,1,NA,NA,gyrate_mn,gyrate_mn,0.6059109963275532,NA
59,labyrinth_59,labyrinth,landscape,1,NA,NA,gyrate_mn,gyrate_mn,2.561247051876929,NA
60,clustered_60_rot335,clustered,landscape,1,NA,NA,gyrate_mn,gyrate_mn,1.6548348567377746,NA
61,clustered_61_rot151,clustered,landscape,1,NA,NA,gyrate_mn,gyrate_mn,1.0948974374686453,NA
62,clustered_62_rot88,clustered,landscape,1,NA,NA,gyrate_mn,gyrate_mn,4.898892859337764,NA
63,random_63,random,landscape,1,NA,NA,gyrate_mn,gyrate_mn,0.7216817963784207,NA
64,labyrinth_64,labyrinth,landscape,1,NA,NA,gyrate_mn,gyrate_mn,1.670538320527629,NA
65,random_65,random,landscape,1,NA,NA,gyrate_mn,gyrate_mn,0.5602007781785829,NA
66,clustered_66_rot224,clustered,landscape,1,NA,NA,gyrate_mn,gyrate_mn,2.038182143387204,NA
67,labyrinth_67,labyrinth,landscape,1,NA,NA,gyrate_mn,gyrate_mn,1.721938534030707,NA
68,labyrinth_68,labyrinth,landscape,1,NA,NA,gyrate_mn,gyrate_mn,1.4270519813237108,NA
69,clustered_69_rot78,clustered,landscape,1,NA,NA,gyrate_mn,gyrate_mn,5.492274062579875,NA
70,clustered_70_rot170,clustered,landscape,1,NA,NA,gyrate_mn,gyrate_mn,7.390488612924188,NA
71,labyrinth_71,labyrinth,landscape,1,NA,NA,gyrate_mn,gyrate_mn,2.2195640452982572,NA
72,random_72,random,landscape,1,NA,NA,gyrate_mn,gyrate_mn,1.2124829517124798,NA
73,clustered_73_rot156,clustered,landscape,1,NA,NA,gyrate_mn,gyrate_mn,1.3375098859852366,NA
74,clustered_74_rot348,clustered,landscape,1,NA,NA,gyrate_mn,gyrate_mn,1.3353037831496457,NA
75,random_75,random,landscape,1,NA,NA,gyrate_mn,gyrate_mn,0.5573591458583278,NA
76,random_76,random,landscape,1,NA,NA,gyrate_mn,gyrate_mn,1.035039214457216,NA
77,labyrinth_77,labyrinth,landscape,1,NA,NA,gyrate_mn,gyrate_mn,1.3531682521307942,NA
78,random_78,random,landscape,1,NA,NA,gyrate_mn,gyrate_mn,1.296482739842253,NA
79,clustered_79_rot79,clustered,landscape,1,NA,NA,gyrate_mn,gyrate_mn,4.051055561730947,NA
80,labyrinth_80,labyrinth,landscape,1,NA,NA,gyrate_mn,gyrate_mn,1.5636999299066485,NA
81,random_81,random,landscape,1,NA,NA,gyrate_mn,gyrate_mn,1.2116940858327865,NA
82,clustered_82_rot20,clustered,landscape,1,NA,NA,gyrate_mn,gyrate_mn,3.7177400849346682,NA
83,random_83,random,landscape,1,NA,NA,gyrate_mn,gyrate_mn,1.1779882392541758,NA
84,random_84,random,landscape,1,NA,NA,gyrate_mn,gyrate_mn,1.2266608061508784,NA
85,labyrinth_85,labyrinth,landscape,1,NA,NA,gyrate_mn,gyrate_mn,1.275694330168145,NA
86,clustered_86_rot6,clustered,landscape,1,NA,NA,gyrate_mn,gyrate_mn,3.828898734032442,NA
87,labyrinth_87,labyrinth,landscape,1,NA,NA,gyrate_mn,gyrate_mn,1.4221222999985954,NA
88,labyrinth_88,labyrinth,landscape,1,NA,NA,gyrate_mn,gyrate_mn,1.6577991375079884,NA
89,labyrinth_89,labyrinth,landscape,1,NA,NA,gyrate_mn,gyrate_mn,2.1414916357044183,NA
90,random_90,random,landscape,1,NA,NA,gyrate_mn,gyrate_mn,0.49109977608160754,NA
91,clustered_91_rot72,clustered,landscape,1,NA,NA,gyrate_mn,gyrate_mn,4.609761808126758,NA
92,random_92,random,landscape,1,NA,NA,gyrate_mn,gyrate_mn,1.0919267530010925,NA
93,clustered_93_rot150,clustered,landscape,1,NA,NA,gyrate_mn,gyrate_mn,0.9453547713404233,NA
94,random_94,random,landscape,1,NA,NA,gyrate_mn,gyrate_mn,1.2541967137124506,NA
95,labyrinth_95,labyrinth,landscape,1,NA,NA,gyrate_mn,gyrate_mn,1.2165171414292835,NA
96,labyrinth_96,labyrinth,landscape,1,NA,NA,gyrate_mn,gyrate_mn,1.6175985026640023,NA
97,clustered_97_rot105,clustered,landscape,1,NA,NA,gyrate_mn,gyrate_mn,3.8698485108127665,NA
98,labyrinth_98,labyrinth,landscape,1,NA,NA,gyrate_mn,gyrate_mn,1.696195637540521,NA
99,labyrinth_99,labyrinth,landscape,1,NA,NA,gyrate_mn,gyrate_mn,1.5391684475751766,NA
100,clustered_100_rot83,clustered,landscape,1,NA,NA,gyrate_mn,gyrate_mn,5.039048933671482,NA
1,random_1,random,landscape,1,NA,NA,gyrate_sd,gyrate_sd,1.6294314749026673,NA
2,random_2,random,landscape,1,NA,NA,gyrate_sd,gyrate_sd,1.608573275086346,NA
3,clustered_3_rot150,clustered,landscape,1,NA,NA,gyrate_sd,gyrate_sd,10.014352965618487,NA
4,random_4,random,landscape,1,NA,NA,gyrate_sd,gyrate_sd,5.807707360937914,NA
5,clustered_5_rot91,clustered,landscape,1,NA,NA,gyrate_sd,gyrate_sd,6.12514444527155,NA
6,labyrinth_6,labyrinth,landscape,1,NA,NA,gyrate_sd,gyrate_sd,6.171101625238546,NA
7,clustered_7_rot125,clustered,landscape,1,NA,NA,gyrate_sd,gyrate_sd,9.020572061419324,NA
8,labyrinth_8,labyrinth,landscape,1,NA,NA,gyrate_sd,gyrate_sd,5.3162583299347,NA
9,clustered_9_rot272,clustered,landscape,1,NA,NA,gyrate_sd,gyrate_sd,5.7128621334558165,NA
10,random_10,random,landscape,1,NA,NA,gyrate_sd,gyrate_sd,4.680967128979809,NA
11,labyrinth_11,labyrinth,landscape,1,NA,NA,gyrate_sd,gyrate_sd,7.074486457686689,NA
12,clustered_12_rot17,clustered,landscape,1,NA,NA,gyrate_sd,gyrate_sd,6.131351379856436,NA
13,clustered_13_rot286,clustered,landscape,1,NA,NA,gyrate_sd,gyrate_sd,8.902071201590244,NA
14,random_14,random,landscape,1,NA,NA,gyrate_sd,gyrate_sd,2.906791653989641,NA
15,random_15,random,landscape,1,NA,NA,gyrate_sd,gyrate_sd,2.680789334202685,NA
16,labyrinth_16,labyrinth,landscape,1,NA,NA,gyrate_sd,gyrate_sd,5.1091587268938845,NA
17,random_17,random,landscape,1,NA,NA,gyrate_sd,gyrate_sd,2.3791580380393915,NA
18,labyrinth_18,labyrinth,landscape,1,NA,NA,gyrate_sd,gyrate_sd,5.792405210959098,NA
19,clustered_19_rot254,clustered,landscape,1,NA,NA,gyrate_sd,gyrate_sd,11.508945977562608,NA
20,random_20,random,landscape,1,NA,NA,gyrate_sd,gyrate_sd,1.4552303054176237,NA
21,clustered_21_rot190,clustered,landscape,1,NA,NA,gyrate_sd,gyrate_sd,7.673919980808317,NA
22,clustered_22_rot218,clustered,landscape,1,NA,NA,gyrate_sd,gyrate_sd,11.526376414069587,NA
23,clustered_23_rot3,clustered,landscape,1,NA,NA,gyrate_sd,gyrate_sd,4.196254221879152,NA
24,clustered_24_rot31,clustered,landscape,1,NA,NA,gyrate_sd,gyrate_sd,10.425873873185813,NA
25,random_25,random,landscape,1,NA,NA,gyrate_sd,gyrate_sd,1.7790257160609118,NA
26,random_26,random,landscape,1,NA,NA,gyrate_sd,gyrate_sd,1.6239090045793385,NA
27,labyrinth_27,labyrinth,landscape,1,NA,NA,gyrate_sd,gyrate_sd,5.263298737054152,NA
28,clustered_28_rot276,clustered,landscape,1,NA,NA,gyrate_sd,gyrate_sd,8.201538721435435,NA
29,clustered_29_rot188,clustered,landscape,1,NA,NA,gyrate_sd,gyrate_sd,7.231218141902373,NA
30,clustered_30_rot52,clustered,landscape,1,NA,NA,gyrate_sd,gyrate_sd,12.3694203769273,NA
31,random_31,random,landscape,1,NA,NA,gyrate_sd,gyrate_sd,1.485757402251991,NA
32,random_32,random,landscape,1,NA,NA,gyrate_sd,gyrate_sd,4.8174239738863855,NA
33,labyrinth_33,labyrinth,landscape,1,NA,NA,gyrate_sd,gyrate_sd,5.098580489531764,NA
34,labyrinth_34,labyrinth,landscape,1,NA,NA,gyrate_sd,gyrate_sd,5.637523340991435,NA
35,clustered_35_rot173,clustered,landscape,1,NA,NA,gyrate_sd,gyrate_sd,7.6850797668157895,NA
36,labyrinth_36,labyrinth,landscape,1,NA,NA,gyrate_sd,gyrate_sd,5.558817666883592,NA
37,labyrinth_37,labyrinth,landscape,1,NA,NA,gyrate_sd,gyrate_sd,5.304289186596184,NA
38,labyrinth_38,labyrinth,landscape,1,NA,NA,gyrate_sd,gyrate_sd,5.023227148842338,NA
39,labyrinth_39,labyrinth,landscape,1,NA,NA,gyrate_sd,gyrate_sd,5.7098239417340615,NA
40,clustered_40_rot22,clustered,landscape,1,NA,NA,gyrate_sd,gyrate_sd,8.92723352442114,NA
41,random_41,random,landscape,1,NA,NA,gyrate_sd,gyrate_sd,1.590049977736317,NA
42,clustered_42_rot150,clustered,landscape,1,NA,NA,gyrate_sd,gyrate_sd,4.287442497433246,NA
43,labyrinth_43,labyrinth,landscape,1,NA,NA,gyrate_sd,gyrate_sd,5.2830467528086835,NA
44,labyrinth_44,labyrinth,landscape,1,NA,NA,gyrate_sd,gyrate_sd,5.686782170432189,NA
45,clustered_45_rot177,clustered,landscape,1,NA,NA,gyrate_sd,gyrate_sd,9.767157560333873,NA
46,random_46,random,landscape,1,NA,NA,gyrate_sd,gyrate_sd,1.7906925890768883,NA
47,random_47,random,landscape,1,NA,NA,gyrate_sd,gyrate_sd,1.6367526689014475,NA
48,labyrinth_48,labyrinth,landscape,1,NA,NA,gyrate_sd,gyrate_sd,5.165487009842704,NA
49,labyrinth_49,labyrinth,landscape,1,NA,NA,gyrate_sd,gyrate_sd,4.329899017872911,NA
50,random_50,random,landscape,1,NA,NA,gyrate_sd,gyrate_sd,5.430240339023818,NA
51,random_51,random,landscape,1,NA,NA,gyrate_sd,gyrate_sd,1.4883583591080771,NA
52,random_52,random,landscape,1,NA,NA,gyrate_sd,gyrate_sd,1.672245759183415,NA
53,labyrinth_53,labyrinth,landscape,1,NA,NA,gyrate_sd,gyrate_sd,5.283460427235561,NA
54,labyrinth_54,labyrinth,landscape,1,NA,NA,gyrate_sd,gyrate_sd,5.631366131058813,NA
55,random_55,random,landscape,1,NA,NA,gyrate_sd,gyrate_sd,2.1220605878781873,NA
56,labyrinth_56,labyrinth,landscape,1,NA,NA,gyrate_sd,gyrate_sd,5.598305362224506,NA
57,random_57,random,landscape,1,NA,NA,gyrate_sd,gyrate_sd,3.4692713570659057,NA
58,random_58,random,landscape,1,NA,NA,gyrate_sd,gyrate_sd,1.5477190027342302,NA
59,labyrinth_59,labyrinth,landscape,1,NA,NA,gyrate_sd,gyrate_sd,7.252086356087385,NA
60,clustered_60_rot335,clustered,landscape,1,NA,NA,gyrate_sd,gyrate_sd,5.765880678724934,NA
61,clustered_61_rot151,clustered,landscape,1,NA,NA,gyrate_sd,gyrate_sd,4.4604240965399375,NA
62,clustered_62_rot88,clustered,landscape,1,NA,NA,gyrate_sd,gyrate_sd,9.671823572727906,NA
63,random_63,random,landscape,1,NA,NA,gyrate_sd,gyrate_sd,1.596504338609035,NA
64,labyrinth_64,labyrinth,landscape,1,NA,NA,gyrate_sd,gyrate_sd,5.246151419114712,NA
65,random_65,random,landscape,1,NA,NA,gyrate_sd,gyrate_sd,1.523196594045643,NA
66,clustered_66_rot224,clustered,landscape,1,NA,NA,gyrate_sd,gyrate_sd,6.160451634331923,NA
67,labyrinth_67,labyrinth,landscape,1,NA,NA,gyrate_sd,gyrate_sd,5.911573174459294,NA
68,labyrinth_68,labyrinth,landscape,1,NA,NA,gyrate_sd,gyrate_sd,5.524014079698135,NA
69,clustered_69_rot78,clustered,landscape,1,NA,NA,gyrate_sd,gyrate_sd,10.57529052067091,NA
70,clustered_70_rot170,clustered,landscape,1,NA,NA,gyrate_sd,gyrate_sd,11.8420511416969,NA
71,labyrinth_71,labyrinth,landscape,1,NA,NA,gyrate_sd,gyrate_sd,6.867305901394552,NA
72,random_72,random,landscape,1,NA,NA,gyrate_sd,gyrate_sd,5.015618378539966,NA
73,clustered_73_rot156,clustered,landscape,1,NA,NA,gyrate_sd,gyrate_sd,5.594169519852027,NA
74,clustered_74_rot348,clustered,landscape,1,NA,NA,gyrate_sd,gyrate_sd,5.139903901442097,NA
75,random_75,random,landscape,1,NA,NA,gyrate_sd,gyrate_sd,1.5035602733292033,NA
76,random_76,random,landscape,1,NA,NA,gyrate_sd,gyrate_sd,2.1060746449145733,NA
77,labyrinth_77,labyrinth,landscape,1,NA,NA,gyrate_sd,gyrate_sd,4.3858370482918625,NA
78,random_78,random,landscape,1,NA,NA,gyrate_sd,gyrate_sd,5.900796284580943,NA
79,clustered_79_rot79,clustered,landscape,1,NA,NA,gyrate_sd,gyrate_sd,8.888232759477413,NA
80,labyrinth_80,labyrinth,landscape,1,NA,NA,gyrate_sd,gyrate_sd,6.0636344777590985,NA
81,random_81,random,landscape,1,NA,NA,gyrate_sd,gyrate_sd,4.389175465842916,NA
82,clustered_82_rot20,clustered,landscape,1,NA,NA,gyrate_sd,gyrate_sd,8.788688987636407,NA
83,random_83,random,landscape,1,NA,NA,gyrate_sd,gyrate_sd,5.004643882944711,NA
84,random_84,random,landscape,1,NA,NA,gyrate_sd,gyrate_sd,5.496481036944716,NA
85,labyrinth_85,labyrinth,landscape,1,NA,NA,gyrate_sd,gyrate_sd,4.8993600244988285,NA
86,clustered_86_rot6,clustered,landscape,1,NA,NA,gyrate_sd,gyrate_sd,8.685563690994778,NA
87,labyrinth_87,labyrinth,landscape,1,NA,NA,gyrate_sd,gyrate_sd,4.498293152321573,NA
88,labyrinth_88,labyrinth,landscape,1,NA,NA,gyrate_sd,gyrate_sd,5.378927468612865,NA
89,labyrinth_89,labyrinth,landscape,1,NA,NA,gyrate_sd,gyrate_sd,5.9588164592684265,NA
90,random_90,random,landscape,1,NA,NA,gyrate_sd,gyrate_sd,1.474553486119797,NA
91,clustered_91_rot72,clustered,landscape,1,NA,NA,gyrate_sd,gyrate_sd,9.392335472828217,NA
92,random_92,random,landscape,1,NA,NA,gyrate_sd,gyrate_sd,2.226335758463202,NA
93,clustered_93_rot150,clustered,landscape,1,NA,NA,gyrate_sd,gyrate_sd,4.013867632152502,NA
94,random_94,random,landscape,1,NA,NA,gyrate_sd,gyrate_sd,4.384787936509587,NA
95,labyrinth_95,labyrinth,landscape,1,NA,NA,gyrate_sd,gyrate_sd,4.7293686015737695,NA
96,labyrinth_96,labyrinth,landscape,1,NA,NA,gyrate_sd,gyrate_sd,5.470366396254529,NA
97,clustered_97_rot105,clustered,landscape,1,NA,NA,gyrate_sd,gyrate_sd,9.023353680026998,NA
98,labyrinth_98,labyrinth,landscape,1,NA,NA,gyrate_sd,gyrate_sd,5.614139505587568,NA
99,labyrinth_99,labyrinth,landscape,1,NA,NA,gyrate_sd,gyrate_sd,5.902433851886409,NA
100,clustered_100_rot83,clustered,landscape,1,NA,NA,gyrate_sd,gyrate_sd,9.812361393850418,NA
1,random_1,random,landscape,1,NA,NA,iji,iji,NA,"Number of classes must be >= 3, IJI = NA."
2,random_2,random,landscape,1,NA,NA,iji,iji,NA,"Number of classes must be >= 3, IJI = NA."
3,clustered_3_rot150,clustered,landscape,1,NA,NA,iji,iji,NA,"Number of classes must be >= 3, IJI = NA."
4,random_4,random,landscape,1,NA,NA,iji,iji,NA,"Number of classes must be >= 3, IJI = NA."
5,clustered_5_rot91,clustered,landscape,1,NA,NA,iji,iji,NA,"Number of classes must be >= 3, IJI = NA."
6,labyrinth_6,labyrinth,landscape,1,NA,NA,iji,iji,NA,"Number of classes must be >= 3, IJI = NA."
7,clustered_7_rot125,clustered,landscape,1,NA,NA,iji,iji,NA,"Number of classes must be >= 3, IJI = NA."
8,labyrinth_8,labyrinth,landscape,1,NA,NA,iji,iji,NA,"Number of classes must be >= 3, IJI = NA."
9,clustered_9_rot272,clustered,landscape,1,NA,NA,iji,iji,NA,"Number of classes must be >= 3, IJI = NA."
10,random_10,random,landscape,1,NA,NA,iji,iji,NA,"Number of classes must be >= 3, IJI = NA."
11,labyrinth_11,labyrinth,landscape,1,NA,NA,iji,iji,NA,"Number of classes must be >= 3, IJI = NA."
12,clustered_12_rot17,clustered,landscape,1,NA,NA,iji,iji,NA,"Number of classes must be >= 3, IJI = NA."
13,clustered_13_rot286,clustered,landscape,1,NA,NA,iji,iji,NA,"Number of classes must be >= 3, IJI = NA."
14,random_14,random,landscape,1,NA,NA,iji,iji,NA,"Number of classes must be >= 3, IJI = NA."
15,random_15,random,landscape,1,NA,NA,iji,iji,NA,"Number of classes must be >= 3, IJI = NA."
16,labyrinth_16,labyrinth,landscape,1,NA,NA,iji,iji,NA,"Number of classes must be >= 3, IJI = NA."
17,random_17,random,landscape,1,NA,NA,iji,iji,NA,"Number of classes must be >= 3, IJI = NA."
18,labyrinth_18,labyrinth,landscape,1,NA,NA,iji,iji,NA,"Number of classes must be >= 3, IJI = NA."
19,clustered_19_rot254,clustered,landscape,1,NA,NA,iji,iji,NA,"Number of classes must be >= 3, IJI = NA."
20,random_20,random,landscape,1,NA,NA,iji,iji,NA,"Number of classes must be >= 3, IJI = NA."
21,clustered_21_rot190,clustered,landscape,1,NA,NA,iji,iji,NA,"Number of classes must be >= 3, IJI = NA."
22,clustered_22_rot218,clustered,landscape,1,NA,NA,iji,iji,NA,"Number of classes must be >= 3, IJI = NA."
23,clustered_23_rot3,clustered,landscape,1,NA,NA,iji,iji,NA,"Number of classes must be >= 3, IJI = NA."
24,clustered_24_rot31,clustered,landscape,1,NA,NA,iji,iji,NA,"Number of classes must be >= 3, IJI = NA."
25,random_25,random,landscape,1,NA,NA,iji,iji,NA,"Number of classes must be >= 3, IJI = NA."
26,random_26,random,landscape,1,NA,NA,iji,iji,NA,"Number of classes must be >= 3, IJI = NA."
27,labyrinth_27,labyrinth,landscape,1,NA,NA,iji,iji,NA,"Number of classes must be >= 3, IJI = NA."
28,clustered_28_rot276,clustered,landscape,1,NA,NA,iji,iji,NA,"Number of classes must be >= 3, IJI = NA."
29,clustered_29_rot188,clustered,landscape,1,NA,NA,iji,iji,NA,"Number of classes must be >= 3, IJI = NA."
30,clustered_30_rot52,clustered,landscape,1,NA,NA,iji,iji,NA,"Number of classes must be >= 3, IJI = NA."
31,random_31,random,landscape,1,NA,NA,iji,iji,NA,"Number of classes must be >= 3, IJI = NA."
32,random_32,random,landscape,1,NA,NA,iji,iji,NA,"Number of classes must be >= 3, IJI = NA."
33,labyrinth_33,labyrinth,landscape,1,NA,NA,iji,iji,NA,"Number of classes must be >= 3, IJI = NA."
34,labyrinth_34,labyrinth,landscape,1,NA,NA,iji,iji,NA,"Number of classes must be >= 3, IJI = NA."
35,clustered_35_rot173,clustered,landscape,1,NA,NA,iji,iji,NA,"Number of classes must be >= 3, IJI = NA."
36,labyrinth_36,labyrinth,landscape,1,NA,NA,iji,iji,NA,"Number of classes must be >= 3, IJI = NA."
37,labyrinth_37,labyrinth,landscape,1,NA,NA,iji,iji,NA,"Number of classes must be >= 3, IJI = NA."
38,labyrinth_38,labyrinth,landscape,1,NA,NA,iji,iji,NA,"Number of classes must be >= 3, IJI = NA."
39,labyrinth_39,labyrinth,landscape,1,NA,NA,iji,iji,NA,"Number of classes must be >= 3, IJI = NA."
40,clustered_40_rot22,clustered,landscape,1,NA,NA,iji,iji,NA,"Number of classes must be >= 3, IJI = NA."
41,random_41,random,landscape,1,NA,NA,iji,iji,NA,"Number of classes must be >= 3, IJI = NA."
42,clustered_42_rot150,clustered,landscape,1,NA,NA,iji,iji,NA,"Number of classes must be >= 3, IJI = NA."
43,labyrinth_43,labyrinth,landscape,1,NA,NA,iji,iji,NA,"Number of classes must be >= 3, IJI = NA."
44,labyrinth_44,labyrinth,landscape,1,NA,NA,iji,iji,NA,"Number of classes must be >= 3, IJI = NA."
45,clustered_45_rot177,clustered,landscape,1,NA,NA,iji,iji,NA,"Number of classes must be >= 3, IJI = NA."
46,random_46,random,landscape,1,NA,NA,iji,iji,NA,"Number of classes must be >= 3, IJI = NA."
47,random_47,random,landscape,1,NA,NA,iji,iji,NA,"Number of classes must be >= 3, IJI = NA."
48,labyrinth_48,labyrinth,landscape,1,NA,NA,iji,iji,NA,"Number of classes must be >= 3, IJI = NA."
49,labyrinth_49,labyrinth,landscape,1,NA,NA,iji,iji,NA,"Number of classes must be >= 3, IJI = NA."
50,random_50,random,landscape,1,NA,NA,iji,iji,NA,"Number of classes must be >= 3, IJI = NA."
51,random_51,random,landscape,1,NA,NA,iji,iji,NA,"Number of classes must be >= 3, IJI = NA."
52,random_52,random,landscape,1,NA,NA,iji,iji,NA,"Number of classes must be >= 3, IJI = NA."
53,labyrinth_53,labyrinth,landscape,1,NA,NA,iji,iji,NA,"Number of classes must be >= 3, IJI = NA."
54,labyrinth_54,labyrinth,landscape,1,NA,NA,iji,iji,NA,"Number of classes must be >= 3, IJI = NA."
55,random_55,random,landscape,1,NA,NA,iji,iji,NA,"Number of classes must be >= 3, IJI = NA."
56,labyrinth_56,labyrinth,landscape,1,NA,NA,iji,iji,NA,"Number of classes must be >= 3, IJI = NA."
57,random_57,random,landscape,1,NA,NA,iji,iji,NA,"Number of classes must be >= 3, IJI = NA."
58,random_58,random,landscape,1,NA,NA,iji,iji,NA,"Number of classes must be >= 3, IJI = NA."
59,labyrinth_59,labyrinth,landscape,1,NA,NA,iji,iji,NA,"Number of classes must be >= 3, IJI = NA."
60,clustered_60_rot335,clustered,landscape,1,NA,NA,iji,iji,NA,"Number of classes must be >= 3, IJI = NA."
61,clustered_61_rot151,clustered,landscape,1,NA,NA,iji,iji,NA,"Number of classes must be >= 3, IJI = NA."
62,clustered_62_rot88,clustered,landscape,1,NA,NA,iji,iji,NA,"Number of classes must be >= 3, IJI = NA."
63,random_63,random,landscape,1,NA,NA,iji,iji,NA,"Number of classes must be >= 3, IJI = NA."
64,labyrinth_64,labyrinth,landscape,1,NA,NA,iji,iji,NA,"Number of classes must be >= 3, IJI = NA."
65,random_65,random,landscape,1,NA,NA,iji,iji,NA,"Number of classes must be >= 3, IJI = NA."
66,clustered_66_rot224,clustered,landscape,1,NA,NA,iji,iji,NA,"Number of classes must be >= 3, IJI = NA."
67,labyrinth_67,labyrinth,landscape,1,NA,NA,iji,iji,NA,"Number of classes must be >= 3, IJI = NA."
68,labyrinth_68,labyrinth,landscape,1,NA,NA,iji,iji,NA,"Number of classes must be >= 3, IJI = NA."
69,clustered_69_rot78,clustered,landscape,1,NA,NA,iji,iji,NA,"Number of classes must be >= 3, IJI = NA."
70,clustered_70_rot170,clustered,landscape,1,NA,NA,iji,iji,NA,"Number of classes must be >= 3, IJI = NA."
71,labyrinth_71,labyrinth,landscape,1,NA,NA,iji,iji,NA,"Number of classes must be >= 3, IJI = NA."
72,random_72,random,landscape,1,NA,NA,iji,iji,NA,"Number of classes must be >= 3, IJI = NA."
73,clustered_73_rot156,clustered,landscape,1,NA,NA,iji,iji,NA,"Number of classes must be >= 3, IJI = NA."
74,clustered_74_rot348,clustered,landscape,1,NA,NA,iji,iji,NA,"Number of classes must be >= 3, IJI = NA."
75,random_75,random,landscape,1,NA,NA,iji,iji,NA,"Number of classes must be >= 3, IJI = NA."
76,random_76,random,landscape,1,NA,NA,iji,iji,NA,"Number of classes must be >= 3, IJI = NA."
77,labyrinth_77,labyrinth,landscape,1,NA,NA,iji,iji,NA,"Number of classes must be >= 3, IJI = NA."
78,random_78,random,landscape,1,NA,NA,iji,iji,NA,"Number of classes must be >= 3, IJI = NA."
79,clustered_79_rot79,clustered,landscape,1,NA,NA,iji,iji,NA,"Number of classes must be >= 3, IJI = NA."
80,labyrinth_80,labyrinth,landscape,1,NA,NA,iji,iji,NA,"Number of classes must be >= 3, IJI = NA."
81,random_81,random,landscape,1,NA,NA,iji,iji,NA,"Number of classes must be >= 3, IJI = NA."
82,clustered_82_rot20,clustered,landscape,1,NA,NA,iji,iji,NA,"Number of classes must be >= 3, IJI = NA."
83,random_83,random,landscape,1,NA,NA,iji,iji,NA,"Number of classes must be >= 3, IJI = NA."
84,random_84,random,landscape,1,NA,NA,iji,iji,NA,"Number of classes must be >= 3, IJI = NA."
85,labyrinth_85,labyrinth,landscape,1,NA,NA,iji,iji,NA,"Number of classes must be >= 3, IJI = NA."
86,clustered_86_rot6,clustered,landscape,1,NA,NA,iji,iji,NA,"Number of classes must be >= 3, IJI = NA."
87,labyrinth_87,labyrinth,landscape,1,NA,NA,iji,iji,NA,"Number of classes must be >= 3, IJI = NA."
88,labyrinth_88,labyrinth,landscape,1,NA,NA,iji,iji,NA,"Number of classes must be >= 3, IJI = NA."
89,labyrinth_89,labyrinth,landscape,1,NA,NA,iji,iji,NA,"Number of classes must be >= 3, IJI = NA."
90,random_90,random,landscape,1,NA,NA,iji,iji,NA,"Number of classes must be >= 3, IJI = NA."
91,clustered_91_rot72,clustered,landscape,1,NA,NA,iji,iji,NA,"Number of classes must be >= 3, IJI = NA."
92,random_92,random,landscape,1,NA,NA,iji,iji,NA,"Number of classes must be >= 3, IJI = NA."
93,clustered_93_rot150,clustered,landscape,1,NA,NA,iji,iji,NA,"Number of classes must be >= 3, IJI = NA."
94,random_94,random,landscape,1,NA,NA,iji,iji,NA,"Number of classes must be >= 3, IJI = NA."
95,labyrinth_95,labyrinth,landscape,1,NA,NA,iji,iji,NA,"Number of classes must be >= 3, IJI = NA."
96,labyrinth_96,labyrinth,landscape,1,NA,NA,iji,iji,NA,"Number of classes must be >= 3, IJI = NA."
97,clustered_97_rot105,clustered,landscape,1,NA,NA,iji,iji,NA,"Number of classes must be >= 3, IJI = NA."
98,labyrinth_98,labyrinth,landscape,1,NA,NA,iji,iji,NA,"Number of classes must be >= 3, IJI = NA."
99,labyrinth_99,labyrinth,landscape,1,NA,NA,iji,iji,NA,"Number of classes must be >= 3, IJI = NA."
100,clustered_100_rot83,clustered,landscape,1,NA,NA,iji,iji,NA,"Number of classes must be >= 3, IJI = NA."
1,random_1,random,landscape,1,NA,NA,joinent,joinent,1.5744794350956726,NA
2,random_2,random,landscape,1,NA,NA,joinent,joinent,1.6112462236809715,NA
3,clustered_3_rot150,clustered,landscape,1,NA,NA,joinent,joinent,1.1573858117311064,NA
4,random_4,random,landscape,1,NA,NA,joinent,joinent,1.9999659527597606,NA
5,clustered_5_rot91,clustered,landscape,1,NA,NA,joinent,joinent,1.3182748911754154,NA
6,labyrinth_6,labyrinth,landscape,1,NA,NA,joinent,joinent,1.2875188532282829,NA
7,clustered_7_rot125,clustered,landscape,1,NA,NA,joinent,joinent,1.1913514037317854,NA
8,labyrinth_8,labyrinth,landscape,1,NA,NA,joinent,joinent,1.3110528923523475,NA
9,clustered_9_rot272,clustered,landscape,1,NA,NA,joinent,joinent,1.3003458372130228,NA
10,random_10,random,landscape,1,NA,NA,joinent,joinent,1.98245612826218,NA
11,labyrinth_11,labyrinth,landscape,1,NA,NA,joinent,joinent,1.2566498142886857,NA
12,clustered_12_rot17,clustered,landscape,1,NA,NA,joinent,joinent,1.3467133878174118,NA
13,clustered_13_rot286,clustered,landscape,1,NA,NA,joinent,joinent,1.1942879890855767,NA
14,random_14,random,landscape,1,NA,NA,joinent,joinent,1.8986495070230387,NA
15,random_15,random,landscape,1,NA,NA,joinent,joinent,1.880402541443276,NA
16,labyrinth_16,labyrinth,landscape,1,NA,NA,joinent,joinent,1.3936566656275613,NA
17,random_17,random,landscape,1,NA,NA,joinent,joinent,1.7921983696433677,NA
18,labyrinth_18,labyrinth,landscape,1,NA,NA,joinent,joinent,1.2010629133996542,NA
19,clustered_19_rot254,clustered,landscape,1,NA,NA,joinent,joinent,1.1210352587307844,NA
20,random_20,random,landscape,1,NA,NA,joinent,joinent,1.1090305959676214,NA
21,clustered_21_rot190,clustered,landscape,1,NA,NA,joinent,joinent,1.2389790988334424,NA
22,clustered_22_rot218,clustered,landscape,1,NA,NA,joinent,joinent,1.1505813300355303,NA
23,clustered_23_rot3,clustered,landscape,1,NA,NA,joinent,joinent,1.116307628432083,NA
24,clustered_24_rot31,clustered,landscape,1,NA,NA,joinent,joinent,1.145687877323649,NA
25,random_25,random,landscape,1,NA,NA,joinent,joinent,1.633732685488156,NA
26,random_26,random,landscape,1,NA,NA,joinent,joinent,1.5482314690126842,NA
27,labyrinth_27,labyrinth,landscape,1,NA,NA,joinent,joinent,1.3624564059218778,NA
28,clustered_28_rot276,clustered,landscape,1,NA,NA,joinent,joinent,1.0912998383315649,NA
29,clustered_29_rot188,clustered,landscape,1,NA,NA,joinent,joinent,1.2223908649278281,NA
30,clustered_30_rot52,clustered,landscape,1,NA,NA,joinent,joinent,1.1244496128005423,NA
31,random_31,random,landscape,1,NA,NA,joinent,joinent,1.0238130033324453,NA
32,random_32,random,landscape,1,NA,NA,joinent,joinent,1.9785529377677773,NA
33,labyrinth_33,labyrinth,landscape,1,NA,NA,joinent,joinent,1.3898950435882658,NA
34,labyrinth_34,labyrinth,landscape,1,NA,NA,joinent,joinent,1.3372198264900845,NA
35,clustered_35_rot173,clustered,landscape,1,NA,NA,joinent,joinent,1.2581024823378162,NA
36,labyrinth_36,labyrinth,landscape,1,NA,NA,joinent,joinent,1.2679560183338243,NA
37,labyrinth_37,labyrinth,landscape,1,NA,NA,joinent,joinent,1.3559087255024154,NA
38,labyrinth_38,labyrinth,landscape,1,NA,NA,joinent,joinent,1.3828023431836127,NA
39,labyrinth_39,labyrinth,landscape,1,NA,NA,joinent,joinent,1.379522308475084,NA
40,clustered_40_rot22,clustered,landscape,1,NA,NA,joinent,joinent,1.1702867917934938,NA
41,random_41,random,landscape,1,NA,NA,joinent,joinent,1.5388056040009797,NA
42,clustered_42_rot150,clustered,landscape,1,NA,NA,joinent,joinent,1.391559096073838,NA
43,labyrinth_43,labyrinth,landscape,1,NA,NA,joinent,joinent,1.3429995781007669,NA
44,labyrinth_44,labyrinth,landscape,1,NA,NA,joinent,joinent,1.2849169295624556,NA
45,clustered_45_rot177,clustered,landscape,1,NA,NA,joinent,joinent,1.1741067597607273,NA
46,random_46,random,landscape,1,NA,NA,joinent,joinent,1.6858728991024747,NA
47,random_47,random,landscape,1,NA,NA,joinent,joinent,1.59882779779509,NA
48,labyrinth_48,labyrinth,landscape,1,NA,NA,joinent,joinent,1.4261297801268966,NA
49,labyrinth_49,labyrinth,landscape,1,NA,NA,joinent,joinent,1.457522351153128,NA
50,random_50,random,landscape,1,NA,NA,joinent,joinent,1.9986015669616957,NA
51,random_51,random,landscape,1,NA,NA,joinent,joinent,1.0518740781440141,NA
52,random_52,random,landscape,1,NA,NA,joinent,joinent,1.6050356372084613,NA
53,labyrinth_53,labyrinth,landscape,1,NA,NA,joinent,joinent,1.3869999823342836,NA
54,labyrinth_54,labyrinth,landscape,1,NA,NA,joinent,joinent,1.344758972815267,NA
55,random_55,random,landscape,1,NA,NA,joinent,joinent,1.7898723638664915,NA
56,labyrinth_56,labyrinth,landscape,1,NA,NA,joinent,joinent,1.3037348253397891,NA
57,random_57,random,landscape,1,NA,NA,joinent,joinent,1.9222463644184933,NA
58,random_58,random,landscape,1,NA,NA,joinent,joinent,1.4993928647458892,NA
59,labyrinth_59,labyrinth,landscape,1,NA,NA,joinent,joinent,1.229934451254544,NA
60,clustered_60_rot335,clustered,landscape,1,NA,NA,joinent,joinent,1.3153212414734308,NA
61,clustered_61_rot151,clustered,landscape,1,NA,NA,joinent,joinent,1.2512876940909823,NA
62,clustered_62_rot88,clustered,landscape,1,NA,NA,joinent,joinent,1.1574459932131185,NA
63,random_63,random,landscape,1,NA,NA,joinent,joinent,1.590579903555032,NA
64,labyrinth_64,labyrinth,landscape,1,NA,NA,joinent,joinent,1.3290197349956197,NA
65,random_65,random,landscape,1,NA,NA,joinent,joinent,1.4364342217534596,NA
66,clustered_66_rot224,clustered,landscape,1,NA,NA,joinent,joinent,1.3213734427714474,NA
67,labyrinth_67,labyrinth,landscape,1,NA,NA,joinent,joinent,1.254273431502025,NA
68,labyrinth_68,labyrinth,landscape,1,NA,NA,joinent,joinent,1.3566982423959406,NA
69,clustered_69_rot78,clustered,landscape,1,NA,NA,joinent,joinent,1.1185600303276733,NA
70,clustered_70_rot170,clustered,landscape,1,NA,NA,joinent,joinent,1.1154110776569475,NA
71,labyrinth_71,labyrinth,landscape,1,NA,NA,joinent,joinent,1.2416450163676267,NA
72,random_72,random,landscape,1,NA,NA,joinent,joinent,1.9911168615083326,NA
73,clustered_73_rot156,clustered,landscape,1,NA,NA,joinent,joinent,1.1319794680505129,NA
74,clustered_74_rot348,clustered,landscape,1,NA,NA,joinent,joinent,1.109723694947845,NA
75,random_75,random,landscape,1,NA,NA,joinent,joinent,1.4344782921764028,NA
76,random_76,random,landscape,1,NA,NA,joinent,joinent,1.7981786198953404,NA
77,labyrinth_77,labyrinth,landscape,1,NA,NA,joinent,joinent,1.47411353222879,NA
78,random_78,random,landscape,1,NA,NA,joinent,joinent,1.9997907977798473,NA
79,clustered_79_rot79,clustered,landscape,1,NA,NA,joinent,joinent,1.212229988514345,NA
80,labyrinth_80,labyrinth,landscape,1,NA,NA,joinent,joinent,1.1959976881427072,NA
81,random_81,random,landscape,1,NA,NA,joinent,joinent,1.9742755182294351,NA
82,clustered_82_rot20,clustered,landscape,1,NA,NA,joinent,joinent,1.1402707727644028,NA
83,random_83,random,landscape,1,NA,NA,joinent,joinent,1.9942109849554082,NA
84,random_84,random,landscape,1,NA,NA,joinent,joinent,1.9999987519525846,NA
85,labyrinth_85,labyrinth,landscape,1,NA,NA,joinent,joinent,1.4215629236189844,NA
86,clustered_86_rot6,clustered,landscape,1,NA,NA,joinent,joinent,1.1731685927743873,NA
87,labyrinth_87,labyrinth,landscape,1,NA,NA,joinent,joinent,1.3663308918932857,NA
88,labyrinth_88,labyrinth,landscape,1,NA,NA,joinent,joinent,1.3318693009872817,NA
89,labyrinth_89,labyrinth,landscape,1,NA,NA,joinent,joinent,1.2871000741963705,NA
90,random_90,random,landscape,1,NA,NA,joinent,joinent,1.3339486768263056,NA
91,clustered_91_rot72,clustered,landscape,1,NA,NA,joinent,joinent,1.202363986245841,NA
92,random_92,random,landscape,1,NA,NA,joinent,joinent,1.8027011737999394,NA
93,clustered_93_rot150,clustered,landscape,1,NA,NA,joinent,joinent,1.4247156494174384,NA
94,random_94,random,landscape,1,NA,NA,joinent,joinent,1.9611238596929448,NA
95,labyrinth_95,labyrinth,landscape,1,NA,NA,joinent,joinent,1.470154493462446,NA
96,labyrinth_96,labyrinth,landscape,1,NA,NA,joinent,joinent,1.2897632903131102,NA
97,clustered_97_rot105,clustered,landscape,1,NA,NA,joinent,joinent,1.0948780294442102,NA
98,labyrinth_98,labyrinth,landscape,1,NA,NA,joinent,joinent,1.279638406281703,NA
99,labyrinth_99,labyrinth,landscape,1,NA,NA,joinent,joinent,1.1197338244521275,NA
100,clustered_100_rot83,clustered,landscape,1,NA,NA,joinent,joinent,1.112245789482344,NA
1,random_1,random,landscape,1,NA,NA,lpi,lpi,76.48,NA
2,random_2,random,landscape,1,NA,NA,lpi,lpi,75.34,NA
3,clustered_3_rot150,clustered,landscape,1,NA,NA,lpi,lpi,50.77,NA
4,random_4,random,landscape,1,NA,NA,lpi,lpi,49.160000000000004,NA
5,clustered_5_rot91,clustered,landscape,1,NA,NA,lpi,lpi,46,NA
6,labyrinth_6,labyrinth,landscape,1,NA,NA,lpi,lpi,56.65,NA
7,clustered_7_rot125,clustered,landscape,1,NA,NA,lpi,lpi,54.900000000000006,NA
8,labyrinth_8,labyrinth,landscape,1,NA,NA,lpi,lpi,46.830000000000005,NA
9,clustered_9_rot272,clustered,landscape,1,NA,NA,lpi,lpi,51.42,NA
10,random_10,random,landscape,1,NA,NA,lpi,lpi,54.99000000000001,NA
11,labyrinth_11,labyrinth,landscape,1,NA,NA,lpi,lpi,53.71,NA
12,clustered_12_rot17,clustered,landscape,1,NA,NA,lpi,lpi,45.38,NA
13,clustered_13_rot286,clustered,landscape,1,NA,NA,lpi,lpi,50.529999999999994,NA
14,random_14,random,landscape,1,NA,NA,lpi,lpi,63.12,NA
15,random_15,random,landscape,1,NA,NA,lpi,lpi,64.22,NA
16,labyrinth_16,labyrinth,landscape,1,NA,NA,lpi,lpi,58.17,NA
17,random_17,random,landscape,1,NA,NA,lpi,lpi,68.72,NA
18,labyrinth_18,labyrinth,landscape,1,NA,NA,lpi,lpi,61.45,NA
19,clustered_19_rot254,clustered,landscape,1,NA,NA,lpi,lpi,50.480000000000004,NA
20,random_20,random,landscape,1,NA,NA,lpi,lpi,87.13000000000001,NA
21,clustered_21_rot190,clustered,landscape,1,NA,NA,lpi,lpi,51.040000000000006,NA
22,clustered_22_rot218,clustered,landscape,1,NA,NA,lpi,lpi,59.69,NA
23,clustered_23_rot3,clustered,landscape,1,NA,NA,lpi,lpi,75.35000000000001,NA
24,clustered_24_rot31,clustered,landscape,1,NA,NA,lpi,lpi,61.86000000000001,NA
25,random_25,random,landscape,1,NA,NA,lpi,lpi,74.66000000000001,NA
26,random_26,random,landscape,1,NA,NA,lpi,lpi,77.23,NA
27,labyrinth_27,labyrinth,landscape,1,NA,NA,lpi,lpi,42.14,NA
28,clustered_28_rot276,clustered,landscape,1,NA,NA,lpi,lpi,65.09,NA
29,clustered_29_rot188,clustered,landscape,1,NA,NA,lpi,lpi,51.01,NA
30,clustered_30_rot52,clustered,landscape,1,NA,NA,lpi,lpi,57.410000000000004,NA
31,random_31,random,landscape,1,NA,NA,lpi,lpi,88.57000000000001,NA
32,random_32,random,landscape,1,NA,NA,lpi,lpi,55.64,NA
33,labyrinth_33,labyrinth,landscape,1,NA,NA,lpi,lpi,40.230000000000004,NA
34,labyrinth_34,labyrinth,landscape,1,NA,NA,lpi,lpi,51.580000000000005,NA
35,clustered_35_rot173,clustered,landscape,1,NA,NA,lpi,lpi,48.49,NA
36,labyrinth_36,labyrinth,landscape,1,NA,NA,lpi,lpi,49.29,NA
37,labyrinth_37,labyrinth,landscape,1,NA,NA,lpi,lpi,51.18000000000001,NA
38,labyrinth_38,labyrinth,landscape,1,NA,NA,lpi,lpi,42.71,NA
39,labyrinth_39,labyrinth,landscape,1,NA,NA,lpi,lpi,33.230000000000004,NA
40,clustered_40_rot22,clustered,landscape,1,NA,NA,lpi,lpi,57.81,NA
41,random_41,random,landscape,1,NA,NA,lpi,lpi,77.5,NA
42,clustered_42_rot150,clustered,landscape,1,NA,NA,lpi,lpi,62.970000000000006,NA
43,labyrinth_43,labyrinth,landscape,1,NA,NA,lpi,lpi,40.22,NA
44,labyrinth_44,labyrinth,landscape,1,NA,NA,lpi,lpi,50.41,NA
45,clustered_45_rot177,clustered,landscape,1,NA,NA,lpi,lpi,53.99,NA
46,random_46,random,landscape,1,NA,NA,lpi,lpi,72.89,NA
47,random_47,random,landscape,1,NA,NA,lpi,lpi,75.76,NA
48,labyrinth_48,labyrinth,landscape,1,NA,NA,lpi,lpi,41.94,NA
49,labyrinth_49,labyrinth,landscape,1,NA,NA,lpi,lpi,55.11000000000001,NA
50,random_50,random,landscape,1,NA,NA,lpi,lpi,50.06,NA
51,random_51,random,landscape,1,NA,NA,lpi,lpi,88.15,NA
52,random_52,random,landscape,1,NA,NA,lpi,lpi,75.57000000000001,NA
53,labyrinth_53,labyrinth,landscape,1,NA,NA,lpi,lpi,50.739999999999995,NA
54,labyrinth_54,labyrinth,landscape,1,NA,NA,lpi,lpi,50,NA
55,random_55,random,landscape,1,NA,NA,lpi,lpi,68.83,NA
56,labyrinth_56,labyrinth,landscape,1,NA,NA,lpi,lpi,42.58,NA
57,random_57,random,landscape,1,NA,NA,lpi,lpi,61.49,NA
58,random_58,random,landscape,1,NA,NA,lpi,lpi,78.53,NA
59,labyrinth_59,labyrinth,landscape,1,NA,NA,lpi,lpi,59.85,NA
60,clustered_60_rot335,clustered,landscape,1,NA,NA,lpi,lpi,50.029999999999994,NA
61,clustered_61_rot151,clustered,landscape,1,NA,NA,lpi,lpi,63.51,NA
62,clustered_62_rot88,clustered,landscape,1,NA,NA,lpi,lpi,52.93,NA
63,random_63,random,landscape,1,NA,NA,lpi,lpi,75.96000000000001,NA
64,labyrinth_64,labyrinth,landscape,1,NA,NA,lpi,lpi,59.18,NA
65,random_65,random,landscape,1,NA,NA,lpi,lpi,80.21000000000001,NA
66,clustered_66_rot224,clustered,landscape,1,NA,NA,lpi,lpi,54.470000000000006,NA
67,labyrinth_67,labyrinth,landscape,1,NA,NA,lpi,lpi,44.330000000000005,NA
68,labyrinth_68,labyrinth,landscape,1,NA,NA,lpi,lpi,45.26,NA
69,clustered_69_rot78,clustered,landscape,1,NA,NA,lpi,lpi,60.230000000000004,NA
70,clustered_70_rot170,clustered,landscape,1,NA,NA,lpi,lpi,55.76,NA
71,labyrinth_71,labyrinth,landscape,1,NA,NA,lpi,lpi,42.620000000000005,NA
72,random_72,random,landscape,1,NA,NA,lpi,lpi,53.49,NA
73,clustered_73_rot156,clustered,landscape,1,NA,NA,lpi,lpi,75.29,NA
74,clustered_74_rot348,clustered,landscape,1,NA,NA,lpi,lpi,76.33000000000001,NA
75,random_75,random,landscape,1,NA,NA,lpi,lpi,80.23,NA
76,random_76,random,landscape,1,NA,NA,lpi,lpi,68.35,NA
77,labyrinth_77,labyrinth,landscape,1,NA,NA,lpi,lpi,35.85,NA
78,random_78,random,landscape,1,NA,NA,lpi,lpi,49.980000000000004,NA
79,clustered_79_rot79,clustered,landscape,1,NA,NA,lpi,lpi,49.33,NA
80,labyrinth_80,labyrinth,landscape,1,NA,NA,lpi,lpi,69.25,NA
81,random_81,random,landscape,1,NA,NA,lpi,lpi,56.15,NA
82,clustered_82_rot20,clustered,landscape,1,NA,NA,lpi,lpi,62.45,NA
83,random_83,random,landscape,1,NA,NA,lpi,lpi,52.370000000000005,NA
84,random_84,random,landscape,1,NA,NA,lpi,lpi,48.93,NA
85,labyrinth_85,labyrinth,landscape,1,NA,NA,lpi,lpi,62.970000000000006,NA
86,clustered_86_rot6,clustered,landscape,1,NA,NA,lpi,lpi,49.760000000000005,NA
87,labyrinth_87,labyrinth,landscape,1,NA,NA,lpi,lpi,58.57,NA
88,labyrinth_88,labyrinth,landscape,1,NA,NA,lpi,lpi,54.190000000000005,NA
89,labyrinth_89,labyrinth,landscape,1,NA,NA,lpi,lpi,59.660000000000004,NA
90,random_90,random,landscape,1,NA,NA,lpi,lpi,82.58000000000001,NA
91,clustered_91_rot72,clustered,landscape,1,NA,NA,lpi,lpi,53.28000000000001,NA
92,random_92,random,landscape,1,NA,NA,lpi,lpi,68.13,NA
93,clustered_93_rot150,clustered,landscape,1,NA,NA,lpi,lpi,64.38000000000001,NA
94,random_94,random,landscape,1,NA,NA,lpi,lpi,57.96,NA
95,labyrinth_95,labyrinth,landscape,1,NA,NA,lpi,lpi,49.760000000000005,NA
96,labyrinth_96,labyrinth,landscape,1,NA,NA,lpi,lpi,61.120000000000005,NA
97,clustered_97_rot105,clustered,landscape,1,NA,NA,lpi,lpi,63.480000000000004,NA
98,labyrinth_98,labyrinth,landscape,1,NA,NA,lpi,lpi,41.21,NA
99,labyrinth_99,labyrinth,landscape,1,NA,NA,lpi,lpi,71.33,NA
100,clustered_100_rot83,clustered,landscape,1,NA,NA,lpi,lpi,61.07,NA
1,random_1,random,landscape,1,NA,NA,lsi,lsi,18.6525,NA
2,random_2,random,landscape,1,NA,NA,lsi,lsi,19.33,NA
3,clustered_3_rot150,clustered,landscape,1,NA,NA,lsi,lsi,2.135,NA
4,random_4,random,landscape,1,NA,NA,lsi,lsi,25.58,NA
5,clustered_5_rot91,clustered,landscape,1,NA,NA,lsi,lsi,4.0425,NA
6,labyrinth_6,labyrinth,landscape,1,NA,NA,lsi,lsi,3.69,NA
7,clustered_7_rot125,clustered,landscape,1,NA,NA,lsi,lsi,2.6925,NA
8,labyrinth_8,labyrinth,landscape,1,NA,NA,lsi,lsi,4.1,NA
9,clustered_9_rot272,clustered,landscape,1,NA,NA,lsi,lsi,3.65,NA
10,random_10,random,landscape,1,NA,NA,lsi,lsi,25.715,NA
11,labyrinth_11,labyrinth,landscape,1,NA,NA,lsi,lsi,3.2775,NA
12,clustered_12_rot17,clustered,landscape,1,NA,NA,lsi,lsi,4.2875,NA
13,clustered_13_rot286,clustered,landscape,1,NA,NA,lsi,lsi,2.485,NA
14,random_14,random,landscape,1,NA,NA,lsi,lsi,24.0225,NA
15,random_15,random,landscape,1,NA,NA,lsi,lsi,23.6725,NA
16,labyrinth_16,labyrinth,landscape,1,NA,NA,lsi,lsi,5.235,NA
17,random_17,random,landscape,1,NA,NA,lsi,lsi,22.45,NA
18,labyrinth_18,labyrinth,landscape,1,NA,NA,lsi,lsi,3.16,NA
19,clustered_19_rot254,clustered,landscape,1,NA,NA,lsi,lsi,1.815,NA
20,random_20,random,landscape,1,NA,NA,lsi,lsi,12.07,NA
21,clustered_21_rot190,clustered,landscape,1,NA,NA,lsi,lsi,3.0725,NA
22,clustered_22_rot218,clustered,landscape,1,NA,NA,lsi,lsi,2.4925,NA
23,clustered_23_rot3,clustered,landscape,1,NA,NA,lsi,lsi,5.225,NA
24,clustered_24_rot31,clustered,landscape,1,NA,NA,lsi,lsi,2.4275,NA
25,random_25,random,landscape,1,NA,NA,lsi,lsi,19.8175,NA
26,random_26,random,landscape,1,NA,NA,lsi,lsi,18.45,NA
27,labyrinth_27,labyrinth,landscape,1,NA,NA,lsi,lsi,4.56,NA
28,clustered_28_rot276,clustered,landscape,1,NA,NA,lsi,lsi,2.6725,NA
29,clustered_29_rot188,clustered,landscape,1,NA,NA,lsi,lsi,2.92,NA
30,clustered_30_rot52,clustered,landscape,1,NA,NA,lsi,lsi,1.985,NA
31,random_31,random,landscape,1,NA,NA,lsi,lsi,10.9725,NA
32,random_32,random,landscape,1,NA,NA,lsi,lsi,25.3375,NA
33,labyrinth_33,labyrinth,landscape,1,NA,NA,lsi,lsi,4.8,NA
34,labyrinth_34,labyrinth,landscape,1,NA,NA,lsi,lsi,4.475,NA
35,clustered_35_rot173,clustered,landscape,1,NA,NA,lsi,lsi,3.16,NA
36,labyrinth_36,labyrinth,landscape,1,NA,NA,lsi,lsi,3.2775,NA
37,labyrinth_37,labyrinth,landscape,1,NA,NA,lsi,lsi,4.4925,NA
38,labyrinth_38,labyrinth,landscape,1,NA,NA,lsi,lsi,4.7225,NA
39,labyrinth_39,labyrinth,landscape,1,NA,NA,lsi,lsi,4.6475,NA
40,clustered_40_rot22,clustered,landscape,1,NA,NA,lsi,lsi,2.43,NA
41,random_41,random,landscape,1,NA,NA,lsi,lsi,18.1575,NA
42,clustered_42_rot150,clustered,landscape,1,NA,NA,lsi,lsi,5.6925,NA
43,labyrinth_43,labyrinth,landscape,1,NA,NA,lsi,lsi,4.1675,NA
44,labyrinth_44,labyrinth,landscape,1,NA,NA,lsi,lsi,3.475,NA
45,clustered_45_rot177,clustered,landscape,1,NA,NA,lsi,lsi,2.4525,NA
46,random_46,random,landscape,1,NA,NA,lsi,lsi,20.6625,NA
47,random_47,random,landscape,1,NA,NA,lsi,lsi,19.1075,NA
48,labyrinth_48,labyrinth,landscape,1,NA,NA,lsi,lsi,5.3375,NA
49,labyrinth_49,labyrinth,landscape,1,NA,NA,lsi,lsi,5.955,NA
50,random_50,random,landscape,1,NA,NA,lsi,lsi,25.57,NA
51,random_51,random,landscape,1,NA,NA,lsi,lsi,11.3925,NA
52,random_52,random,landscape,1,NA,NA,lsi,lsi,19.295,NA
53,labyrinth_53,labyrinth,landscape,1,NA,NA,lsi,lsi,4.7825,NA
54,labyrinth_54,labyrinth,landscape,1,NA,NA,lsi,lsi,4.3475,NA
55,random_55,random,landscape,1,NA,NA,lsi,lsi,22.1375,NA
56,labyrinth_56,labyrinth,landscape,1,NA,NA,lsi,lsi,3.6875,NA
57,random_57,random,landscape,1,NA,NA,lsi,lsi,24.5775,NA
58,random_58,random,landscape,1,NA,NA,lsi,lsi,17.745,NA
59,labyrinth_59,labyrinth,landscape,1,NA,NA,lsi,lsi,3.6525,NA
60,clustered_60_rot335,clustered,landscape,1,NA,NA,lsi,lsi,4.1725,NA
61,clustered_61_rot151,clustered,landscape,1,NA,NA,lsi,lsi,4.5175,NA
62,clustered_62_rot88,clustered,landscape,1,NA,NA,lsi,lsi,2.1575,NA
63,random_63,random,landscape,1,NA,NA,lsi,lsi,19.11,NA
64,labyrinth_64,labyrinth,landscape,1,NA,NA,lsi,lsi,4.485,NA
65,random_65,random,landscape,1,NA,NA,lsi,lsi,16.6525,NA
66,clustered_66_rot224,clustered,landscape,1,NA,NA,lsi,lsi,3.9825,NA
67,labyrinth_67,labyrinth,landscape,1,NA,NA,lsi,lsi,3.16,NA
68,labyrinth_68,labyrinth,landscape,1,NA,NA,lsi,lsi,4.425,NA
69,clustered_69_rot78,clustered,landscape,1,NA,NA,lsi,lsi,2.2575,NA
70,clustered_70_rot170,clustered,landscape,1,NA,NA,lsi,lsi,1.85,NA
71,labyrinth_71,labyrinth,landscape,1,NA,NA,lsi,lsi,2.9825,NA
72,random_72,random,landscape,1,NA,NA,lsi,lsi,25.7325,NA
73,clustered_73_rot156,clustered,landscape,1,NA,NA,lsi,lsi,4.2,NA
74,clustered_74_rot348,clustered,landscape,1,NA,NA,lsi,lsi,4.1625,NA
75,random_75,random,landscape,1,NA,NA,lsi,lsi,16.59,NA
76,random_76,random,landscape,1,NA,NA,lsi,lsi,22.1875,NA
77,labyrinth_77,labyrinth,landscape,1,NA,NA,lsi,lsi,6.05,NA
78,random_78,random,landscape,1,NA,NA,lsi,lsi,26.04,NA
79,clustered_79_rot79,clustered,landscape,1,NA,NA,lsi,lsi,2.665,NA
80,labyrinth_80,labyrinth,landscape,1,NA,NA,lsi,lsi,3.79,NA
81,random_81,random,landscape,1,NA,NA,lsi,lsi,25.305,NA
82,clustered_82_rot20,clustered,landscape,1,NA,NA,lsi,lsi,2.71,NA
83,random_83,random,landscape,1,NA,NA,lsi,lsi,25.77,NA
84,random_84,random,landscape,1,NA,NA,lsi,lsi,25.7625,NA
85,labyrinth_85,labyrinth,landscape,1,NA,NA,lsi,lsi,6.07,NA
86,clustered_86_rot6,clustered,landscape,1,NA,NA,lsi,lsi,2.28,NA
87,labyrinth_87,labyrinth,landscape,1,NA,NA,lsi,lsi,5.0275,NA
88,labyrinth_88,labyrinth,landscape,1,NA,NA,lsi,lsi,4.195,NA
89,labyrinth_89,labyrinth,landscape,1,NA,NA,lsi,lsi,3.83,NA
90,random_90,random,landscape,1,NA,NA,lsi,lsi,15.28,NA
91,clustered_91_rot72,clustered,landscape,1,NA,NA,lsi,lsi,2.5975,NA
92,random_92,random,landscape,1,NA,NA,lsi,lsi,22.3175,NA
93,clustered_93_rot150,clustered,landscape,1,NA,NA,lsi,lsi,6.4275,NA
94,random_94,random,landscape,1,NA,NA,lsi,lsi,24.8925,NA
95,labyrinth_95,labyrinth,landscape,1,NA,NA,lsi,lsi,6.01,NA
96,labyrinth_96,labyrinth,landscape,1,NA,NA,lsi,lsi,4.0775,NA
97,clustered_97_rot105,clustered,landscape,1,NA,NA,lsi,lsi,2.345,NA
98,labyrinth_98,labyrinth,landscape,1,NA,NA,lsi,lsi,3.74,NA
99,labyrinth_99,labyrinth,landscape,1,NA,NA,lsi,lsi,3.185,NA
100,clustered_100_rot83,clustered,landscape,1,NA,NA,lsi,lsi,2.22,NA
1,random_1,random,landscape,1,NA,NA,mesh,mesh,0.5851397800000001,NA
2,random_2,random,landscape,1,NA,NA,mesh,mesh,0.5678364200000001,NA
3,clustered_3_rot150,clustered,landscape,1,NA,NA,mesh,mesh,0.47904266,NA
4,random_4,random,landscape,1,NA,NA,mesh,mesh,0.480704,NA
5,clustered_5_rot91,clustered,landscape,1,NA,NA,mesh,mesh,0.39791204,NA
6,labyrinth_6,labyrinth,landscape,1,NA,NA,mesh,mesh,0.37197766000000004,NA
7,clustered_7_rot125,clustered,landscape,1,NA,NA,mesh,mesh,0.47114604000000004,NA
8,labyrinth_8,labyrinth,landscape,1,NA,NA,mesh,mesh,0.33412340000000007,NA
9,clustered_9_rot272,clustered,landscape,1,NA,NA,mesh,mesh,0.47970426000000005,NA
10,random_10,random,landscape,1,NA,NA,mesh,mesh,0.44969622000000004,NA
11,labyrinth_11,labyrinth,landscape,1,NA,NA,mesh,mesh,0.40405512000000005,NA
12,clustered_12_rot17,clustered,landscape,1,NA,NA,mesh,mesh,0.40043394000000004,NA
13,clustered_13_rot286,clustered,landscape,1,NA,NA,mesh,mesh,0.46590483999999993,NA
14,random_14,random,landscape,1,NA,NA,mesh,mesh,0.40616127999999996,NA
15,random_15,random,landscape,1,NA,NA,mesh,mesh,0.41649174,NA
16,labyrinth_16,labyrinth,landscape,1,NA,NA,mesh,mesh,0.38396798,NA
17,random_17,random,landscape,1,NA,NA,mesh,mesh,0.47415508,NA
18,labyrinth_18,labyrinth,landscape,1,NA,NA,mesh,mesh,0.44213482000000004,NA
19,clustered_19_rot254,clustered,landscape,1,NA,NA,mesh,mesh,0.4845912,NA
20,random_20,random,landscape,1,NA,NA,mesh,mesh,0.7591991200000001,NA
21,clustered_21_rot190,clustered,landscape,1,NA,NA,mesh,mesh,0.4514136600000001,NA
22,clustered_22_rot218,clustered,landscape,1,NA,NA,mesh,mesh,0.49960582,NA
23,clustered_23_rot3,clustered,landscape,1,NA,NA,mesh,mesh,0.5967836800000001,NA
24,clustered_24_rot31,clustered,landscape,1,NA,NA,mesh,mesh,0.5042768000000001,NA
25,random_25,random,landscape,1,NA,NA,mesh,mesh,0.55771786,NA
26,random_26,random,landscape,1,NA,NA,mesh,mesh,0.59662178,NA
27,labyrinth_27,labyrinth,landscape,1,NA,NA,mesh,mesh,0.34615998000000003,NA
28,clustered_28_rot276,clustered,landscape,1,NA,NA,mesh,mesh,0.51523216,NA
29,clustered_29_rot188,clustered,landscape,1,NA,NA,mesh,mesh,0.44512464,NA
30,clustered_30_rot52,clustered,landscape,1,NA,NA,mesh,mesh,0.4987123200000001,NA
31,random_31,random,landscape,1,NA,NA,mesh,mesh,0.7844915400000001,NA
32,random_32,random,landscape,1,NA,NA,mesh,mesh,0.46316808,NA
33,labyrinth_33,labyrinth,landscape,1,NA,NA,mesh,mesh,0.25524174000000005,NA
34,labyrinth_34,labyrinth,landscape,1,NA,NA,mesh,mesh,0.3358224,NA
35,clustered_35_rot173,clustered,landscape,1,NA,NA,mesh,mesh,0.44706112,NA
36,labyrinth_36,labyrinth,landscape,1,NA,NA,mesh,mesh,0.3397601,NA
37,labyrinth_37,labyrinth,landscape,1,NA,NA,mesh,mesh,0.34447048,NA
38,labyrinth_38,labyrinth,landscape,1,NA,NA,mesh,mesh,0.35916860000000006,NA
39,labyrinth_39,labyrinth,landscape,1,NA,NA,mesh,mesh,0.23683558000000005,NA
40,clustered_40_rot22,clustered,landscape,1,NA,NA,mesh,mesh,0.4883640600000001,NA
41,random_41,random,landscape,1,NA,NA,mesh,mesh,0.60083158,NA
42,clustered_42_rot150,clustered,landscape,1,NA,NA,mesh,mesh,0.5001926400000001,NA
43,labyrinth_43,labyrinth,landscape,1,NA,NA,mesh,mesh,0.26852532,NA
44,labyrinth_44,labyrinth,landscape,1,NA,NA,mesh,mesh,0.3649945,NA
45,clustered_45_rot177,clustered,landscape,1,NA,NA,mesh,mesh,0.47190392000000003,NA
46,random_46,random,landscape,1,NA,NA,mesh,mesh,0.5316802,NA
47,random_47,random,landscape,1,NA,NA,mesh,mesh,0.5741787400000001,NA
48,labyrinth_48,labyrinth,landscape,1,NA,NA,mesh,mesh,0.25324088,NA
49,labyrinth_49,labyrinth,landscape,1,NA,NA,mesh,mesh,0.39876020000000006,NA
50,random_50,random,landscape,1,NA,NA,mesh,mesh,0.47340242000000005,NA
51,random_51,random,landscape,1,NA,NA,mesh,mesh,0.7770727200000002,NA
52,random_52,random,landscape,1,NA,NA,mesh,mesh,0.5713590000000001,NA
53,labyrinth_53,labyrinth,landscape,1,NA,NA,mesh,mesh,0.33543182,NA
54,labyrinth_54,labyrinth,landscape,1,NA,NA,mesh,mesh,0.30830178,NA
55,random_55,random,landscape,1,NA,NA,mesh,mesh,0.47458574000000003,NA
56,labyrinth_56,labyrinth,landscape,1,NA,NA,mesh,mesh,0.32516266000000005,NA
57,random_57,random,landscape,1,NA,NA,mesh,mesh,0.38935836,NA
58,random_58,random,landscape,1,NA,NA,mesh,mesh,0.61684602,NA
59,labyrinth_59,labyrinth,landscape,1,NA,NA,mesh,mesh,0.4003947400000001,NA
60,clustered_60_rot335,clustered,landscape,1,NA,NA,mesh,mesh,0.41328534,NA
61,clustered_61_rot151,clustered,landscape,1,NA,NA,mesh,mesh,0.4725746,NA
62,clustered_62_rot88,clustered,landscape,1,NA,NA,mesh,mesh,0.48271046,NA
63,random_63,random,landscape,1,NA,NA,mesh,mesh,0.57718062,NA
64,labyrinth_64,labyrinth,landscape,1,NA,NA,mesh,mesh,0.3862494,NA
65,random_65,random,landscape,1,NA,NA,mesh,mesh,0.6434819800000001,NA
66,clustered_66_rot224,clustered,landscape,1,NA,NA,mesh,mesh,0.4248698800000001,NA
67,labyrinth_67,labyrinth,landscape,1,NA,NA,mesh,mesh,0.35068418000000007,NA
68,labyrinth_68,labyrinth,landscape,1,NA,NA,mesh,mesh,0.33064462,NA
69,clustered_69_rot78,clustered,landscape,1,NA,NA,mesh,mesh,0.49846770000000007,NA
70,clustered_70_rot170,clustered,landscape,1,NA,NA,mesh,mesh,0.49489898,NA
71,labyrinth_71,labyrinth,landscape,1,NA,NA,mesh,mesh,0.29758604000000005,NA
72,random_72,random,landscape,1,NA,NA,mesh,mesh,0.46097592000000004,NA
73,clustered_73_rot156,clustered,landscape,1,NA,NA,mesh,mesh,0.59857252,NA
74,clustered_74_rot348,clustered,landscape,1,NA,NA,mesh,mesh,0.6154424400000001,NA
75,random_75,random,landscape,1,NA,NA,mesh,mesh,0.6437920200000001,NA
76,random_76,random,landscape,1,NA,NA,mesh,mesh,0.46808962,NA
77,labyrinth_77,labyrinth,landscape,1,NA,NA,mesh,mesh,0.20830062000000005,NA
78,random_78,random,landscape,1,NA,NA,mesh,mesh,0.47307220000000005,NA
79,clustered_79_rot79,clustered,landscape,1,NA,NA,mesh,mesh,0.45494658000000004,NA
80,labyrinth_80,labyrinth,landscape,1,NA,NA,mesh,mesh,0.52838376,NA
81,random_81,random,landscape,1,NA,NA,mesh,mesh,0.43434733999999997,NA
82,clustered_82_rot20,clustered,landscape,1,NA,NA,mesh,mesh,0.50664262,NA
83,random_83,random,landscape,1,NA,NA,mesh,mesh,0.4645835600000001,NA
84,random_84,random,landscape,1,NA,NA,mesh,mesh,0.47427374,NA
85,labyrinth_85,labyrinth,landscape,1,NA,NA,mesh,mesh,0.44915002000000004,NA
86,clustered_86_rot6,clustered,landscape,1,NA,NA,mesh,mesh,0.46877440000000004,NA
87,labyrinth_87,labyrinth,landscape,1,NA,NA,mesh,mesh,0.37201185999999997,NA
88,labyrinth_88,labyrinth,landscape,1,NA,NA,mesh,mesh,0.36075074000000007,NA
89,labyrinth_89,labyrinth,landscape,1,NA,NA,mesh,mesh,0.38917542000000005,NA
90,random_90,random,landscape,1,NA,NA,mesh,mesh,0.6820193400000001,NA
91,clustered_91_rot72,clustered,landscape,1,NA,NA,mesh,mesh,0.46604790000000007,NA
92,random_92,random,landscape,1,NA,NA,mesh,mesh,0.46523908,NA
93,clustered_93_rot150,clustered,landscape,1,NA,NA,mesh,mesh,0.47446038000000007,NA
94,random_94,random,landscape,1,NA,NA,mesh,mesh,0.446292,NA
95,labyrinth_95,labyrinth,landscape,1,NA,NA,mesh,mesh,0.38472844000000006,NA
96,labyrinth_96,labyrinth,landscape,1,NA,NA,mesh,mesh,0.43840718000000006,NA
97,clustered_97_rot105,clustered,landscape,1,NA,NA,mesh,mesh,0.51358234,NA
98,labyrinth_98,labyrinth,landscape,1,NA,NA,mesh,mesh,0.33049976000000003,NA
99,labyrinth_99,labyrinth,landscape,1,NA,NA,mesh,mesh,0.54534616,NA
100,clustered_100_rot83,clustered,landscape,1,NA,NA,mesh,mesh,0.5066162200000001,NA
1,random_1,random,landscape,1,NA,NA,msidi,msidi,0.4459151718032646,NA
2,random_2,random,landscape,1,NA,NA,msidi,msidi,0.464541581425151,NA
3,clustered_3_rot150,clustered,landscape,1,NA,NA,msidi,msidi,0.6928782567232018,NA
4,random_4,random,landscape,1,NA,NA,msidi,msidi,0.6931470205599582,NA
5,clustered_5_rot91,clustered,landscape,1,NA,NA,msidi,msidi,0.6742822476637379,NA
6,labyrinth_6,labyrinth,landscape,1,NA,NA,msidi,msidi,0.6713636146580755,NA
7,clustered_7_rot125,clustered,landscape,1,NA,NA,msidi,msidi,0.6625045387003502,NA
8,labyrinth_8,labyrinth,landscape,1,NA,NA,msidi,msidi,0.6584860387792191,NA
9,clustered_9_rot272,clustered,landscape,1,NA,NA,msidi,msidi,0.6920587730903074,NA
10,random_10,random,landscape,1,NA,NA,msidi,msidi,0.6811632357337664,NA
11,labyrinth_11,labyrinth,landscape,1,NA,NA,msidi,msidi,0.6766431248290571,NA
12,clustered_12_rot17,clustered,landscape,1,NA,NA,msidi,msidi,0.6859481558332524,NA
13,clustered_13_rot286,clustered,landscape,1,NA,NA,msidi,msidi,0.6930031909269502,NA
14,random_14,random,landscape,1,NA,NA,msidi,msidi,0.6256739324492859,NA
15,random_15,random,landscape,1,NA,NA,msidi,msidi,0.6146302763326816,NA
16,labyrinth_16,labyrinth,landscape,1,NA,NA,msidi,msidi,0.65841344191458,NA
17,random_17,random,landscape,1,NA,NA,msidi,msidi,0.561570822771226,NA
18,labyrinth_18,labyrinth,landscape,1,NA,NA,msidi,msidi,0.6216707450062912,NA
19,clustered_19_rot254,clustered,landscape,1,NA,NA,msidi,msidi,0.6930550248064171,NA
20,random_20,random,landscape,1,NA,NA,msidi,msidi,0.25395413495728025,NA
21,clustered_21_rot190,clustered,landscape,1,NA,NA,msidi,msidi,0.6778881933136383,NA
22,clustered_22_rot218,clustered,landscape,1,NA,NA,msidi,msidi,0.6359592715994264,NA
23,clustered_23_rot3,clustered,landscape,1,NA,NA,msidi,msidi,0.39182185202969594,NA
24,clustered_24_rot31,clustered,landscape,1,NA,NA,msidi,msidi,0.6382293905994836,NA
25,random_25,random,landscape,1,NA,NA,msidi,msidi,0.4754212862831973,NA
26,random_26,random,landscape,1,NA,NA,msidi,msidi,0.433410087163144,NA
27,labyrinth_27,labyrinth,landscape,1,NA,NA,msidi,msidi,0.6797350861541589,NA
28,clustered_28_rot276,clustered,landscape,1,NA,NA,msidi,msidi,0.5476126793343208,NA
29,clustered_29_rot188,clustered,landscape,1,NA,NA,msidi,msidi,0.67455214485417625,NA
30,clustered_30_rot52,clustered,landscape,1,NA,NA,msidi,msidi,0.6714216581141665,NA
31,random_31,random,landscape,1,NA,NA,msidi,msidi,0.226237106425373,NA
32,random_32,random,landscape,1,NA,NA,msidi,msidi,0.6786599885260857,NA
33,labyrinth_33,labyrinth,landscape,1,NA,NA,msidi,msidi,0.6919918482134564,NA
34,labyrinth_34,labyrinth,landscape,1,NA,NA,msidi,msidi,0.6559024183124788,NA
35,clustered_35_rot173,clustered,landscape,1,NA,NA,msidi,msidi,0.6923634877274097,NA
36,labyrinth_36,labyrinth,landscape,1,NA,NA,msidi,msidi,0.6914675918590707,NA
37,labyrinth_37,labyrinth,landscape,1,NA,NA,msidi,msidi,0.6775443798095981,NA
38,labyrinth_38,labyrinth,landscape,1,NA,NA,msidi,msidi,0.690082720816727,NA
39,labyrinth_39,labyrinth,landscape,1,NA,NA,msidi,msidi,0.693143940565194,NA
40,clustered_40_rot22,clustered,landscape,1,NA,NA,msidi,msidi,0.6688583177582342,NA
41,random_41,random,landscape,1,NA,NA,msidi,msidi,0.4288616859145602,NA
42,clustered_42_rot150,clustered,landscape,1,NA,NA,msidi,msidi,0.6220757081947048,NA
43,labyrinth_43,labyrinth,landscape,1,NA,NA,msidi,msidi,0.69305882446346,NA
44,labyrinth_44,labyrinth,landscape,1,NA,NA,msidi,msidi,0.6911242281087204,NA
45,clustered_45_rot177,clustered,landscape,1,NA,NA,msidi,msidi,0.6708965716251254,NA
46,random_46,random,landscape,1,NA,NA,msidi,msidi,0.502873294189357,NA
47,random_47,random,landscape,1,NA,NA,msidi,msidi,0.4577343733371979,NA
48,labyrinth_48,labyrinth,landscape,1,NA,NA,msidi,msidi,0.690082720816727,NA
49,labyrinth_49,labyrinth,landscape,1,NA,NA,msidi,msidi,0.6787075752587793,NA
50,random_50,random,landscape,1,NA,NA,msidi,msidi,0.6921617062992527,NA
51,random_51,random,landscape,1,NA,NA,msidi,msidi,0.2343504901185423,NA
52,random_52,random,landscape,1,NA,NA,msidi,msidi,0.4606597713690418,NA
53,labyrinth_53,labyrinth,landscape,1,NA,NA,msidi,msidi,0.6900383778984175,NA
54,labyrinth_54,labyrinth,landscape,1,NA,NA,msidi,msidi,0.6775443798095986,NA
55,random_55,random,landscape,1,NA,NA,msidi,msidi,0.5602531159858057,NA
56,labyrinth_56,labyrinth,landscape,1,NA,NA,msidi,msidi,0.6924504633237747,NA
57,random_57,random,landscape,1,NA,NA,msidi,msidi,0.6409856012408822,NA
58,random_58,random,landscape,1,NA,NA,msidi,msidi,0.41129379193023036,NA
59,labyrinth_59,labyrinth,landscape,1,NA,NA,msidi,msidi,0.603303222452105,NA
60,clustered_60_rot335,clustered,landscape,1,NA,NA,msidi,msidi,0.6577568323586724,NA
61,clustered_61_rot151,clustered,landscape,1,NA,NA,msidi,msidi,0.556001213387946,NA
62,clustered_62_rot88,clustered,landscape,1,NA,NA,msidi,msidi,0.6896957037646267,NA
63,random_63,random,landscape,1,NA,NA,msidi,msidi,0.45430639008408896,NA
64,labyrinth_64,labyrinth,landscape,1,NA,NA,msidi,msidi,0.6453771174691239,NA
65,random_65,random,landscape,1,NA,NA,msidi,msidi,0.3819505257083341,NA
66,clustered_66_rot224,clustered,landscape,1,NA,NA,msidi,msidi,0.6839733887589606,NA
67,labyrinth_67,labyrinth,landscape,1,NA,NA,msidi,msidi,0.6867993308569194,NA
68,labyrinth_68,labyrinth,landscape,1,NA,NA,msidi,msidi,0.6855027140906408,NA
69,clustered_69_rot78,clustered,landscape,1,NA,NA,msidi,msidi,0.6265603586234756,NA
70,clustered_70_rot170,clustered,landscape,1,NA,NA,msidi,msidi,0.6799634293837196,NA
71,labyrinth_71,labyrinth,landscape,1,NA,NA,msidi,msidi,0.6918663611594227,NA
72,random_72,random,landscape,1,NA,NA,msidi,msidi,0.6869255749486867,NA
73,clustered_73_rot156,clustered,landscape,1,NA,NA,msidi,msidi,0.46163223931348285,NA
74,clustered_74_rot348,clustered,landscape,1,NA,NA,msidi,msidi,0.4457497157965917,NA
75,random_75,random,landscape,1,NA,NA,msidi,msidi,0.3815963762777743,NA
76,random_76,random,landscape,1,NA,NA,msidi,msidi,0.5657518601804488,NA
77,labyrinth_77,labyrinth,landscape,1,NA,NA,msidi,msidi,0.6916117199831121,NA
78,random_78,random,landscape,1,NA,NA,msidi,msidi,0.6930550248064171,NA
79,clustered_79_rot79,clustered,landscape,1,NA,NA,msidi,msidi,0.6930390264088162,NA
80,labyrinth_80,labyrinth,landscape,1,NA,NA,msidi,msidi,0.5537207379367958,NA
81,random_81,random,landscape,1,NA,NA,msidi,msidi,0.6753504853696415,NA
82,clustered_82_rot20,clustered,landscape,1,NA,NA,msidi,msidi,0.5983124228417018,NA
83,random_83,random,landscape,1,NA,NA,msidi,msidi,0.689285805274422,NA
84,random_84,random,landscape,1,NA,NA,msidi,msidi,0.6931470205599582,NA
85,labyrinth_85,labyrinth,landscape,1,NA,NA,msidi,msidi,0.6263638309362758,NA
86,clustered_86_rot6,clustered,landscape,1,NA,NA,msidi,msidi,0.6931342206439253,NA
87,labyrinth_87,labyrinth,landscape,1,NA,NA,msidi,msidi,0.6429882012645796,NA
88,labyrinth_88,labyrinth,landscape,1,NA,NA,msidi,msidi,0.6765923313940837,NA
89,labyrinth_89,labyrinth,landscape,1,NA,NA,msidi,msidi,0.6565007009815618,NA
90,random_90,random,landscape,1,NA,NA,msidi,msidi,0.33926835010561446,NA
91,clustered_91_rot72,clustered,landscape,1,NA,NA,msidi,msidi,0.6887214286639413,NA
92,random_92,random,landscape,1,NA,NA,msidi,msidi,0.56807963041008,NA
93,clustered_93_rot150,clustered,landscape,1,NA,NA,msidi,msidi,0.6082861672793434,NA
94,random_94,random,landscape,1,NA,NA,msidi,msidi,0.6667341365656378,NA
95,labyrinth_95,labyrinth,landscape,1,NA,NA,msidi,msidi,0.6899261337056556,NA
96,labyrinth_96,labyrinth,landscape,1,NA,NA,msidi,msidi,0.634391598428148,NA
97,clustered_97_rot105,clustered,landscape,1,NA,NA,msidi,msidi,0.5876266137109942,NA
98,labyrinth_98,labyrinth,landscape,1,NA,NA,msidi,msidi,0.6562768813127315,NA
99,labyrinth_99,labyrinth,landscape,1,NA,NA,msidi,msidi,0.5258053957479745,NA
100,clustered_100_rot83,clustered,landscape,1,NA,NA,msidi,msidi,0.6235851484089917,NA
1,random_1,random,landscape,1,NA,NA,msiei,msiei,0.6433196070177201,NA
2,random_2,random,landscape,1,NA,NA,msiei,msiei,0.6701918358087819,NA
3,clustered_3_rot150,clustered,landscape,1,NA,NA,msiei,msiei,0.9996120249143533,NA
4,random_4,random,landscape,1,NA,NA,msiei,msiei,0.9999997691688122,NA
5,clustered_5_rot91,clustered,landscape,1,NA,NA,msiei,msiei,0.9727836548639386,NA
6,labyrinth_6,labyrinth,landscape,1,NA,NA,msiei,msiei,0.9685729575004945,NA
7,clustered_7_rot125,clustered,landscape,1,NA,NA,msiei,msiei,0.9557920125494256,NA
8,labyrinth_8,labyrinth,landscape,1,NA,NA,msiei,msiei,0.949994542641397,NA
9,clustered_9_rot272,clustered,landscape,1,NA,NA,msiei,msiei,0.9984297599410868,NA
10,random_10,random,landscape,1,NA,NA,msiei,msiei,0.9827108222289848,NA
11,labyrinth_11,labyrinth,landscape,1,NA,NA,msiei,msiei,0.9761896806424926,NA
12,clustered_12_rot17,clustered,landscape,1,NA,NA,msiei,msiei,0.9896140027275632,NA
13,clustered_13_rot286,clustered,landscape,1,NA,NA,msiei,msiei,0.9997922668705386,NA
14,random_14,random,landscape,1,NA,NA,msiei,msiei,0.9026566795580812,NA
15,random_15,random,landscape,1,NA,NA,msiei,msiei,0.886724051645373,NA
16,labyrinth_16,labyrinth,landscape,1,NA,NA,msiei,msiei,0.9498898075047981,NA
17,random_17,random,landscape,1,NA,NA,msiei,msiei,0.8101754411199829,NA
18,labyrinth_18,labyrinth,landscape,1,NA,NA,msiei,msiei,0.8968813008863236,NA
19,clustered_19_rot254,clustered,landscape,1,NA,NA,msiei,msiei,0.9998670473513955,NA
20,random_20,random,landscape,1,NA,NA,msiei,msiei,0.36637837111611476,NA
21,clustered_21_rot190,clustered,landscape,1,NA,NA,msiei,msiei,0.9779859347707649,NA
22,clustered_22_rot218,clustered,landscape,1,NA,NA,msiei,msiei,0.91749528734385,NA
23,clustered_23_rot3,clustered,landscape,1,NA,NA,msiei,msiei,0.5652794428351716,NA
24,clustered_24_rot31,clustered,landscape,1,NA,NA,msiei,msiei,0.9207703767674602,NA
25,random_25,random,landscape,1,NA,NA,msiei,msiei,0.6858879320538209,NA
26,random_26,random,landscape,1,NA,NA,msiei,msiei,0.6252785834215212,NA
27,labyrinth_27,labyrinth,landscape,1,NA,NA,msiei,msiei,0.9806504379128373,NA
28,clustered_28_rot276,clustered,landscape,1,NA,NA,msiei,msiei,0.7900380968035428,NA
29,clustered_29_rot188,clustered,landscape,1,NA,NA,msiei,msiei,0.9731730342021339,NA
30,clustered_30_rot52,clustered,landscape,1,NA,NA,msiei,msiei,0.9686566965067531,NA
31,random_31,random,landscape,1,NA,NA,msiei,msiei,0.3263911515049543,NA
32,random_32,random,landscape,1,NA,NA,msiei,msiei,0.9790993998963446,NA
33,labyrinth_33,labyrinth,landscape,1,NA,NA,msiei,msiei,0.9983332077531418,NA
34,labyrinth_34,labyrinth,landscape,1,NA,NA,msiei,msiei,0.9462671662064915,NA
35,clustered_35_rot173,clustered,landscape,1,NA,NA,msiei,msiei,0.9988693702369208,NA
36,labyrinth_36,labyrinth,landscape,1,NA,NA,msiei,msiei,0.9975768657105151,NA
37,labyrinth_37,labyrinth,landscape,1,NA,NA,msiei,msiei,0.9774899167334956,NA
38,labyrinth_38,labyrinth,landscape,1,NA,NA,msiei,msiei,0.995578919125455,NA
39,labyrinth_39,labyrinth,landscape,1,NA,NA,msiei,msiei,0.9999953256756399,NA
40,clustered_40_rot22,clustered,landscape,1,NA,NA,msiei,msiei,0.964958578087139,NA
41,random_41,random,landscape,1,NA,NA,msiei,msiei,0.6187166274962163,NA
42,clustered_42_rot150,clustered,landscape,1,NA,NA,msiei,msiei,0.8974655392699905,NA
43,labyrinth_43,labyrinth,landscape,1,NA,NA,msiei,msiei,0.9998725290977684,NA
44,labyrinth_44,labyrinth,landscape,1,NA,NA,msiei,msiei,0.9970814965306637,NA
45,clustered_45_rot177,clustered,landscape,1,NA,NA,msiei,msiei,0.9678991568329757,NA
46,random_46,random,landscape,1,NA,NA,msiei,msiei,0.7254928077224821,NA
47,random_47,random,landscape,1,NA,NA,msiei,msiei,0.6603711104579928,NA
48,labyrinth_48,labyrinth,landscape,1,NA,NA,msiei,msiei,0.995578919125455,NA
49,labyrinth_49,labyrinth,landscape,1,NA,NA,msiei,msiei,0.9791680530396139,NA
50,random_50,random,landscape,1,NA,NA,msiei,msiei,0.998578261171175,NA
51,random_51,random,landscape,1,NA,NA,msiei,msiei,0.33809628992391905,NA
52,random_52,random,landscape,1,NA,NA,msiei,msiei,0.6645915676911603,NA
53,labyrinth_53,labyrinth,landscape,1,NA,NA,msiei,msiei,0.9955149458171114,NA
54,labyrinth_54,labyrinth,landscape,1,NA,NA,msiei,msiei,0.9774899167334962,NA
55,random_55,random,landscape,1,NA,NA,msiei,msiei,0.8082743920753112,NA
56,labyrinth_56,labyrinth,landscape,1,NA,NA,msiei,msiei,0.9989948494984748,NA
57,random_57,random,landscape,1,NA,NA,msiei,msiei,0.9247467481914514,NA
58,random_58,random,landscape,1,NA,NA,msiei,msiei,0.5933715139661605,NA
59,labyrinth_59,labyrinth,landscape,1,NA,NA,msiei,msiei,0.870382567183983,NA
60,clustered_60_rot335,clustered,landscape,1,NA,NA,msiei,msiei,0.94894252015469,NA
61,clustered_61_rot151,clustered,landscape,1,NA,NA,msiei,msiei,0.802140193283036,NA
62,clustered_62_rot88,clustered,landscape,1,NA,NA,msiei,msiei,0.9950205715436506,NA
63,random_63,random,landscape,1,NA,NA,msiei,msiei,0.6554255760184821,NA
64,labyrinth_64,labyrinth,landscape,1,NA,NA,msiei,msiei,0.931082366875919,NA
65,random_65,random,landscape,1,NA,NA,msiei,msiei,0.5510381293043461,NA
66,clustered_66_rot224,clustered,landscape,1,NA,NA,msiei,msiei,0.9867650160625716,NA
67,labyrinth_67,labyrinth,landscape,1,NA,NA,msiei,msiei,0.990841988713136,NA
68,labyrinth_68,labyrinth,landscape,1,NA,NA,msiei,msiei,0.9889713661344924,NA
69,clustered_69_rot78,clustered,landscape,1,NA,NA,msiei,msiei,0.9039355222036988,NA
70,clustered_70_rot170,clustered,landscape,1,NA,NA,msiei,msiei,0.9809798675577451,NA
71,labyrinth_71,labyrinth,landscape,1,NA,NA,msiei,msiei,0.9981521682025917,NA
72,random_72,random,landscape,1,NA,NA,msiei,msiei,0.9910241204382703,NA
73,clustered_73_rot156,clustered,landscape,1,NA,NA,msiei,msiei,0.6659945423720289,NA
74,clustered_74_rot348,clustered,landscape,1,NA,NA,msiei,msiei,0.6430809044574076,NA
75,random_75,random,landscape,1,NA,NA,msiei,msiei,0.5505271996771439,NA
76,random_76,random,landscape,1,NA,NA,msiei,msiei,0.8162074030560397,NA
77,labyrinth_77,labyrinth,landscape,1,NA,NA,msiei,msiei,0.9977847986403222,NA
78,random_78,random,landscape,1,NA,NA,msiei,msiei,0.9998670473513955,NA
79,clustered_79_rot79,clustered,landscape,1,NA,NA,msiei,msiei,0.9998439665425145,NA
80,labyrinth_80,labyrinth,landscape,1,NA,NA,msiei,msiei,0.7988501626587926,NA
81,random_81,random,landscape,1,NA,NA,msiei,msiei,0.9743247961047362,NA
82,clustered_82_rot20,clustered,landscape,1,NA,NA,msiei,msiei,0.8631823653359838,NA
83,random_83,random,landscape,1,NA,NA,msiei,msiei,0.9944292130245643,NA
84,random_84,random,landscape,1,NA,NA,msiei,msiei,0.9999997691688122,NA
85,labyrinth_85,labyrinth,landscape,1,NA,NA,msiei,msiei,0.9036519926839782,NA
86,clustered_86_rot6,clustered,landscape,1,NA,NA,msiei,msiei,0.9999813027934276,NA
87,labyrinth_87,labyrinth,landscape,1,NA,NA,msiei,msiei,0.9276358893145237,NA
88,labyrinth_88,labyrinth,landscape,1,NA,NA,msiei,msiei,0.9761164012057467,NA
89,labyrinth_89,labyrinth,landscape,1,NA,NA,msiei,msiei,0.9471303056462275,NA
90,random_90,random,landscape,1,NA,NA,msiei,msiei,0.4894607662279506,NA
91,clustered_91_rot72,clustered,landscape,1,NA,NA,msiei,msiei,0.9936149896874301,NA
92,random_92,random,landscape,1,NA,NA,msiei,msiei,0.8195656656226576,NA
93,clustered_93_rot150,clustered,landscape,1,NA,NA,msiei,msiei,0.8775714369752632,NA
94,random_94,random,landscape,1,NA,NA,msiei,msiei,0.9618940324146307,NA
95,labyrinth_95,labyrinth,landscape,1,NA,NA,msiei,msiei,0.9953530116768452,NA
96,labyrinth_96,labyrinth,landscape,1,NA,NA,msiei,msiei,0.9152336130339118,NA
97,clustered_97_rot105,clustered,landscape,1,NA,NA,msiei,msiei,0.847766001495226,NA
98,labyrinth_98,labyrinth,landscape,1,NA,NA,msiei,msiei,0.9468074021199526,NA
99,labyrinth_99,labyrinth,landscape,1,NA,NA,msiei,msiei,0.7585768369182616,NA
100,clustered_100_rot83,clustered,landscape,1,NA,NA,msiei,msiei,0.8996432011816606,NA
1,random_1,random,landscape,1,NA,NA,mutinf,mutinf,6.163307976714272e-5,NA
2,random_2,random,landscape,1,NA,NA,mutinf,mutinf,6.745089837778551e-6,NA
3,clustered_3_rot150,clustered,landscape,1,NA,NA,mutinf,mutinf,0.8422230782132722,NA
4,random_4,random,landscape,1,NA,NA,mutinf,mutinf,3.4032520363602714e-5,NA
5,clustered_5_rot91,clustered,landscape,1,NA,NA,mutinf,mutinf,0.6536623881361059,NA
6,labyrinth_6,labyrinth,landscape,1,NA,NA,mutinf,mutinf,0.6802491116661566,NA
7,clustered_7_rot125,clustered,landscape,1,NA,NA,mutinf,mutinf,0.7629921520639777,NA
8,labyrinth_8,labyrinth,landscape,1,NA,NA,mutinf,mutinf,0.6388753317915283,NA
9,clustered_9_rot272,clustered,landscape,1,NA,NA,mutinf,mutinf,0.6979821181956183,NA
10,random_10,random,landscape,1,NA,NA,mutinf,mutinf,8.40613234900367e-5,NA
11,labyrinth_11,labyrinth,landscape,1,NA,NA,mutinf,mutinf,0.7194111798558396,NA
12,clustered_12_rot17,clustered,landscape,1,NA,NA,mutinf,mutinf,0.6426759916283411,NA
13,clustered_13_rot286,clustered,landscape,1,NA,NA,mutinf,mutinf,0.8055105058418435,NA
14,random_14,random,landscape,1,NA,NA,mutinf,mutinf,1.1633314556114271e-7,NA
15,random_15,random,landscape,1,NA,NA,mutinf,mutinf,4.122077503998511e-6,NA
16,labyrinth_16,labyrinth,landscape,1,NA,NA,mutinf,mutinf,0.5555568982576444,NA
17,random_17,random,landscape,1,NA,NA,mutinf,mutinf,5.040590688398794e-5,NA
18,labyrinth_18,labyrinth,landscape,1,NA,NA,mutinf,mutinf,0.6887846234350028,NA
19,clustered_19_rot254,clustered,landscape,1,NA,NA,mutinf,mutinf,0.8788346744910265,NA
20,random_20,random,landscape,1,NA,NA,mutinf,mutinf,1.3959551163233996e-5,NA
21,clustered_21_rot190,clustered,landscape,1,NA,NA,mutinf,mutinf,0.7383830795495581,NA
22,clustered_22_rot218,clustered,landscape,1,NA,NA,mutinf,mutinf,0.7630228724362209,NA
23,clustered_23_rot3,clustered,landscape,1,NA,NA,mutinf,mutinf,0.33539245219109404,NA
24,clustered_24_rot31,clustered,landscape,1,NA,NA,mutinf,mutinf,0.7711435183482744,NA
25,random_25,random,landscape,1,NA,NA,mutinf,mutinf,1.3175179431446082e-5,NA
26,random_26,random,landscape,1,NA,NA,mutinf,mutinf,3.1536698990031198e-6,NA
27,labyrinth_27,labyrinth,landscape,1,NA,NA,mutinf,mutinf,0.6178962646217832,NA
28,clustered_28_rot276,clustered,landscape,1,NA,NA,mutinf,mutinf,0.6739285560004327,NA
29,clustered_29_rot188,clustered,landscape,1,NA,NA,mutinf,mutinf,0.7500951279491621,NA
30,clustered_30_rot52,clustered,landscape,1,NA,NA,mutinf,mutinf,0.8433621465453882,NA
31,random_31,random,landscape,1,NA,NA,mutinf,mutinf,5.6455963086676775e-6,NA
32,random_32,random,landscape,1,NA,NA,mutinf,mutinf,2.5142520436727267e-6,NA
33,labyrinth_33,labyrinth,landscape,1,NA,NA,mutinf,mutinf,0.608644130174048,NA
34,labyrinth_34,labyrinth,landscape,1,NA,NA,mutinf,mutinf,0.6080568761685419,NA
35,clustered_35_rot173,clustered,landscape,1,NA,NA,mutinf,mutinf,0.740710108456692,NA
36,labyrinth_36,labyrinth,landscape,1,NA,NA,mutinf,mutinf,0.7296704536504295,NA
37,labyrinth_37,labyrinth,landscape,1,NA,NA,mutinf,mutinf,0.6216363447877276,NA
38,labyrinth_38,labyrinth,landscape,1,NA,NA,mutinf,mutinf,0.6130530536203678,NA
39,labyrinth_39,labyrinth,landscape,1,NA,NA,mutinf,mutinf,0.6204558729338081,NA
40,clustered_40_rot22,clustered,landscape,1,NA,NA,mutinf,mutinf,0.7937874773563083,NA
41,random_41,random,landscape,1,NA,NA,mutinf,mutinf,3.0495706886846108e-5,NA
42,clustered_42_rot150,clustered,landscape,1,NA,NA,mutinf,mutinf,0.4988215729861303,NA
43,labyrinth_43,labyrinth,landscape,1,NA,NA,mutinf,mutinf,0.656842736035675,NA
44,labyrinth_44,labyrinth,landscape,1,NA,NA,mutinf,mutinf,0.7122711168683424,NA
45,clustered_45_rot177,clustered,landscape,1,NA,NA,mutinf,mutinf,0.7929342488661861,NA
46,random_46,random,landscape,1,NA,NA,mutinf,mutinf,1.9867622060631973e-5,NA
47,random_47,random,landscape,1,NA,NA,mutinf,mutinf,1.6045980631540502e-5,NA
48,labyrinth_48,labyrinth,landscape,1,NA,NA,mutinf,mutinf,0.5695518699816706,NA
49,labyrinth_49,labyrinth,landscape,1,NA,NA,mutinf,mutinf,0.5212643025517321,NA
50,random_50,random,landscape,1,NA,NA,mutinf,mutinf,2.889988501841856e-5,NA
51,random_51,random,landscape,1,NA,NA,mutinf,mutinf,5.117668065768299e-6,NA
52,random_52,random,landscape,1,NA,NA,mutinf,mutinf,6.395396745517701e-8,NA
53,labyrinth_53,labyrinth,landscape,1,NA,NA,mutinf,mutinf,0.6085368538779381,NA
54,labyrinth_54,labyrinth,landscape,1,NA,NA,mutinf,mutinf,0.6324195659651299,NA
55,random_55,random,landscape,1,NA,NA,mutinf,mutinf,1.4826753772290147e-5,NA
56,labyrinth_56,labyrinth,landscape,1,NA,NA,mutinf,mutinf,0.6950819433638031,NA
57,random_57,random,landscape,1,NA,NA,mutinf,mutinf,2.9142248295199735e-5,NA
58,random_58,random,landscape,1,NA,NA,mutinf,mutinf,1.4010158657651317e-5,NA
59,labyrinth_59,labyrinth,landscape,1,NA,NA,mutinf,mutinf,0.6349787821689719,NA
60,clustered_60_rot335,clustered,landscape,1,NA,NA,mutinf,mutinf,0.632026930070525,NA
61,clustered_61_rot151,clustered,landscape,1,NA,NA,mutinf,mutinf,0.5293636532401356,NA
62,clustered_62_rot88,clustered,landscape,1,NA,NA,mutinf,mutinf,0.837487664783354,NA
63,random_63,random,landscape,1,NA,NA,mutinf,mutinf,4.402454464091932e-6,NA
64,labyrinth_64,labyrinth,landscape,1,NA,NA,mutinf,mutinf,0.5996637343985385,NA
65,random_65,random,landscape,1,NA,NA,mutinf,mutinf,1.7518194364463113e-5,NA
66,clustered_66_rot224,clustered,landscape,1,NA,NA,mutinf,mutinf,0.6653354289453206,NA
67,labyrinth_67,labyrinth,landscape,1,NA,NA,mutinf,mutinf,0.7372159974376189,NA
68,labyrinth_68,labyrinth,landscape,1,NA,NA,mutinf,mutinf,0.6317573782725432,NA
69,clustered_69_rot78,clustered,landscape,1,NA,NA,mutinf,mutinf,0.7796959544823552,NA
70,clustered_70_rot170,clustered,landscape,1,NA,NA,mutinf,mutinf,0.8652475417522687,NA
71,labyrinth_71,labyrinth,landscape,1,NA,NA,mutinf,mutinf,0.7566680183360939,NA
72,random_72,random,landscape,1,NA,NA,mutinf,mutinf,2.1525768520325173e-5,NA
73,clustered_73_rot156,clustered,landscape,1,NA,NA,mutinf,mutinf,0.4714105611483743,NA
74,clustered_74_rot348,clustered,landscape,1,NA,NA,mutinf,mutinf,0.4577435177556852,NA
75,random_75,random,landscape,1,NA,NA,mutinf,mutinf,3.615848751459261e-5,NA
76,random_76,random,landscape,1,NA,NA,mutinf,mutinf,5.25416809971091e-5,NA
77,labyrinth_77,labyrinth,landscape,1,NA,NA,mutinf,mutinf,0.5236354930069125,NA
78,random_78,random,landscape,1,NA,NA,mutinf,mutinf,1.0033264842879142e-4,NA
79,clustered_79_rot79,clustered,landscape,1,NA,NA,mutinf,mutinf,0.7876107983790555,NA
80,labyrinth_80,labyrinth,landscape,1,NA,NA,mutinf,mutinf,0.5842394980671433,NA
81,random_81,random,landscape,1,NA,NA,mutinf,mutinf,3.051493724370857e-8,NA
82,clustered_82_rot20,clustered,landscape,1,NA,NA,mutinf,mutinf,0.7123473407635219,NA
83,random_83,random,landscape,1,NA,NA,mutinf,mutinf,1.679881100935532e-5,NA
84,random_84,random,landscape,1,NA,NA,mutinf,mutinf,1.845362478380963e-7,NA
85,labyrinth_85,labyrinth,landscape,1,NA,NA,mutinf,mutinf,0.47985880420652993,NA
86,clustered_86_rot6,clustered,landscape,1,NA,NA,mutinf,mutinf,0.8268143910155756,NA
87,labyrinth_87,labyrinth,landscape,1,NA,NA,mutinf,mutinf,0.5591336364296413,NA
88,labyrinth_88,labyrinth,landscape,1,NA,NA,mutinf,mutinf,0.6431436102895591,NA
89,labyrinth_89,labyrinth,landscape,1,NA,NA,mutinf,mutinf,0.658233923781927,NA
90,random_90,random,landscape,1,NA,NA,mutinf,mutinf,7.379569877397074e-6,NA
91,clustered_91_rot72,clustered,landscape,1,NA,NA,mutinf,mutinf,0.7912484330982534,NA
92,random_92,random,landscape,1,NA,NA,mutinf,mutinf,2.489532404048589e-5,NA
93,clustered_93_rot150,clustered,landscape,1,NA,NA,mutinf,mutinf,0.44382608144315405,NA
94,random_94,random,landscape,1,NA,NA,mutinf,mutinf,4.695598179793592e-5,NA
95,labyrinth_95,labyrinth,landscape,1,NA,NA,mutinf,mutinf,0.5250435590290154,NA
96,labyrinth_96,labyrinth,landscape,1,NA,NA,mutinf,mutinf,0.6236235143396032,NA
97,clustered_97_rot105,clustered,landscape,1,NA,NA,mutinf,mutinf,0.739686809347353,NA
98,labyrinth_98,labyrinth,landscape,1,NA,NA,mutinf,mutinf,0.6654662268559828,NA
99,labyrinth_99,labyrinth,landscape,1,NA,NA,mutinf,mutinf,0.6111398382340867,NA
100,clustered_100_rot83,clustered,landscape,1,NA,NA,mutinf,mutinf,0.7814264322616211,NA
1,random_1,random,landscape,1,NA,NA,ndca,ndca,296,NA
2,random_2,random,landscape,1,NA,NA,ndca,ndca,337,NA
3,clustered_3_rot150,clustered,landscape,1,NA,NA,ndca,ndca,10,NA
4,random_4,random,landscape,1,NA,NA,ndca,ndca,382,NA
5,clustered_5_rot91,clustered,landscape,1,NA,NA,ndca,ndca,20,NA
6,labyrinth_6,labyrinth,landscape,1,NA,NA,ndca,ndca,13,NA
7,clustered_7_rot125,clustered,landscape,1,NA,NA,ndca,ndca,17,NA
8,labyrinth_8,labyrinth,landscape,1,NA,NA,ndca,ndca,29,NA
9,clustered_9_rot272,clustered,landscape,1,NA,NA,ndca,ndca,18,NA
10,random_10,random,landscape,1,NA,NA,ndca,ndca,378,NA
11,labyrinth_11,labyrinth,landscape,1,NA,NA,ndca,ndca,10,NA
12,clustered_12_rot17,clustered,landscape,1,NA,NA,ndca,ndca,27,NA
13,clustered_13_rot286,clustered,landscape,1,NA,NA,ndca,ndca,18,NA
14,random_14,random,landscape,1,NA,NA,ndca,ndca,386,NA
15,random_15,random,landscape,1,NA,NA,ndca,ndca,394,NA
16,labyrinth_16,labyrinth,landscape,1,NA,NA,ndca,ndca,29,NA
17,random_17,random,landscape,1,NA,NA,ndca,ndca,390,NA
18,labyrinth_18,labyrinth,landscape,1,NA,NA,ndca,ndca,19,NA
19,clustered_19_rot254,clustered,landscape,1,NA,NA,ndca,ndca,9,NA
20,random_20,random,landscape,1,NA,NA,ndca,ndca,60,NA
21,clustered_21_rot190,clustered,landscape,1,NA,NA,ndca,ndca,19,NA
22,clustered_22_rot218,clustered,landscape,1,NA,NA,ndca,ndca,15,NA
23,clustered_23_rot3,clustered,landscape,1,NA,NA,ndca,ndca,37,NA
24,clustered_24_rot31,clustered,landscape,1,NA,NA,ndca,ndca,14,NA
25,random_25,random,landscape,1,NA,NA,ndca,ndca,335,NA
26,random_26,random,landscape,1,NA,NA,ndca,ndca,290,NA
27,labyrinth_27,labyrinth,landscape,1,NA,NA,ndca,ndca,25,NA
28,clustered_28_rot276,clustered,landscape,1,NA,NA,ndca,ndca,14,NA
29,clustered_29_rot188,clustered,landscape,1,NA,NA,ndca,ndca,11,NA
30,clustered_30_rot52,clustered,landscape,1,NA,NA,ndca,ndca,10,NA
31,random_31,random,landscape,1,NA,NA,ndca,ndca,33,NA
32,random_32,random,landscape,1,NA,NA,ndca,ndca,379,NA
33,labyrinth_33,labyrinth,landscape,1,NA,NA,ndca,ndca,23,NA
34,labyrinth_34,labyrinth,landscape,1,NA,NA,ndca,ndca,20,NA
35,clustered_35_rot173,clustered,landscape,1,NA,NA,ndca,ndca,20,NA
36,labyrinth_36,labyrinth,landscape,1,NA,NA,ndca,ndca,13,NA
37,labyrinth_37,labyrinth,landscape,1,NA,NA,ndca,ndca,28,NA
38,labyrinth_38,labyrinth,landscape,1,NA,NA,ndca,ndca,28,NA
39,labyrinth_39,labyrinth,landscape,1,NA,NA,ndca,ndca,26,NA
40,clustered_40_rot22,clustered,landscape,1,NA,NA,ndca,ndca,16,NA
41,random_41,random,landscape,1,NA,NA,ndca,ndca,268,NA
42,clustered_42_rot150,clustered,landscape,1,NA,NA,ndca,ndca,52,NA
43,labyrinth_43,labyrinth,landscape,1,NA,NA,ndca,ndca,15,NA
44,labyrinth_44,labyrinth,landscape,1,NA,NA,ndca,ndca,16,NA
45,clustered_45_rot177,clustered,landscape,1,NA,NA,ndca,ndca,14,NA
46,random_46,random,landscape,1,NA,NA,ndca,ndca,377,NA
47,random_47,random,landscape,1,NA,NA,ndca,ndca,319,NA
48,labyrinth_48,labyrinth,landscape,1,NA,NA,ndca,ndca,38,NA
49,labyrinth_49,labyrinth,landscape,1,NA,NA,ndca,ndca,45,NA
50,random_50,random,landscape,1,NA,NA,ndca,ndca,389,NA
51,random_51,random,landscape,1,NA,NA,ndca,ndca,33,NA
52,random_52,random,landscape,1,NA,NA,ndca,ndca,321,NA
53,labyrinth_53,labyrinth,landscape,1,NA,NA,ndca,ndca,21,NA
54,labyrinth_54,labyrinth,landscape,1,NA,NA,ndca,ndca,22,NA
55,random_55,random,landscape,1,NA,NA,ndca,ndca,380,NA
56,labyrinth_56,labyrinth,landscape,1,NA,NA,ndca,ndca,22,NA
57,random_57,random,landscape,1,NA,NA,ndca,ndca,424,NA
58,random_58,random,landscape,1,NA,NA,ndca,ndca,242,NA
59,labyrinth_59,labyrinth,landscape,1,NA,NA,ndca,ndca,17,NA
60,clustered_60_rot335,clustered,landscape,1,NA,NA,ndca,ndca,31,NA
61,clustered_61_rot151,clustered,landscape,1,NA,NA,ndca,ndca,36,NA
62,clustered_62_rot88,clustered,landscape,1,NA,NA,ndca,ndca,11,NA
63,random_63,random,landscape,1,NA,NA,ndca,ndca,309,NA
64,labyrinth_64,labyrinth,landscape,1,NA,NA,ndca,ndca,26,NA
65,random_65,random,landscape,1,NA,NA,ndca,ndca,213,NA
66,clustered_66_rot224,clustered,landscape,1,NA,NA,ndca,ndca,21,NA
67,labyrinth_67,labyrinth,landscape,1,NA,NA,ndca,ndca,23,NA
68,labyrinth_68,labyrinth,landscape,1,NA,NA,ndca,ndca,30,NA
69,clustered_69_rot78,clustered,landscape,1,NA,NA,ndca,ndca,10,NA
70,clustered_70_rot170,clustered,landscape,1,NA,NA,ndca,ndca,13,NA
71,labyrinth_71,labyrinth,landscape,1,NA,NA,ndca,ndca,11,NA
72,random_72,random,landscape,1,NA,NA,ndca,ndca,381,NA
73,clustered_73_rot156,clustered,landscape,1,NA,NA,ndca,ndca,40,NA
74,clustered_74_rot348,clustered,landscape,1,NA,NA,ndca,ndca,34,NA
75,random_75,random,landscape,1,NA,NA,ndca,ndca,194,NA
76,random_76,random,landscape,1,NA,NA,ndca,ndca,417,NA
77,labyrinth_77,labyrinth,landscape,1,NA,NA,ndca,ndca,36,NA
78,random_78,random,landscape,1,NA,NA,ndca,ndca,368,NA
79,clustered_79_rot79,clustered,landscape,1,NA,NA,ndca,ndca,16,NA
80,labyrinth_80,labyrinth,landscape,1,NA,NA,ndca,ndca,12,NA
81,random_81,random,landscape,1,NA,NA,ndca,ndca,390,NA
82,clustered_82_rot20,clustered,landscape,1,NA,NA,ndca,ndca,13,NA
83,random_83,random,landscape,1,NA,NA,ndca,ndca,362,NA
84,random_84,random,landscape,1,NA,NA,ndca,ndca,382,NA
85,labyrinth_85,labyrinth,landscape,1,NA,NA,ndca,ndca,34,NA
86,clustered_86_rot6,clustered,landscape,1,NA,NA,ndca,ndca,13,NA
87,labyrinth_87,labyrinth,landscape,1,NA,NA,ndca,ndca,25,NA
88,labyrinth_88,labyrinth,landscape,1,NA,NA,ndca,ndca,19,NA
89,labyrinth_89,labyrinth,landscape,1,NA,NA,ndca,ndca,17,NA
90,random_90,random,landscape,1,NA,NA,ndca,ndca,147,NA
91,clustered_91_rot72,clustered,landscape,1,NA,NA,ndca,ndca,14,NA
92,random_92,random,landscape,1,NA,NA,ndca,ndca,388,NA
93,clustered_93_rot150,clustered,landscape,1,NA,NA,ndca,ndca,68,NA
94,random_94,random,landscape,1,NA,NA,ndca,ndca,385,NA
95,labyrinth_95,labyrinth,landscape,1,NA,NA,ndca,ndca,47,NA
96,labyrinth_96,labyrinth,landscape,1,NA,NA,ndca,ndca,24,NA
97,clustered_97_rot105,clustered,landscape,1,NA,NA,ndca,ndca,9,NA
98,labyrinth_98,labyrinth,landscape,1,NA,NA,ndca,ndca,21,NA
99,labyrinth_99,labyrinth,landscape,1,NA,NA,ndca,ndca,11,NA
100,clustered_100_rot83,clustered,landscape,1,NA,NA,ndca,ndca,14,NA
1,random_1,random,landscape,1,NA,NA,np,np,677,NA
2,random_2,random,landscape,1,NA,NA,np,np,694,NA
3,clustered_3_rot150,clustered,landscape,1,NA,NA,np,np,16,NA
4,random_4,random,landscape,1,NA,NA,np,np,84,NA
5,clustered_5_rot91,clustered,landscape,1,NA,NA,np,np,49,NA
6,labyrinth_6,labyrinth,landscape,1,NA,NA,np,np,52,NA
7,clustered_7_rot125,clustered,landscape,1,NA,NA,np,np,20,NA
8,labyrinth_8,labyrinth,landscape,1,NA,NA,np,np,70,NA
9,clustered_9_rot272,clustered,landscape,1,NA,NA,np,np,56,NA
10,random_10,random,landscape,1,NA,NA,np,np,133,NA
11,labyrinth_11,labyrinth,landscape,1,NA,NA,np,np,47,NA
12,clustered_12_rot17,clustered,landscape,1,NA,NA,np,np,50,NA
13,clustered_13_rot286,clustered,landscape,1,NA,NA,np,np,20,NA
14,random_14,random,landscape,1,NA,NA,np,np,309,NA
15,random_15,random,landscape,1,NA,NA,np,np,333,NA
16,labyrinth_16,labyrinth,landscape,1,NA,NA,np,np,85,NA
17,random_17,random,landscape,1,NA,NA,np,np,421,NA
18,labyrinth_18,labyrinth,landscape,1,NA,NA,np,np,59,NA
19,clustered_19_rot254,clustered,landscape,1,NA,NA,np,np,11,NA
20,random_20,random,landscape,1,NA,NA,np,np,740,NA
21,clustered_21_rot190,clustered,landscape,1,NA,NA,np,np,28,NA
22,clustered_22_rot218,clustered,landscape,1,NA,NA,np,np,11,NA
23,clustered_23_rot3,clustered,landscape,1,NA,NA,np,np,106,NA
24,clustered_24_rot31,clustered,landscape,1,NA,NA,np,np,13,NA
25,random_25,random,landscape,1,NA,NA,np,np,591,NA
26,random_26,random,landscape,1,NA,NA,np,np,669,NA
27,labyrinth_27,labyrinth,landscape,1,NA,NA,np,np,85,NA
28,clustered_28_rot276,clustered,landscape,1,NA,NA,np,np,26,NA
29,clustered_29_rot188,clustered,landscape,1,NA,NA,np,np,33,NA
30,clustered_30_rot52,clustered,landscape,1,NA,NA,np,np,9,NA
31,random_31,random,landscape,1,NA,NA,np,np,702,NA
32,random_32,random,landscape,1,NA,NA,np,np,124,NA
33,labyrinth_33,labyrinth,landscape,1,NA,NA,np,np,89,NA
34,labyrinth_34,labyrinth,landscape,1,NA,NA,np,np,63,NA
35,clustered_35_rot173,clustered,landscape,1,NA,NA,np,np,29,NA
36,labyrinth_36,labyrinth,landscape,1,NA,NA,np,np,63,NA
37,labyrinth_37,labyrinth,landscape,1,NA,NA,np,np,70,NA
38,labyrinth_38,labyrinth,landscape,1,NA,NA,np,np,85,NA
39,labyrinth_39,labyrinth,landscape,1,NA,NA,np,np,80,NA
40,clustered_40_rot22,clustered,landscape,1,NA,NA,np,np,20,NA
41,random_41,random,landscape,1,NA,NA,np,np,710,NA
42,clustered_42_rot150,clustered,landscape,1,NA,NA,np,np,113,NA
43,labyrinth_43,labyrinth,landscape,1,NA,NA,np,np,77,NA
44,labyrinth_44,labyrinth,landscape,1,NA,NA,np,np,71,NA
45,clustered_45_rot177,clustered,landscape,1,NA,NA,np,np,16,NA
46,random_46,random,landscape,1,NA,NA,np,np,591,NA
47,random_47,random,landscape,1,NA,NA,np,np,672,NA
48,labyrinth_48,labyrinth,landscape,1,NA,NA,np,np,83,NA
49,labyrinth_49,labyrinth,landscape,1,NA,NA,np,np,135,NA
50,random_50,random,landscape,1,NA,NA,np,np,95,NA
51,random_51,random,landscape,1,NA,NA,np,np,705,NA
52,random_52,random,landscape,1,NA,NA,np,np,653,NA
53,labyrinth_53,labyrinth,landscape,1,NA,NA,np,np,97,NA
54,labyrinth_54,labyrinth,landscape,1,NA,NA,np,np,69,NA
55,random_55,random,landscape,1,NA,NA,np,np,467,NA
56,labyrinth_56,labyrinth,landscape,1,NA,NA,np,np,74,NA
57,random_57,random,landscape,1,NA,NA,np,np,232,NA
58,random_58,random,landscape,1,NA,NA,np,np,727,NA
59,labyrinth_59,labyrinth,landscape,1,NA,NA,np,np,42,NA
60,clustered_60_rot335,clustered,landscape,1,NA,NA,np,np,59,NA
61,clustered_61_rot151,clustered,landscape,1,NA,NA,np,np,91,NA
62,clustered_62_rot88,clustered,landscape,1,NA,NA,np,np,16,NA
63,random_63,random,landscape,1,NA,NA,np,np,692,NA
64,labyrinth_64,labyrinth,landscape,1,NA,NA,np,np,79,NA
65,random_65,random,landscape,1,NA,NA,np,np,735,NA
66,clustered_66_rot224,clustered,landscape,1,NA,NA,np,np,48,NA
67,labyrinth_67,labyrinth,landscape,1,NA,NA,np,np,65,NA
68,labyrinth_68,labyrinth,landscape,1,NA,NA,np,np,86,NA
69,clustered_69_rot78,clustered,landscape,1,NA,NA,np,np,14,NA
70,clustered_70_rot170,clustered,landscape,1,NA,NA,np,np,10,NA
71,labyrinth_71,labyrinth,landscape,1,NA,NA,np,np,51,NA
72,random_72,random,landscape,1,NA,NA,np,np,113,NA
73,clustered_73_rot156,clustered,landscape,1,NA,NA,np,np,63,NA
74,clustered_74_rot348,clustered,landscape,1,NA,NA,np,np,65,NA
75,random_75,random,landscape,1,NA,NA,np,np,749,NA
76,random_76,random,landscape,1,NA,NA,np,np,478,NA
77,labyrinth_77,labyrinth,landscape,1,NA,NA,np,np,122,NA
78,random_78,random,landscape,1,NA,NA,np,np,82,NA
79,clustered_79_rot79,clustered,landscape,1,NA,NA,np,np,20,NA
80,labyrinth_80,labyrinth,landscape,1,NA,NA,np,np,68,NA
81,random_81,random,landscape,1,NA,NA,np,np,148,NA
82,clustered_82_rot20,clustered,landscape,1,NA,NA,np,np,21,NA
83,random_83,random,landscape,1,NA,NA,np,np,113,NA
84,random_84,random,landscape,1,NA,NA,np,np,94,NA
85,labyrinth_85,labyrinth,landscape,1,NA,NA,np,np,100,NA
86,clustered_86_rot6,clustered,landscape,1,NA,NA,np,np,21,NA
87,labyrinth_87,labyrinth,landscape,1,NA,NA,np,np,95,NA
88,labyrinth_88,labyrinth,landscape,1,NA,NA,np,np,78,NA
89,labyrinth_89,labyrinth,landscape,1,NA,NA,np,np,58,NA
90,random_90,random,landscape,1,NA,NA,np,np,755,NA
91,clustered_91_rot72,clustered,landscape,1,NA,NA,np,np,18,NA
92,random_92,random,landscape,1,NA,NA,np,np,427,NA
93,clustered_93_rot150,clustered,landscape,1,NA,NA,np,np,130,NA
94,random_94,random,landscape,1,NA,NA,np,np,147,NA
95,labyrinth_95,labyrinth,landscape,1,NA,NA,np,np,110,NA
96,labyrinth_96,labyrinth,landscape,1,NA,NA,np,np,68,NA
97,clustered_97_rot105,clustered,landscape,1,NA,NA,np,np,20,NA
98,labyrinth_98,labyrinth,landscape,1,NA,NA,np,np,69,NA
99,labyrinth_99,labyrinth,landscape,1,NA,NA,np,np,59,NA
100,clustered_100_rot83,clustered,landscape,1,NA,NA,np,np,16,NA
1,random_1,random,landscape,1,NA,NA,pafrac,pafrac,1.7049408033341737,NA
2,random_2,random,landscape,1,NA,NA,pafrac,pafrac,1.7085172522391179,NA
3,clustered_3_rot150,clustered,landscape,1,NA,NA,pafrac,pafrac,1.1782769333206369,NA
4,random_4,random,landscape,1,NA,NA,pafrac,pafrac,1.8006867697692077,NA
5,clustered_5_rot91,clustered,landscape,1,NA,NA,pafrac,pafrac,1.3787846265878534,NA
6,labyrinth_6,labyrinth,landscape,1,NA,NA,pafrac,pafrac,1.2314786185084503,NA
7,clustered_7_rot125,clustered,landscape,1,NA,NA,pafrac,pafrac,1.2803624778561953,NA
8,labyrinth_8,labyrinth,landscape,1,NA,NA,pafrac,pafrac,1.26877372596006,NA
9,clustered_9_rot272,clustered,landscape,1,NA,NA,pafrac,pafrac,1.3456418999281443,NA
10,random_10,random,landscape,1,NA,NA,pafrac,pafrac,1.7605702014434812,NA
11,labyrinth_11,labyrinth,landscape,1,NA,NA,pafrac,pafrac,1.2375190349014897,NA
12,clustered_12_rot17,clustered,landscape,1,NA,NA,pafrac,pafrac,1.397547314954423,NA
13,clustered_13_rot286,clustered,landscape,1,NA,NA,pafrac,pafrac,1.2643693506660916,NA
14,random_14,random,landscape,1,NA,NA,pafrac,pafrac,1.7536239670466223,NA
15,random_15,random,landscape,1,NA,NA,pafrac,pafrac,1.7648920998338704,NA
16,labyrinth_16,labyrinth,landscape,1,NA,NA,pafrac,pafrac,1.3259499612562975,NA
17,random_17,random,landscape,1,NA,NA,pafrac,pafrac,1.759349345504639,NA
18,labyrinth_18,labyrinth,landscape,1,NA,NA,pafrac,pafrac,1.221942905456461,NA
19,clustered_19_rot254,clustered,landscape,1,NA,NA,pafrac,pafrac,1.0866425569549731,NA
20,random_20,random,landscape,1,NA,NA,pafrac,pafrac,1.6491051781704864,NA
21,clustered_21_rot190,clustered,landscape,1,NA,NA,pafrac,pafrac,1.332715773136722,NA
22,clustered_22_rot218,clustered,landscape,1,NA,NA,pafrac,pafrac,1.2382599345188077,NA
23,clustered_23_rot3,clustered,landscape,1,NA,NA,pafrac,pafrac,1.4769966508147627,NA
24,clustered_24_rot31,clustered,landscape,1,NA,NA,pafrac,pafrac,1.198184060546069,NA
25,random_25,random,landscape,1,NA,NA,pafrac,pafrac,1.748529786860393,NA
26,random_26,random,landscape,1,NA,NA,pafrac,pafrac,1.7314571058909818,NA
27,labyrinth_27,labyrinth,landscape,1,NA,NA,pafrac,pafrac,1.3230433981510892,NA
28,clustered_28_rot276,clustered,landscape,1,NA,NA,pafrac,pafrac,1.2921013648899524,NA
29,clustered_29_rot188,clustered,landscape,1,NA,NA,pafrac,pafrac,1.3106392180616346,NA
30,clustered_30_rot52,clustered,landscape,1,NA,NA,pafrac,pafrac,NA,PAFRAC = NA for NP < 10
31,random_31,random,landscape,1,NA,NA,pafrac,pafrac,1.6357286512698523,NA
32,random_32,random,landscape,1,NA,NA,pafrac,pafrac,1.7640236527244058,NA
33,labyrinth_33,labyrinth,landscape,1,NA,NA,pafrac,pafrac,1.310255098195591,NA
34,labyrinth_34,labyrinth,landscape,1,NA,NA,pafrac,pafrac,1.305147600989919,NA
35,clustered_35_rot173,clustered,landscape,1,NA,NA,pafrac,pafrac,1.3476704842791163,NA
36,labyrinth_36,labyrinth,landscape,1,NA,NA,pafrac,pafrac,1.2223645790665532,NA
37,labyrinth_37,labyrinth,landscape,1,NA,NA,pafrac,pafrac,1.337748422784119,NA
38,labyrinth_38,labyrinth,landscape,1,NA,NA,pafrac,pafrac,1.3386772368227822,NA
39,labyrinth_39,labyrinth,landscape,1,NA,NA,pafrac,pafrac,1.2807722299747077,NA
40,clustered_40_rot22,clustered,landscape,1,NA,NA,pafrac,pafrac,1.2462414366694758,NA
41,random_41,random,landscape,1,NA,NA,pafrac,pafrac,1.7114707228679493,NA
42,clustered_42_rot150,clustered,landscape,1,NA,NA,pafrac,pafrac,1.4734546631697316,NA
43,labyrinth_43,labyrinth,landscape,1,NA,NA,pafrac,pafrac,1.2745281333512994,NA
44,labyrinth_44,labyrinth,landscape,1,NA,NA,pafrac,pafrac,1.2551904892281907,NA
45,clustered_45_rot177,clustered,landscape,1,NA,NA,pafrac,pafrac,1.2652298831069777,NA
46,random_46,random,landscape,1,NA,NA,pafrac,pafrac,1.7441183868906887,NA
47,random_47,random,landscape,1,NA,NA,pafrac,pafrac,1.7206851845756765,NA
48,labyrinth_48,labyrinth,landscape,1,NA,NA,pafrac,pafrac,1.3306836508070616,NA
49,labyrinth_49,labyrinth,landscape,1,NA,NA,pafrac,pafrac,1.35477357383607,NA
50,random_50,random,landscape,1,NA,NA,pafrac,pafrac,1.7888423200122303,NA
51,random_51,random,landscape,1,NA,NA,pafrac,pafrac,1.6594897955527308,NA
52,random_52,random,landscape,1,NA,NA,pafrac,pafrac,1.728367680013219,NA
53,labyrinth_53,labyrinth,landscape,1,NA,NA,pafrac,pafrac,1.2943416668583518,NA
54,labyrinth_54,labyrinth,landscape,1,NA,NA,pafrac,pafrac,1.2493613714974863,NA
55,random_55,random,landscape,1,NA,NA,pafrac,pafrac,1.7417444979032675,NA
56,labyrinth_56,labyrinth,landscape,1,NA,NA,pafrac,pafrac,1.244569723231516,NA
57,random_57,random,landscape,1,NA,NA,pafrac,pafrac,1.7878401236434232,NA
58,random_58,random,landscape,1,NA,NA,pafrac,pafrac,1.7191018203722856,NA
59,labyrinth_59,labyrinth,landscape,1,NA,NA,pafrac,pafrac,1.2685130900001753,NA
60,clustered_60_rot335,clustered,landscape,1,NA,NA,pafrac,pafrac,1.388458120642181,NA
61,clustered_61_rot151,clustered,landscape,1,NA,NA,pafrac,pafrac,1.3999711800503132,NA
62,clustered_62_rot88,clustered,landscape,1,NA,NA,pafrac,pafrac,1.2081047518651329,NA
63,random_63,random,landscape,1,NA,NA,pafrac,pafrac,1.7187097488384462,NA
64,labyrinth_64,labyrinth,landscape,1,NA,NA,pafrac,pafrac,1.2837042766700582,NA
65,random_65,random,landscape,1,NA,NA,pafrac,pafrac,1.7004349816075601,NA
66,clustered_66_rot224,clustered,landscape,1,NA,NA,pafrac,pafrac,1.3585410894956231,NA
67,labyrinth_67,labyrinth,landscape,1,NA,NA,pafrac,pafrac,1.2599783154907231,NA
68,labyrinth_68,labyrinth,landscape,1,NA,NA,pafrac,pafrac,1.2959438564493997,NA
69,clustered_69_rot78,clustered,landscape,1,NA,NA,pafrac,pafrac,1.2430297690161005,NA
70,clustered_70_rot170,clustered,landscape,1,NA,NA,pafrac,pafrac,1.0049193980300157,NA
71,labyrinth_71,labyrinth,landscape,1,NA,NA,pafrac,pafrac,1.1993029896585659,NA
72,random_72,random,landscape,1,NA,NA,pafrac,pafrac,1.7727551513271425,NA
73,clustered_73_rot156,clustered,landscape,1,NA,NA,pafrac,pafrac,1.3928393300620083,NA
74,clustered_74_rot348,clustered,landscape,1,NA,NA,pafrac,pafrac,1.3886135304513196,NA
75,random_75,random,landscape,1,NA,NA,pafrac,pafrac,1.6916590854920388,NA
76,random_76,random,landscape,1,NA,NA,pafrac,pafrac,1.7429914641796374,NA
77,labyrinth_77,labyrinth,landscape,1,NA,NA,pafrac,pafrac,1.3364953183482715,NA
78,random_78,random,landscape,1,NA,NA,pafrac,pafrac,1.7960756334446526,NA
79,clustered_79_rot79,clustered,landscape,1,NA,NA,pafrac,pafrac,1.2867615482888652,NA
80,labyrinth_80,labyrinth,landscape,1,NA,NA,pafrac,pafrac,1.261107211866106,NA
81,random_81,random,landscape,1,NA,NA,pafrac,pafrac,1.7473403163259664,NA
82,clustered_82_rot20,clustered,landscape,1,NA,NA,pafrac,pafrac,1.3024718875413364,NA
83,random_83,random,landscape,1,NA,NA,pafrac,pafrac,1.7530789235780577,NA
84,random_84,random,landscape,1,NA,NA,pafrac,pafrac,1.7828583343448663,NA
85,labyrinth_85,labyrinth,landscape,1,NA,NA,pafrac,pafrac,1.3810480495989186,NA
86,clustered_86_rot6,clustered,landscape,1,NA,NA,pafrac,pafrac,1.2180063138019106,NA
87,labyrinth_87,labyrinth,landscape,1,NA,NA,pafrac,pafrac,1.2847993139729283,NA
88,labyrinth_88,labyrinth,landscape,1,NA,NA,pafrac,pafrac,1.2920909064320922,NA
89,labyrinth_89,labyrinth,landscape,1,NA,NA,pafrac,pafrac,1.2053840010419152,NA
90,random_90,random,landscape,1,NA,NA,pafrac,pafrac,1.6969481315166575,NA
91,clustered_91_rot72,clustered,landscape,1,NA,NA,pafrac,pafrac,1.2706280815672362,NA
92,random_92,random,landscape,1,NA,NA,pafrac,pafrac,1.7495428643110114,NA
93,clustered_93_rot150,clustered,landscape,1,NA,NA,pafrac,pafrac,1.488580543806142,NA
94,random_94,random,landscape,1,NA,NA,pafrac,pafrac,1.7590573019547269,NA
95,labyrinth_95,labyrinth,landscape,1,NA,NA,pafrac,pafrac,1.406709795582552,NA
96,labyrinth_96,labyrinth,landscape,1,NA,NA,pafrac,pafrac,1.3297594042211622,NA
97,clustered_97_rot105,clustered,landscape,1,NA,NA,pafrac,pafrac,1.252712695924657,NA
98,labyrinth_98,labyrinth,landscape,1,NA,NA,pafrac,pafrac,1.274661651932444,NA
99,labyrinth_99,labyrinth,landscape,1,NA,NA,pafrac,pafrac,1.2334734616400231,NA
100,clustered_100_rot83,clustered,landscape,1,NA,NA,pafrac,pafrac,1.205217723661727,NA
1,random_1,random,landscape,1,NA,NA,para_cv,para_cv,17.634481415087393,NA
2,random_2,random,landscape,1,NA,NA,para_cv,para_cv,17.95576271950214,NA
3,clustered_3_rot150,clustered,landscape,1,NA,NA,para_cv,para_cv,64.55388302968544,NA
4,random_4,random,landscape,1,NA,NA,para_cv,para_cv,19.484177259194592,NA
5,clustered_5_rot91,clustered,landscape,1,NA,NA,para_cv,para_cv,29.914860616929957,NA
6,labyrinth_6,labyrinth,landscape,1,NA,NA,para_cv,para_cv,42.30790839526134,NA
7,clustered_7_rot125,clustered,landscape,1,NA,NA,para_cv,para_cv,56.449456646089715,NA
8,labyrinth_8,labyrinth,landscape,1,NA,NA,para_cv,para_cv,38.087826827131096,NA
9,clustered_9_rot272,clustered,landscape,1,NA,NA,para_cv,para_cv,23.863943279746294,NA
10,random_10,random,landscape,1,NA,NA,para_cv,para_cv,21.954234391941338,NA
11,labyrinth_11,labyrinth,landscape,1,NA,NA,para_cv,para_cv,35.89764140007694,NA
12,clustered_12_rot17,clustered,landscape,1,NA,NA,para_cv,para_cv,32.018856266217895,NA
13,clustered_13_rot286,clustered,landscape,1,NA,NA,para_cv,para_cv,54.62863729823311,NA
14,random_14,random,landscape,1,NA,NA,para_cv,para_cv,21.423161630560553,NA
15,random_15,random,landscape,1,NA,NA,para_cv,para_cv,21.493218189198064,NA
16,labyrinth_16,labyrinth,landscape,1,NA,NA,para_cv,para_cv,37.4533208673215,NA
17,random_17,random,landscape,1,NA,NA,para_cv,para_cv,19.519924160460327,NA
18,labyrinth_18,labyrinth,landscape,1,NA,NA,para_cv,para_cv,36.20482378956659,NA
19,clustered_19_rot254,clustered,landscape,1,NA,NA,para_cv,para_cv,83.90258219768903,NA
20,random_20,random,landscape,1,NA,NA,para_cv,para_cv,13.551440350253587,NA
21,clustered_21_rot190,clustered,landscape,1,NA,NA,para_cv,para_cv,45.36802308407552,NA
22,clustered_22_rot218,clustered,landscape,1,NA,NA,para_cv,para_cv,77.83575927895141,NA
23,clustered_23_rot3,clustered,landscape,1,NA,NA,para_cv,para_cv,22.33812352883285,NA
24,clustered_24_rot31,clustered,landscape,1,NA,NA,para_cv,para_cv,76.49702381077145,NA
25,random_25,random,landscape,1,NA,NA,para_cv,para_cv,17.487661612086615,NA
26,random_26,random,landscape,1,NA,NA,para_cv,para_cv,16.791582860605995,NA
27,labyrinth_27,labyrinth,landscape,1,NA,NA,para_cv,para_cv,31.65916768586104,NA
28,clustered_28_rot276,clustered,landscape,1,NA,NA,para_cv,para_cv,44.70268181630693,NA
29,clustered_29_rot188,clustered,landscape,1,NA,NA,para_cv,para_cv,38.19363664259773,NA
30,clustered_30_rot52,clustered,landscape,1,NA,NA,para_cv,para_cv,65.69105495345097,NA
31,random_31,random,landscape,1,NA,NA,para_cv,para_cv,12.77855980604167,NA
32,random_32,random,landscape,1,NA,NA,para_cv,para_cv,21.047712096089587,NA
33,labyrinth_33,labyrinth,landscape,1,NA,NA,para_cv,para_cv,29.745892442938654,NA
34,labyrinth_34,labyrinth,landscape,1,NA,NA,para_cv,para_cv,35.37897311716629,NA
35,clustered_35_rot173,clustered,landscape,1,NA,NA,para_cv,para_cv,42.963352084049305,NA
36,labyrinth_36,labyrinth,landscape,1,NA,NA,para_cv,para_cv,32.79205678441844,NA
37,labyrinth_37,labyrinth,landscape,1,NA,NA,para_cv,para_cv,33.632735967658114,NA
38,labyrinth_38,labyrinth,landscape,1,NA,NA,para_cv,para_cv,31.765338471656374,NA
39,labyrinth_39,labyrinth,landscape,1,NA,NA,para_cv,para_cv,38.47918352790053,NA
40,clustered_40_rot22,clustered,landscape,1,NA,NA,para_cv,para_cv,58.09972563396616,NA
41,random_41,random,landscape,1,NA,NA,para_cv,para_cv,16.57389886442586,NA
42,clustered_42_rot150,clustered,landscape,1,NA,NA,para_cv,para_cv,21.325620598130115,NA
43,labyrinth_43,labyrinth,landscape,1,NA,NA,para_cv,para_cv,30.62640332057643,NA
44,labyrinth_44,labyrinth,landscape,1,NA,NA,para_cv,para_cv,30.58674767319457,NA
45,clustered_45_rot177,clustered,landscape,1,NA,NA,para_cv,para_cv,62.28270973231673,NA
46,random_46,random,landscape,1,NA,NA,para_cv,para_cv,18.389608335512264,NA
47,random_47,random,landscape,1,NA,NA,para_cv,para_cv,17.883102042746405,NA
48,labyrinth_48,labyrinth,landscape,1,NA,NA,para_cv,para_cv,35.09455814926564,NA
49,labyrinth_49,labyrinth,landscape,1,NA,NA,para_cv,para_cv,29.55507788760246,NA
50,random_50,random,landscape,1,NA,NA,para_cv,para_cv,20.510024036534354,NA
51,random_51,random,landscape,1,NA,NA,para_cv,para_cv,12.63043564582117,NA
52,random_52,random,landscape,1,NA,NA,para_cv,para_cv,17.58003315677547,NA
53,labyrinth_53,labyrinth,landscape,1,NA,NA,para_cv,para_cv,29.9778892136232,NA
54,labyrinth_54,labyrinth,landscape,1,NA,NA,para_cv,para_cv,39.319551159173635,NA
55,random_55,random,landscape,1,NA,NA,para_cv,para_cv,20.49078639772689,NA
56,labyrinth_56,labyrinth,landscape,1,NA,NA,para_cv,para_cv,32.59582424193316,NA
57,random_57,random,landscape,1,NA,NA,para_cv,para_cv,20.582912064131346,NA
58,random_58,random,landscape,1,NA,NA,para_cv,para_cv,15.831871445355752,NA
59,labyrinth_59,labyrinth,landscape,1,NA,NA,para_cv,para_cv,39.042151703042975,NA
60,clustered_60_rot335,clustered,landscape,1,NA,NA,para_cv,para_cv,29.492795848899974,NA
61,clustered_61_rot151,clustered,landscape,1,NA,NA,para_cv,para_cv,24.43464754826721,NA
62,clustered_62_rot88,clustered,landscape,1,NA,NA,para_cv,para_cv,59.34223071880946,NA
63,random_63,random,landscape,1,NA,NA,para_cv,para_cv,17.828204086618335,NA
64,labyrinth_64,labyrinth,landscape,1,NA,NA,para_cv,para_cv,35.5351031423903,NA
65,random_65,random,landscape,1,NA,NA,para_cv,para_cv,16.071255147028467,NA
66,clustered_66_rot224,clustered,landscape,1,NA,NA,para_cv,para_cv,37.821655532125945,NA
67,labyrinth_67,labyrinth,landscape,1,NA,NA,para_cv,para_cv,30.702323337268027,NA
68,labyrinth_68,labyrinth,landscape,1,NA,NA,para_cv,para_cv,28.885734090893887,NA
69,clustered_69_rot78,clustered,landscape,1,NA,NA,para_cv,para_cv,63.48152081187729,NA
70,clustered_70_rot170,clustered,landscape,1,NA,NA,para_cv,para_cv,52.38112903767891,NA
71,labyrinth_71,labyrinth,landscape,1,NA,NA,para_cv,para_cv,35.44262619477486,NA
72,random_72,random,landscape,1,NA,NA,para_cv,para_cv,21.917015205353575,NA
73,clustered_73_rot156,clustered,landscape,1,NA,NA,para_cv,para_cv,22.191010663461512,NA
74,clustered_74_rot348,clustered,landscape,1,NA,NA,para_cv,para_cv,25.164981456705167,NA
75,random_75,random,landscape,1,NA,NA,para_cv,para_cv,16.059151265863854,NA
76,random_76,random,landscape,1,NA,NA,para_cv,para_cv,20.252409670570344,NA
77,labyrinth_77,labyrinth,landscape,1,NA,NA,para_cv,para_cv,30.426279085715812,NA
78,random_78,random,landscape,1,NA,NA,para_cv,para_cv,19.928340102402153,NA
79,clustered_79_rot79,clustered,landscape,1,NA,NA,para_cv,para_cv,49.84319212558839,NA
80,labyrinth_80,labyrinth,landscape,1,NA,NA,para_cv,para_cv,34.00972912069337,NA
81,random_81,random,landscape,1,NA,NA,para_cv,para_cv,22.63143621697592,NA
82,clustered_82_rot20,clustered,landscape,1,NA,NA,para_cv,para_cv,47.05436278095969,NA
83,random_83,random,landscape,1,NA,NA,para_cv,para_cv,21.658962332569164,NA
84,random_84,random,landscape,1,NA,NA,para_cv,para_cv,19.78807692347794,NA
85,labyrinth_85,labyrinth,landscape,1,NA,NA,para_cv,para_cv,30.666135471913968,NA
86,clustered_86_rot6,clustered,landscape,1,NA,NA,para_cv,para_cv,55.22470683182181,NA
87,labyrinth_87,labyrinth,landscape,1,NA,NA,para_cv,para_cv,34.82555824079189,NA
88,labyrinth_88,labyrinth,landscape,1,NA,NA,para_cv,para_cv,31.4354511898227,NA
89,labyrinth_89,labyrinth,landscape,1,NA,NA,para_cv,para_cv,43.03682091510211,NA
90,random_90,random,landscape,1,NA,NA,para_cv,para_cv,14.810831271550784,NA
91,clustered_91_rot72,clustered,landscape,1,NA,NA,para_cv,para_cv,60.09955148763555,NA
92,random_92,random,landscape,1,NA,NA,para_cv,para_cv,20.03656002039173,NA
93,clustered_93_rot150,clustered,landscape,1,NA,NA,para_cv,para_cv,20.128068047035892,NA
94,random_94,random,landscape,1,NA,NA,para_cv,para_cv,23.16422582359614,NA
95,labyrinth_95,labyrinth,landscape,1,NA,NA,para_cv,para_cv,27.459355774082805,NA
96,labyrinth_96,labyrinth,landscape,1,NA,NA,para_cv,para_cv,31.52543083955673,NA
97,clustered_97_rot105,clustered,landscape,1,NA,NA,para_cv,para_cv,51.49301561206451,NA
98,labyrinth_98,labyrinth,landscape,1,NA,NA,para_cv,para_cv,32.46989166022662,NA
99,labyrinth_99,labyrinth,landscape,1,NA,NA,para_cv,para_cv,32.15399259358293,NA
100,clustered_100_rot83,clustered,landscape,1,NA,NA,para_cv,para_cv,62.17369935723595,NA
1,random_1,random,landscape,1,NA,NA,para_mn,para_mn,3.4590816211924906,NA
2,random_2,random,landscape,1,NA,NA,para_mn,para_mn,3.4464372447838696,NA
3,clustered_3_rot150,clustered,landscape,1,NA,NA,para_mn,para_mn,2.49318365639412,NA
4,random_4,random,landscape,1,NA,NA,para_mn,para_mn,3.4239160859224516,NA
5,clustered_5_rot91,clustered,landscape,1,NA,NA,para_mn,para_mn,3.468434349031073,NA
6,labyrinth_6,labyrinth,landscape,1,NA,NA,para_mn,para_mn,3.138066914986471,NA
7,clustered_7_rot125,clustered,landscape,1,NA,NA,para_mn,para_mn,2.6993481249738998,NA
8,labyrinth_8,labyrinth,landscape,1,NA,NA,para_mn,para_mn,3.263962167638248,NA
9,clustered_9_rot272,clustered,landscape,1,NA,NA,para_mn,para_mn,3.6257942448492213,NA
10,random_10,random,landscape,1,NA,NA,para_mn,para_mn,3.350138798907915,NA
11,labyrinth_11,labyrinth,landscape,1,NA,NA,para_mn,para_mn,3.4460335341105863,NA
12,clustered_12_rot17,clustered,landscape,1,NA,NA,para_mn,para_mn,3.4322769800115043,NA
13,clustered_13_rot286,clustered,landscape,1,NA,NA,para_mn,para_mn,2.765073210588298,NA
14,random_14,random,landscape,1,NA,NA,para_mn,para_mn,3.282985085529871,NA
15,random_15,random,landscape,1,NA,NA,para_mn,para_mn,3.220337146776886,NA
16,labyrinth_16,labyrinth,landscape,1,NA,NA,para_mn,para_mn,3.185308635681659,NA
17,random_17,random,landscape,1,NA,NA,para_mn,para_mn,3.3799629413181913,NA
18,labyrinth_18,labyrinth,landscape,1,NA,NA,para_mn,para_mn,3.388471533406206,NA
19,clustered_19_rot254,clustered,landscape,1,NA,NA,para_mn,para_mn,1.5705402805908362,NA
20,random_20,random,landscape,1,NA,NA,para_mn,para_mn,3.6977912764518983,NA
21,clustered_21_rot190,clustered,landscape,1,NA,NA,para_mn,para_mn,2.922554809806023,NA
22,clustered_22_rot218,clustered,landscape,1,NA,NA,para_mn,para_mn,1.9465536599838775,NA
23,clustered_23_rot3,clustered,landscape,1,NA,NA,para_mn,para_mn,3.5536318649239615,NA
24,clustered_24_rot31,clustered,landscape,1,NA,NA,para_mn,para_mn,1.8113209539521173,NA
25,random_25,random,landscape,1,NA,NA,para_mn,para_mn,3.4242052699330423,NA
26,random_26,random,landscape,1,NA,NA,para_mn,para_mn,3.4754214999886273,NA
27,labyrinth_27,labyrinth,landscape,1,NA,NA,para_mn,para_mn,3.3371458987773446,NA
28,clustered_28_rot276,clustered,landscape,1,NA,NA,para_mn,para_mn,3.053909239811293,NA
29,clustered_29_rot188,clustered,landscape,1,NA,NA,para_mn,para_mn,3.2905117740901253,NA
30,clustered_30_rot52,clustered,landscape,1,NA,NA,para_mn,para_mn,1.331300064617828,NA
31,random_31,random,landscape,1,NA,NA,para_mn,para_mn,3.7523518652776113,NA
32,random_32,random,landscape,1,NA,NA,para_mn,para_mn,3.3909910999328696,NA
33,labyrinth_33,labyrinth,landscape,1,NA,NA,para_mn,para_mn,3.47719954783178,NA
34,labyrinth_34,labyrinth,landscape,1,NA,NA,para_mn,para_mn,3.3206310949083018,NA
35,clustered_35_rot173,clustered,landscape,1,NA,NA,para_mn,para_mn,3.1276295079119256,NA
36,labyrinth_36,labyrinth,landscape,1,NA,NA,para_mn,para_mn,3.4729393139735785,NA
37,labyrinth_37,labyrinth,landscape,1,NA,NA,para_mn,para_mn,3.1918257299217463,NA
38,labyrinth_38,labyrinth,landscape,1,NA,NA,para_mn,para_mn,3.2820634344386908,NA
39,labyrinth_39,labyrinth,landscape,1,NA,NA,para_mn,para_mn,3.2189177504957693,NA
40,clustered_40_rot22,clustered,landscape,1,NA,NA,para_mn,para_mn,2.5903193340994024,NA
41,random_41,random,landscape,1,NA,NA,para_mn,para_mn,3.533592713477894,NA
42,clustered_42_rot150,clustered,landscape,1,NA,NA,para_mn,para_mn,3.584509568280328,NA
43,labyrinth_43,labyrinth,landscape,1,NA,NA,para_mn,para_mn,3.5196345162061595,NA
44,labyrinth_44,labyrinth,landscape,1,NA,NA,para_mn,para_mn,3.4957438715311318,NA
45,clustered_45_rot177,clustered,landscape,1,NA,NA,para_mn,para_mn,2.461483700187494,NA
46,random_46,random,landscape,1,NA,NA,para_mn,para_mn,3.388969210457925,NA
47,random_47,random,landscape,1,NA,NA,para_mn,para_mn,3.4273885255828054,NA
48,labyrinth_48,labyrinth,landscape,1,NA,NA,para_mn,para_mn,3.294091437187961,NA
49,labyrinth_49,labyrinth,landscape,1,NA,NA,para_mn,para_mn,3.36567884089377,NA
50,random_50,random,landscape,1,NA,NA,para_mn,para_mn,3.359382300564202,NA
51,random_51,random,landscape,1,NA,NA,para_mn,para_mn,3.7468373265677184,NA
52,random_52,random,landscape,1,NA,NA,para_mn,para_mn,3.457733064924791,NA
53,labyrinth_53,labyrinth,landscape,1,NA,NA,para_mn,para_mn,3.490505183536053,NA
54,labyrinth_54,labyrinth,landscape,1,NA,NA,para_mn,para_mn,3.2211952377124393,NA
55,random_55,random,landscape,1,NA,NA,para_mn,para_mn,3.298473156007084,NA
56,labyrinth_56,labyrinth,landscape,1,NA,NA,para_mn,para_mn,3.4034137855550863,NA
57,random_57,random,landscape,1,NA,NA,para_mn,para_mn,3.3427254805604436,NA
58,random_58,random,landscape,1,NA,NA,para_mn,para_mn,3.542685063961145,NA
59,labyrinth_59,labyrinth,landscape,1,NA,NA,para_mn,para_mn,3.353546716050246,NA
60,clustered_60_rot335,clustered,landscape,1,NA,NA,para_mn,para_mn,3.5173572417964563,NA
61,clustered_61_rot151,clustered,landscape,1,NA,NA,para_mn,para_mn,3.556705279055229,NA
62,clustered_62_rot88,clustered,landscape,1,NA,NA,para_mn,para_mn,2.3840196230721253,NA
63,random_63,random,landscape,1,NA,NA,para_mn,para_mn,3.441628081777846,NA
64,labyrinth_64,labyrinth,landscape,1,NA,NA,para_mn,para_mn,3.371150799936868,NA
65,random_65,random,landscape,1,NA,NA,para_mn,para_mn,3.5607690076599616,NA
66,clustered_66_rot224,clustered,landscape,1,NA,NA,para_mn,para_mn,3.290483413761833,NA
67,labyrinth_67,labyrinth,landscape,1,NA,NA,para_mn,para_mn,3.5155789166886424,NA
68,labyrinth_68,labyrinth,landscape,1,NA,NA,para_mn,para_mn,3.460142653214914,NA
69,clustered_69_rot78,clustered,landscape,1,NA,NA,para_mn,para_mn,2.4467184183166677,NA
70,clustered_70_rot170,clustered,landscape,1,NA,NA,para_mn,para_mn,1.3546099169534709,NA
71,labyrinth_71,labyrinth,landscape,1,NA,NA,para_mn,para_mn,3.3649734416367734,NA
72,random_72,random,landscape,1,NA,NA,para_mn,para_mn,3.344744485495752,NA
73,clustered_73_rot156,clustered,landscape,1,NA,NA,para_mn,para_mn,3.689283198881683,NA
74,clustered_74_rot348,clustered,landscape,1,NA,NA,para_mn,para_mn,3.5632819094447346,NA
75,random_75,random,landscape,1,NA,NA,para_mn,para_mn,3.556353705719007,NA
76,random_76,random,landscape,1,NA,NA,para_mn,para_mn,3.295863237483811,NA
77,labyrinth_77,labyrinth,landscape,1,NA,NA,para_mn,para_mn,3.34985007234896,NA
78,random_78,random,landscape,1,NA,NA,para_mn,para_mn,3.517651747646182,NA
79,clustered_79_rot79,clustered,landscape,1,NA,NA,para_mn,para_mn,2.8279530566999593,NA
80,labyrinth_80,labyrinth,landscape,1,NA,NA,para_mn,para_mn,3.366560610274695,NA
81,random_81,random,landscape,1,NA,NA,para_mn,para_mn,3.3007861143156014,NA
82,clustered_82_rot20,clustered,landscape,1,NA,NA,para_mn,para_mn,2.9715520911216484,NA
83,random_83,random,landscape,1,NA,NA,para_mn,para_mn,3.421175011488611,NA
84,random_84,random,landscape,1,NA,NA,para_mn,para_mn,3.4674118060378887,NA
85,labyrinth_85,labyrinth,landscape,1,NA,NA,para_mn,para_mn,3.3519818015816685,NA
86,clustered_86_rot6,clustered,landscape,1,NA,NA,para_mn,para_mn,2.6672349822441923,NA
87,labyrinth_87,labyrinth,landscape,1,NA,NA,para_mn,para_mn,3.341459398657441,NA
88,labyrinth_88,labyrinth,landscape,1,NA,NA,para_mn,para_mn,3.3996003112858135,NA
89,labyrinth_89,labyrinth,landscape,1,NA,NA,para_mn,para_mn,3.2063628837946205,NA
90,random_90,random,landscape,1,NA,NA,para_mn,para_mn,3.6173315438793505,NA
91,clustered_91_rot72,clustered,landscape,1,NA,NA,para_mn,para_mn,2.6487871586896867,NA
92,random_92,random,landscape,1,NA,NA,para_mn,para_mn,3.3318703332044666,NA
93,clustered_93_rot150,clustered,landscape,1,NA,NA,para_mn,para_mn,3.631959484577525,NA
94,random_94,random,landscape,1,NA,NA,para_mn,para_mn,3.2546524495238573,NA
95,labyrinth_95,labyrinth,landscape,1,NA,NA,para_mn,para_mn,3.3869396157990863,NA
96,labyrinth_96,labyrinth,landscape,1,NA,NA,para_mn,para_mn,3.4529974057145667,NA
97,clustered_97_rot105,clustered,landscape,1,NA,NA,para_mn,para_mn,2.911892628741066,NA
98,labyrinth_98,labyrinth,landscape,1,NA,NA,para_mn,para_mn,3.365643700506578,NA
99,labyrinth_99,labyrinth,landscape,1,NA,NA,para_mn,para_mn,3.500207055040137,NA
100,clustered_100_rot83,clustered,landscape,1,NA,NA,para_mn,para_mn,2.200666247923345,NA
1,random_1,random,landscape,1,NA,NA,para_sd,para_sd,0.6099911056218934,NA
2,random_2,random,landscape,1,NA,NA,para_sd,para_sd,0.6188340939499387,NA
3,clustered_3_rot150,clustered,landscape,1,NA,NA,para_sd,para_sd,1.6094468612638948,NA
4,random_4,random,landscape,1,NA,NA,para_sd,para_sd,0.6671218793872079,NA
5,clustered_5_rot91,clustered,landscape,1,NA,NA,para_sd,para_sd,1.0375773011023675,NA
6,labyrinth_6,labyrinth,landscape,1,NA,NA,para_sd,para_sd,1.3276504757744798,NA
7,clustered_7_rot125,clustered,landscape,1,NA,NA,para_sd,para_sd,1.523767349534177,NA
8,labyrinth_8,labyrinth,landscape,1,NA,NA,para_sd,para_sd,1.2431722581131304,NA
9,clustered_9_rot272,clustered,landscape,1,NA,NA,para_sd,para_sd,0.8652574820311236,NA
10,random_10,random,landscape,1,NA,NA,para_sd,para_sd,0.735497324367612,NA
11,labyrinth_11,labyrinth,landscape,1,NA,NA,para_sd,para_sd,1.2370447606014163,NA
12,clustered_12_rot17,clustered,landscape,1,NA,NA,para_sd,para_sd,1.098975832888368,NA
13,clustered_13_rot286,clustered,landscape,1,NA,NA,para_sd,para_sd,1.5105218152428908,NA
14,random_14,random,landscape,1,NA,NA,para_sd,para_sd,0.7033192011802608,NA
15,random_15,random,landscape,1,NA,NA,para_sd,para_sd,0.6921540893845517,NA
16,labyrinth_16,labyrinth,landscape,1,NA,NA,para_sd,para_sd,1.1930038639363525,NA
17,random_17,random,landscape,1,NA,NA,para_sd,para_sd,0.6597662027969752,NA
18,labyrinth_18,labyrinth,landscape,1,NA,NA,para_sd,para_sd,1.2267901478293417,NA
19,clustered_19_rot254,clustered,landscape,1,NA,NA,para_sd,para_sd,1.3177238498705421,NA
20,random_20,random,landscape,1,NA,NA,para_sd,para_sd,0.5011039791052597,NA
21,clustered_21_rot190,clustered,landscape,1,NA,NA,para_sd,para_sd,1.3259053407575558,NA
22,clustered_22_rot218,clustered,landscape,1,NA,NA,para_sd,para_sd,1.5151148210206693,NA
23,clustered_23_rot3,clustered,landscape,1,NA,NA,para_sd,para_sd,0.793814675746681,NA
24,clustered_24_rot31,clustered,landscape,1,NA,NA,para_sd,para_sd,1.3856066214342437,NA
25,random_25,random,landscape,1,NA,NA,para_sd,para_sd,0.5988134305091275,NA
26,random_26,random,landscape,1,NA,NA,para_sd,para_sd,0.5835782809259061,NA
27,labyrinth_27,labyrinth,landscape,1,NA,NA,para_sd,para_sd,1.056512616015754,NA
28,clustered_28_rot276,clustered,landscape,1,NA,NA,para_sd,para_sd,1.36517933043164,NA
29,clustered_29_rot188,clustered,landscape,1,NA,NA,para_sd,para_sd,1.2567661106778787,NA
30,clustered_30_rot52,clustered,landscape,1,NA,NA,para_sd,para_sd,0.8745450570434258,NA
31,random_31,random,landscape,1,NA,NA,para_sd,para_sd,0.47949652723761976,NA
32,random_32,random,landscape,1,NA,NA,para_sd,para_sd,0.7137260439178919,NA
33,labyrinth_33,labyrinth,landscape,1,NA,NA,para_sd,para_sd,1.0343240375243905,NA
34,labyrinth_34,labyrinth,landscape,1,NA,NA,para_sd,para_sd,1.1748051823878727,NA
35,clustered_35_rot173,clustered,landscape,1,NA,NA,para_sd,para_sd,1.3437344773688193,NA
36,labyrinth_36,labyrinth,landscape,1,NA,NA,para_sd,para_sd,1.1388482319266082,NA
37,labyrinth_37,labyrinth,landscape,1,NA,NA,para_sd,para_sd,1.0734983202923574,NA
38,labyrinth_38,labyrinth,landscape,1,NA,NA,para_sd,para_sd,1.04255855880392,NA
39,labyrinth_39,labyrinth,landscape,1,NA,NA,para_sd,para_sd,1.2386132688254345,NA
40,clustered_40_rot22,clustered,landscape,1,NA,NA,para_sd,para_sd,1.504968426155332,NA
41,random_41,random,landscape,1,NA,NA,para_sd,para_sd,0.5856540826125476,NA
42,clustered_42_rot150,clustered,landscape,1,NA,NA,para_sd,para_sd,0.7644189108351345,NA
43,labyrinth_43,labyrinth,landscape,1,NA,NA,para_sd,para_sd,1.0779374623435174,NA
44,labyrinth_44,labyrinth,landscape,1,NA,NA,para_sd,para_sd,1.0692343572863903,NA
45,clustered_45_rot177,clustered,landscape,1,NA,NA,para_sd,para_sd,1.5330787480960664,NA
46,random_46,random,landscape,1,NA,NA,para_sd,para_sd,0.6232181644143148,NA
47,random_47,random,landscape,1,NA,NA,para_sd,para_sd,0.6129233874313545,NA
48,labyrinth_48,labyrinth,landscape,1,NA,NA,para_sd,para_sd,1.156046834913909,NA
49,labyrinth_49,labyrinth,landscape,1,NA,NA,para_sd,para_sd,0.9947290028727094,NA
50,random_50,random,landscape,1,NA,NA,para_sd,para_sd,0.6890101173247986,NA
51,random_51,random,landscape,1,NA,NA,para_sd,para_sd,0.473241877285742,NA
52,random_52,random,landscape,1,NA,NA,para_sd,para_sd,0.6078706192865669,NA
53,labyrinth_53,labyrinth,landscape,1,NA,NA,para_sd,para_sd,1.046379776916213,NA
54,labyrinth_54,labyrinth,landscape,1,NA,NA,para_sd,para_sd,1.2665595094292075,NA
55,random_55,random,landscape,1,NA,NA,para_sd,para_sd,0.6758830887837725,NA
56,labyrinth_56,labyrinth,landscape,1,NA,NA,para_sd,para_sd,1.1093707757652598,NA
57,random_57,random,landscape,1,NA,NA,para_sd,para_sd,0.688030246209068,NA
58,random_58,random,landscape,1,NA,NA,para_sd,para_sd,0.5608733450401476,NA
59,labyrinth_59,labyrinth,landscape,1,NA,NA,para_sd,para_sd,1.3092967963127529,NA
60,clustered_60_rot335,clustered,landscape,1,NA,NA,para_sd,para_sd,1.0373669905995277,NA
61,clustered_61_rot151,clustered,landscape,1,NA,NA,para_sd,para_sd,0.869068399267759,NA
62,clustered_62_rot88,clustered,landscape,1,NA,NA,para_sd,para_sd,1.4147304251051525,NA
63,random_63,random,landscape,1,NA,NA,para_sd,para_sd,0.6135804783217221,NA
64,labyrinth_64,labyrinth,landscape,1,NA,NA,para_sd,para_sd,1.1979419138430816,NA
65,random_65,random,landscape,1,NA,NA,para_sd,para_sd,0.572260272417346,NA
66,clustered_66_rot224,clustered,landscape,1,NA,NA,para_sd,para_sd,1.2445153020947388,NA
67,labyrinth_67,labyrinth,landscape,1,NA,NA,para_sd,para_sd,1.0793644061785717,NA
68,labyrinth_68,labyrinth,landscape,1,NA,NA,para_sd,para_sd,0.9994876059732607,NA
69,clustered_69_rot78,clustered,landscape,1,NA,NA,para_sd,para_sd,1.5532140619317303,NA
70,clustered_70_rot170,clustered,landscape,1,NA,NA,para_sd,para_sd,0.7095599685565926,NA
71,labyrinth_71,labyrinth,landscape,1,NA,NA,para_sd,para_sd,1.1926349584727722,NA
72,random_72,random,landscape,1,NA,NA,para_sd,para_sd,0.7330681574663291,NA
73,clustered_73_rot156,clustered,landscape,1,NA,NA,para_sd,para_sd,0.8186892280691284,NA
74,clustered_74_rot348,clustered,landscape,1,NA,NA,para_sd,para_sd,0.8966992317618973,NA
75,random_75,random,landscape,1,NA,NA,para_sd,para_sd,0.57112022115057,NA
76,random_76,random,landscape,1,NA,NA,para_sd,para_sd,0.6674917250369442,NA
77,labyrinth_77,labyrinth,landscape,1,NA,NA,para_sd,para_sd,1.0192347319659476,NA
78,random_78,random,landscape,1,NA,NA,para_sd,para_sd,0.7010096038890243,NA
79,clustered_79_rot79,clustered,landscape,1,NA,NA,para_sd,para_sd,1.4095420752724102,NA
80,labyrinth_80,labyrinth,landscape,1,NA,NA,para_sd,para_sd,1.1449581442383854,NA
81,random_81,random,landscape,1,NA,NA,para_sd,para_sd,0.7470153041201332,NA
82,clustered_82_rot20,clustered,landscape,1,NA,NA,para_sd,para_sd,1.3982449011815743,NA
83,random_83,random,landscape,1,NA,NA,para_sd,para_sd,0.740991007069587,NA
84,random_84,random,landscape,1,NA,NA,para_sd,para_sd,0.6861341154325332,NA
85,labyrinth_85,labyrinth,landscape,1,NA,NA,para_sd,para_sd,1.027923280266937,NA
86,clustered_86_rot6,clustered,landscape,1,NA,NA,para_sd,para_sd,1.4729726994601497,NA
87,labyrinth_87,labyrinth,landscape,1,NA,NA,para_sd,para_sd,1.1636818889718616,NA
88,labyrinth_88,labyrinth,landscape,1,NA,NA,para_sd,para_sd,1.0686796965033125,NA
89,labyrinth_89,labyrinth,landscape,1,NA,NA,para_sd,para_sd,1.3799166521869946,NA
90,random_90,random,landscape,1,NA,NA,para_sd,para_sd,0.5357568714965536,NA
91,clustered_91_rot72,clustered,landscape,1,NA,NA,para_sd,para_sd,1.591909202234587,NA
92,random_92,random,landscape,1,NA,NA,para_sd,para_sd,0.6675921991141389,NA
93,clustered_93_rot150,clustered,landscape,1,NA,NA,para_sd,para_sd,0.7310432764965383,NA
94,random_94,random,landscape,1,NA,NA,para_sd,para_sd,0.7539150431809097,NA
95,labyrinth_95,labyrinth,landscape,1,NA,NA,para_sd,para_sd,0.9300317989556244,NA
96,labyrinth_96,labyrinth,landscape,1,NA,NA,para_sd,para_sd,1.0885723090302337,NA
97,clustered_97_rot105,clustered,landscape,1,NA,NA,para_sd,para_sd,1.4994213259241926,NA
98,labyrinth_98,labyrinth,landscape,1,NA,NA,para_sd,para_sd,1.0928208632237282,NA
99,labyrinth_99,labyrinth,landscape,1,NA,NA,para_sd,para_sd,1.1254563172376726,NA
100,clustered_100_rot83,clustered,landscape,1,NA,NA,para_sd,para_sd,1.3682356168400251,NA
1,random_1,random,landscape,1,NA,NA,pd,pd,67700,NA
2,random_2,random,landscape,1,NA,NA,pd,pd,69400,NA
3,clustered_3_rot150,clustered,landscape,1,NA,NA,pd,pd,1600,NA
4,random_4,random,landscape,1,NA,NA,pd,pd,8400,NA
5,clustered_5_rot91,clustered,landscape,1,NA,NA,pd,pd,4900,NA
6,labyrinth_6,labyrinth,landscape,1,NA,NA,pd,pd,5200,NA
7,clustered_7_rot125,clustered,landscape,1,NA,NA,pd,pd,2000,NA
8,labyrinth_8,labyrinth,landscape,1,NA,NA,pd,pd,7000,NA
9,clustered_9_rot272,clustered,landscape,1,NA,NA,pd,pd,5600,NA
10,random_10,random,landscape,1,NA,NA,pd,pd,13300,NA
11,labyrinth_11,labyrinth,landscape,1,NA,NA,pd,pd,4700,NA
12,clustered_12_rot17,clustered,landscape,1,NA,NA,pd,pd,5000,NA
13,clustered_13_rot286,clustered,landscape,1,NA,NA,pd,pd,2000,NA
14,random_14,random,landscape,1,NA,NA,pd,pd,30900,NA
15,random_15,random,landscape,1,NA,NA,pd,pd,33300,NA
16,labyrinth_16,labyrinth,landscape,1,NA,NA,pd,pd,8500,NA
17,random_17,random,landscape,1,NA,NA,pd,pd,42100,NA
18,labyrinth_18,labyrinth,landscape,1,NA,NA,pd,pd,5900,NA
19,clustered_19_rot254,clustered,landscape,1,NA,NA,pd,pd,1100,NA
20,random_20,random,landscape,1,NA,NA,pd,pd,74000,NA
21,clustered_21_rot190,clustered,landscape,1,NA,NA,pd,pd,2800,NA
22,clustered_22_rot218,clustered,landscape,1,NA,NA,pd,pd,1100,NA
23,clustered_23_rot3,clustered,landscape,1,NA,NA,pd,pd,10600,NA
24,clustered_24_rot31,clustered,landscape,1,NA,NA,pd,pd,1300,NA
25,random_25,random,landscape,1,NA,NA,pd,pd,59100,NA
26,random_26,random,landscape,1,NA,NA,pd,pd,66900,NA
27,labyrinth_27,labyrinth,landscape,1,NA,NA,pd,pd,8500,NA
28,clustered_28_rot276,clustered,landscape,1,NA,NA,pd,pd,2600,NA
29,clustered_29_rot188,clustered,landscape,1,NA,NA,pd,pd,3300,NA
30,clustered_30_rot52,clustered,landscape,1,NA,NA,pd,pd,900,NA
31,random_31,random,landscape,1,NA,NA,pd,pd,70200,NA
32,random_32,random,landscape,1,NA,NA,pd,pd,12400,NA
33,labyrinth_33,labyrinth,landscape,1,NA,NA,pd,pd,8900,NA
34,labyrinth_34,labyrinth,landscape,1,NA,NA,pd,pd,6300,NA
35,clustered_35_rot173,clustered,landscape,1,NA,NA,pd,pd,2900,NA
36,labyrinth_36,labyrinth,landscape,1,NA,NA,pd,pd,6300,NA
37,labyrinth_37,labyrinth,landscape,1,NA,NA,pd,pd,7000,NA
38,labyrinth_38,labyrinth,landscape,1,NA,NA,pd,pd,8500,NA
39,labyrinth_39,labyrinth,landscape,1,NA,NA,pd,pd,8000,NA
40,clustered_40_rot22,clustered,landscape,1,NA,NA,pd,pd,2000,NA
41,random_41,random,landscape,1,NA,NA,pd,pd,71000,NA
42,clustered_42_rot150,clustered,landscape,1,NA,NA,pd,pd,11300,NA
43,labyrinth_43,labyrinth,landscape,1,NA,NA,pd,pd,7700,NA
44,labyrinth_44,labyrinth,landscape,1,NA,NA,pd,pd,7100,NA
45,clustered_45_rot177,clustered,landscape,1,NA,NA,pd,pd,1600,NA
46,random_46,random,landscape,1,NA,NA,pd,pd,59100,NA
47,random_47,random,landscape,1,NA,NA,pd,pd,67200,NA
48,labyrinth_48,labyrinth,landscape,1,NA,NA,pd,pd,8300,NA
49,labyrinth_49,labyrinth,landscape,1,NA,NA,pd,pd,13500,NA
50,random_50,random,landscape,1,NA,NA,pd,pd,9500,NA
51,random_51,random,landscape,1,NA,NA,pd,pd,70500,NA
52,random_52,random,landscape,1,NA,NA,pd,pd,65300,NA
53,labyrinth_53,labyrinth,landscape,1,NA,NA,pd,pd,9699.999999999996,NA
54,labyrinth_54,labyrinth,landscape,1,NA,NA,pd,pd,6900,NA
55,random_55,random,landscape,1,NA,NA,pd,pd,46700,NA
56,labyrinth_56,labyrinth,landscape,1,NA,NA,pd,pd,7400,NA
57,random_57,random,landscape,1,NA,NA,pd,pd,23200,NA
58,random_58,random,landscape,1,NA,NA,pd,pd,72700,NA
59,labyrinth_59,labyrinth,landscape,1,NA,NA,pd,pd,4200,NA
60,clustered_60_rot335,clustered,landscape,1,NA,NA,pd,pd,5899.999999999998,NA
61,clustered_61_rot151,clustered,landscape,1,NA,NA,pd,pd,9100,NA
62,clustered_62_rot88,clustered,landscape,1,NA,NA,pd,pd,1600,NA
63,random_63,random,landscape,1,NA,NA,pd,pd,69200,NA
64,labyrinth_64,labyrinth,landscape,1,NA,NA,pd,pd,7900,NA
65,random_65,random,landscape,1,NA,NA,pd,pd,73500,NA
66,clustered_66_rot224,clustered,landscape,1,NA,NA,pd,pd,4800,NA
67,labyrinth_67,labyrinth,landscape,1,NA,NA,pd,pd,6500,NA
68,labyrinth_68,labyrinth,landscape,1,NA,NA,pd,pd,8600,NA
69,clustered_69_rot78,clustered,landscape,1,NA,NA,pd,pd,1400,NA
70,clustered_70_rot170,clustered,landscape,1,NA,NA,pd,pd,1000,NA
71,labyrinth_71,labyrinth,landscape,1,NA,NA,pd,pd,5100,NA
72,random_72,random,landscape,1,NA,NA,pd,pd,11300,NA
73,clustered_73_rot156,clustered,landscape,1,NA,NA,pd,pd,6300,NA
74,clustered_74_rot348,clustered,landscape,1,NA,NA,pd,pd,6500,NA
75,random_75,random,landscape,1,NA,NA,pd,pd,74900,NA
76,random_76,random,landscape,1,NA,NA,pd,pd,47800,NA
77,labyrinth_77,labyrinth,landscape,1,NA,NA,pd,pd,12200,NA
78,random_78,random,landscape,1,NA,NA,pd,pd,8200,NA
79,clustered_79_rot79,clustered,landscape,1,NA,NA,pd,pd,2000,NA
80,labyrinth_80,labyrinth,landscape,1,NA,NA,pd,pd,6800,NA
81,random_81,random,landscape,1,NA,NA,pd,pd,14800,NA
82,clustered_82_rot20,clustered,landscape,1,NA,NA,pd,pd,2100,NA
83,random_83,random,landscape,1,NA,NA,pd,pd,11300,NA
84,random_84,random,landscape,1,NA,NA,pd,pd,9400,NA
85,labyrinth_85,labyrinth,landscape,1,NA,NA,pd,pd,10000,NA
86,clustered_86_rot6,clustered,landscape,1,NA,NA,pd,pd,2100,NA
87,labyrinth_87,labyrinth,landscape,1,NA,NA,pd,pd,9500,NA
88,labyrinth_88,labyrinth,landscape,1,NA,NA,pd,pd,7800,NA
89,labyrinth_89,labyrinth,landscape,1,NA,NA,pd,pd,5800,NA
90,random_90,random,landscape,1,NA,NA,pd,pd,75500,NA
91,clustered_91_rot72,clustered,landscape,1,NA,NA,pd,pd,1800,NA
92,random_92,random,landscape,1,NA,NA,pd,pd,42700,NA
93,clustered_93_rot150,clustered,landscape,1,NA,NA,pd,pd,13000,NA
94,random_94,random,landscape,1,NA,NA,pd,pd,14700,NA
95,labyrinth_95,labyrinth,landscape,1,NA,NA,pd,pd,11000,NA
96,labyrinth_96,labyrinth,landscape,1,NA,NA,pd,pd,6800,NA
97,clustered_97_rot105,clustered,landscape,1,NA,NA,pd,pd,2000,NA
98,labyrinth_98,labyrinth,landscape,1,NA,NA,pd,pd,6900,NA
99,labyrinth_99,labyrinth,landscape,1,NA,NA,pd,pd,5900,NA
100,clustered_100_rot83,clustered,landscape,1,NA,NA,pd,pd,1600,NA
1,random_1,random,landscape,1,NA,NA,pladj,pladj,63.695,NA
2,random_2,random,landscape,1,NA,NA,pladj,pladj,62.339999999999996,NA
3,clustered_3_rot150,clustered,landscape,1,NA,NA,pladj,pladj,96.73,NA
4,random_4,random,landscape,1,NA,NA,pladj,pladj,49.84,NA
5,clustered_5_rot91,clustered,landscape,1,NA,NA,pladj,pladj,92.915,NA
6,labyrinth_6,labyrinth,landscape,1,NA,NA,pladj,pladj,93.62,NA
7,clustered_7_rot125,clustered,landscape,1,NA,NA,pladj,pladj,95.61500000000001,NA
8,labyrinth_8,labyrinth,landscape,1,NA,NA,pladj,pladj,92.80000000000001,NA
9,clustered_9_rot272,clustered,landscape,1,NA,NA,pladj,pladj,93.7,NA
10,random_10,random,landscape,1,NA,NA,pladj,pladj,49.57,NA
11,labyrinth_11,labyrinth,landscape,1,NA,NA,pladj,pladj,94.44500000000001,NA
12,clustered_12_rot17,clustered,landscape,1,NA,NA,pladj,pladj,92.425,NA
13,clustered_13_rot286,clustered,landscape,1,NA,NA,pladj,pladj,96.03,NA
14,random_14,random,landscape,1,NA,NA,pladj,pladj,52.955,NA
15,random_15,random,landscape,1,NA,NA,pladj,pladj,53.654999999999994,NA
16,labyrinth_16,labyrinth,landscape,1,NA,NA,pladj,pladj,90.53,NA
17,random_17,random,landscape,1,NA,NA,pladj,pladj,56.10000000000001,NA
18,labyrinth_18,labyrinth,landscape,1,NA,NA,pladj,pladj,94.67999999999999,NA
19,clustered_19_rot254,clustered,landscape,1,NA,NA,pladj,pladj,97.37,NA
20,random_20,random,landscape,1,NA,NA,pladj,pladj,76.86,NA
21,clustered_21_rot190,clustered,landscape,1,NA,NA,pladj,pladj,94.855,NA
22,clustered_22_rot218,clustered,landscape,1,NA,NA,pladj,pladj,96.015,NA
23,clustered_23_rot3,clustered,landscape,1,NA,NA,pladj,pladj,90.55,NA
24,clustered_24_rot31,clustered,landscape,1,NA,NA,pladj,pladj,96.145,NA
25,random_25,random,landscape,1,NA,NA,pladj,pladj,61.365,NA
26,random_26,random,landscape,1,NA,NA,pladj,pladj,64.1,NA
27,labyrinth_27,labyrinth,landscape,1,NA,NA,pladj,pladj,91.88,NA
28,clustered_28_rot276,clustered,landscape,1,NA,NA,pladj,pladj,95.655,NA
29,clustered_29_rot188,clustered,landscape,1,NA,NA,pladj,pladj,95.16,NA
30,clustered_30_rot52,clustered,landscape,1,NA,NA,pladj,pladj,97.03,NA
31,random_31,random,landscape,1,NA,NA,pladj,pladj,79.05499999999999,NA
32,random_32,random,landscape,1,NA,NA,pladj,pladj,50.324999999999996,NA
33,labyrinth_33,labyrinth,landscape,1,NA,NA,pladj,pladj,91.4,NA
34,labyrinth_34,labyrinth,landscape,1,NA,NA,pladj,pladj,92.05,NA
35,clustered_35_rot173,clustered,landscape,1,NA,NA,pladj,pladj,94.67999999999999,NA
36,labyrinth_36,labyrinth,landscape,1,NA,NA,pladj,pladj,94.44500000000001,NA
37,labyrinth_37,labyrinth,landscape,1,NA,NA,pladj,pladj,92.015,NA
38,labyrinth_38,labyrinth,landscape,1,NA,NA,pladj,pladj,91.55499999999999,NA
39,labyrinth_39,labyrinth,landscape,1,NA,NA,pladj,pladj,91.705,NA
40,clustered_40_rot22,clustered,landscape,1,NA,NA,pladj,pladj,96.14,NA
41,random_41,random,landscape,1,NA,NA,pladj,pladj,64.685,NA
42,clustered_42_rot150,clustered,landscape,1,NA,NA,pladj,pladj,89.615,NA
43,labyrinth_43,labyrinth,landscape,1,NA,NA,pladj,pladj,92.66499999999999,NA
44,labyrinth_44,labyrinth,landscape,1,NA,NA,pladj,pladj,94.05,NA
45,clustered_45_rot177,clustered,landscape,1,NA,NA,pladj,pladj,96.095,NA
46,random_46,random,landscape,1,NA,NA,pladj,pladj,59.675,NA
47,random_47,random,landscape,1,NA,NA,pladj,pladj,62.785000000000004,NA
48,labyrinth_48,labyrinth,landscape,1,NA,NA,pladj,pladj,90.325,NA
49,labyrinth_49,labyrinth,landscape,1,NA,NA,pladj,pladj,89.09,NA
50,random_50,random,landscape,1,NA,NA,pladj,pladj,49.86,NA
51,random_51,random,landscape,1,NA,NA,pladj,pladj,78.215,NA
52,random_52,random,landscape,1,NA,NA,pladj,pladj,62.41,NA
53,labyrinth_53,labyrinth,landscape,1,NA,NA,pladj,pladj,91.435,NA
54,labyrinth_54,labyrinth,landscape,1,NA,NA,pladj,pladj,92.305,NA
55,random_55,random,landscape,1,NA,NA,pladj,pladj,56.725,NA
56,labyrinth_56,labyrinth,landscape,1,NA,NA,pladj,pladj,93.625,NA
57,random_57,random,landscape,1,NA,NA,pladj,pladj,51.845,NA
58,random_58,random,landscape,1,NA,NA,pladj,pladj,65.51,NA
59,labyrinth_59,labyrinth,landscape,1,NA,NA,pladj,pladj,93.695,NA
60,clustered_60_rot335,clustered,landscape,1,NA,NA,pladj,pladj,92.655,NA
61,clustered_61_rot151,clustered,landscape,1,NA,NA,pladj,pladj,91.965,NA
62,clustered_62_rot88,clustered,landscape,1,NA,NA,pladj,pladj,96.685,NA
63,random_63,random,landscape,1,NA,NA,pladj,pladj,62.78,NA
64,labyrinth_64,labyrinth,landscape,1,NA,NA,pladj,pladj,92.03,NA
65,random_65,random,landscape,1,NA,NA,pladj,pladj,67.69500000000001,NA
66,clustered_66_rot224,clustered,landscape,1,NA,NA,pladj,pladj,93.035,NA
67,labyrinth_67,labyrinth,landscape,1,NA,NA,pladj,pladj,94.67999999999999,NA
68,labyrinth_68,labyrinth,landscape,1,NA,NA,pladj,pladj,92.15,NA
69,clustered_69_rot78,clustered,landscape,1,NA,NA,pladj,pladj,96.485,NA
70,clustered_70_rot170,clustered,landscape,1,NA,NA,pladj,pladj,97.3,NA
71,labyrinth_71,labyrinth,landscape,1,NA,NA,pladj,pladj,95.035,NA
72,random_72,random,landscape,1,NA,NA,pladj,pladj,49.535000000000004,NA
73,clustered_73_rot156,clustered,landscape,1,NA,NA,pladj,pladj,92.60000000000001,NA
74,clustered_74_rot348,clustered,landscape,1,NA,NA,pladj,pladj,92.675,NA
75,random_75,random,landscape,1,NA,NA,pladj,pladj,67.82000000000001,NA
76,random_76,random,landscape,1,NA,NA,pladj,pladj,56.625,NA
77,labyrinth_77,labyrinth,landscape,1,NA,NA,pladj,pladj,88.9,NA
78,random_78,random,landscape,1,NA,NA,pladj,pladj,48.92,NA
79,clustered_79_rot79,clustered,landscape,1,NA,NA,pladj,pladj,95.67,NA
80,labyrinth_80,labyrinth,landscape,1,NA,NA,pladj,pladj,93.42,NA
81,random_81,random,landscape,1,NA,NA,pladj,pladj,50.39,NA
82,clustered_82_rot20,clustered,landscape,1,NA,NA,pladj,pladj,95.58,NA
83,random_83,random,landscape,1,NA,NA,pladj,pladj,49.46,NA
84,random_84,random,landscape,1,NA,NA,pladj,pladj,49.475,NA
85,labyrinth_85,labyrinth,landscape,1,NA,NA,pladj,pladj,88.86,NA
86,clustered_86_rot6,clustered,landscape,1,NA,NA,pladj,pladj,96.44,NA
87,labyrinth_87,labyrinth,landscape,1,NA,NA,pladj,pladj,90.945,NA
88,labyrinth_88,labyrinth,landscape,1,NA,NA,pladj,pladj,92.61,NA
89,labyrinth_89,labyrinth,landscape,1,NA,NA,pladj,pladj,93.34,NA
90,random_90,random,landscape,1,NA,NA,pladj,pladj,70.44,NA
91,clustered_91_rot72,clustered,landscape,1,NA,NA,pladj,pladj,95.80499999999999,NA
92,random_92,random,landscape,1,NA,NA,pladj,pladj,56.364999999999995,NA
93,clustered_93_rot150,clustered,landscape,1,NA,NA,pladj,pladj,88.145,NA
94,random_94,random,landscape,1,NA,NA,pladj,pladj,51.214999999999996,NA
95,labyrinth_95,labyrinth,landscape,1,NA,NA,pladj,pladj,88.98,NA
96,labyrinth_96,labyrinth,landscape,1,NA,NA,pladj,pladj,92.845,NA
97,clustered_97_rot105,clustered,landscape,1,NA,NA,pladj,pladj,96.31,NA
98,labyrinth_98,labyrinth,landscape,1,NA,NA,pladj,pladj,93.52000000000001,NA
99,labyrinth_99,labyrinth,landscape,1,NA,NA,pladj,pladj,94.63000000000001,NA
100,clustered_100_rot83,clustered,landscape,1,NA,NA,pladj,pladj,96.56,NA
1,random_1,random,landscape,1,NA,NA,pr,pr,2,NA
2,random_2,random,landscape,1,NA,NA,pr,pr,2,NA
3,clustered_3_rot150,clustered,landscape,1,NA,NA,pr,pr,2,NA
4,random_4,random,landscape,1,NA,NA,pr,pr,2,NA
5,clustered_5_rot91,clustered,landscape,1,NA,NA,pr,pr,2,NA
6,labyrinth_6,labyrinth,landscape,1,NA,NA,pr,pr,2,NA
7,clustered_7_rot125,clustered,landscape,1,NA,NA,pr,pr,2,NA
8,labyrinth_8,labyrinth,landscape,1,NA,NA,pr,pr,2,NA
9,clustered_9_rot272,clustered,landscape,1,NA,NA,pr,pr,2,NA
10,random_10,random,landscape,1,NA,NA,pr,pr,2,NA
11,labyrinth_11,labyrinth,landscape,1,NA,NA,pr,pr,2,NA
12,clustered_12_rot17,clustered,landscape,1,NA,NA,pr,pr,2,NA
13,clustered_13_rot286,clustered,landscape,1,NA,NA,pr,pr,2,NA
14,random_14,random,landscape,1,NA,NA,pr,pr,2,NA
15,random_15,random,landscape,1,NA,NA,pr,pr,2,NA
16,labyrinth_16,labyrinth,landscape,1,NA,NA,pr,pr,2,NA
17,random_17,random,landscape,1,NA,NA,pr,pr,2,NA
18,labyrinth_18,labyrinth,landscape,1,NA,NA,pr,pr,2,NA
19,clustered_19_rot254,clustered,landscape,1,NA,NA,pr,pr,2,NA
20,random_20,random,landscape,1,NA,NA,pr,pr,2,NA
21,clustered_21_rot190,clustered,landscape,1,NA,NA,pr,pr,2,NA
22,clustered_22_rot218,clustered,landscape,1,NA,NA,pr,pr,2,NA
23,clustered_23_rot3,clustered,landscape,1,NA,NA,pr,pr,2,NA
24,clustered_24_rot31,clustered,landscape,1,NA,NA,pr,pr,2,NA
25,random_25,random,landscape,1,NA,NA,pr,pr,2,NA
26,random_26,random,landscape,1,NA,NA,pr,pr,2,NA
27,labyrinth_27,labyrinth,landscape,1,NA,NA,pr,pr,2,NA
28,clustered_28_rot276,clustered,landscape,1,NA,NA,pr,pr,2,NA
29,clustered_29_rot188,clustered,landscape,1,NA,NA,pr,pr,2,NA
30,clustered_30_rot52,clustered,landscape,1,NA,NA,pr,pr,2,NA
31,random_31,random,landscape,1,NA,NA,pr,pr,2,NA
32,random_32,random,landscape,1,NA,NA,pr,pr,2,NA
33,labyrinth_33,labyrinth,landscape,1,NA,NA,pr,pr,2,NA
34,labyrinth_34,labyrinth,landscape,1,NA,NA,pr,pr,2,NA
35,clustered_35_rot173,clustered,landscape,1,NA,NA,pr,pr,2,NA
36,labyrinth_36,labyrinth,landscape,1,NA,NA,pr,pr,2,NA
37,labyrinth_37,labyrinth,landscape,1,NA,NA,pr,pr,2,NA
38,labyrinth_38,labyrinth,landscape,1,NA,NA,pr,pr,2,NA
39,labyrinth_39,labyrinth,landscape,1,NA,NA,pr,pr,2,NA
40,clustered_40_rot22,clustered,landscape,1,NA,NA,pr,pr,2,NA
41,random_41,random,landscape,1,NA,NA,pr,pr,2,NA
42,clustered_42_rot150,clustered,landscape,1,NA,NA,pr,pr,2,NA
43,labyrinth_43,labyrinth,landscape,1,NA,NA,pr,pr,2,NA
44,labyrinth_44,labyrinth,landscape,1,NA,NA,pr,pr,2,NA
45,clustered_45_rot177,clustered,landscape,1,NA,NA,pr,pr,2,NA
46,random_46,random,landscape,1,NA,NA,pr,pr,2,NA
47,random_47,random,landscape,1,NA,NA,pr,pr,2,NA
48,labyrinth_48,labyrinth,landscape,1,NA,NA,pr,pr,2,NA
49,labyrinth_49,labyrinth,landscape,1,NA,NA,pr,pr,2,NA
50,random_50,random,landscape,1,NA,NA,pr,pr,2,NA
51,random_51,random,landscape,1,NA,NA,pr,pr,2,NA
52,random_52,random,landscape,1,NA,NA,pr,pr,2,NA
53,labyrinth_53,labyrinth,landscape,1,NA,NA,pr,pr,2,NA
54,labyrinth_54,labyrinth,landscape,1,NA,NA,pr,pr,2,NA
55,random_55,random,landscape,1,NA,NA,pr,pr,2,NA
56,labyrinth_56,labyrinth,landscape,1,NA,NA,pr,pr,2,NA
57,random_57,random,landscape,1,NA,NA,pr,pr,2,NA
58,random_58,random,landscape,1,NA,NA,pr,pr,2,NA
59,labyrinth_59,labyrinth,landscape,1,NA,NA,pr,pr,2,NA
60,clustered_60_rot335,clustered,landscape,1,NA,NA,pr,pr,2,NA
61,clustered_61_rot151,clustered,landscape,1,NA,NA,pr,pr,2,NA
62,clustered_62_rot88,clustered,landscape,1,NA,NA,pr,pr,2,NA
63,random_63,random,landscape,1,NA,NA,pr,pr,2,NA
64,labyrinth_64,labyrinth,landscape,1,NA,NA,pr,pr,2,NA
65,random_65,random,landscape,1,NA,NA,pr,pr,2,NA
66,clustered_66_rot224,clustered,landscape,1,NA,NA,pr,pr,2,NA
67,labyrinth_67,labyrinth,landscape,1,NA,NA,pr,pr,2,NA
68,labyrinth_68,labyrinth,landscape,1,NA,NA,pr,pr,2,NA
69,clustered_69_rot78,clustered,landscape,1,NA,NA,pr,pr,2,NA
70,clustered_70_rot170,clustered,landscape,1,NA,NA,pr,pr,2,NA
71,labyrinth_71,labyrinth,landscape,1,NA,NA,pr,pr,2,NA
72,random_72,random,landscape,1,NA,NA,pr,pr,2,NA
73,clustered_73_rot156,clustered,landscape,1,NA,NA,pr,pr,2,NA
74,clustered_74_rot348,clustered,landscape,1,NA,NA,pr,pr,2,NA
75,random_75,random,landscape,1,NA,NA,pr,pr,2,NA
76,random_76,random,landscape,1,NA,NA,pr,pr,2,NA
77,labyrinth_77,labyrinth,landscape,1,NA,NA,pr,pr,2,NA
78,random_78,random,landscape,1,NA,NA,pr,pr,2,NA
79,clustered_79_rot79,clustered,landscape,1,NA,NA,pr,pr,2,NA
80,labyrinth_80,labyrinth,landscape,1,NA,NA,pr,pr,2,NA
81,random_81,random,landscape,1,NA,NA,pr,pr,2,NA
82,clustered_82_rot20,clustered,landscape,1,NA,NA,pr,pr,2,NA
83,random_83,random,landscape,1,NA,NA,pr,pr,2,NA
84,random_84,random,landscape,1,NA,NA,pr,pr,2,NA
85,labyrinth_85,labyrinth,landscape,1,NA,NA,pr,pr,2,NA
86,clustered_86_rot6,clustered,landscape,1,NA,NA,pr,pr,2,NA
87,labyrinth_87,labyrinth,landscape,1,NA,NA,pr,pr,2,NA
88,labyrinth_88,labyrinth,landscape,1,NA,NA,pr,pr,2,NA
89,labyrinth_89,labyrinth,landscape,1,NA,NA,pr,pr,2,NA
90,random_90,random,landscape,1,NA,NA,pr,pr,2,NA
91,clustered_91_rot72,clustered,landscape,1,NA,NA,pr,pr,2,NA
92,random_92,random,landscape,1,NA,NA,pr,pr,2,NA
93,clustered_93_rot150,clustered,landscape,1,NA,NA,pr,pr,2,NA
94,random_94,random,landscape,1,NA,NA,pr,pr,2,NA
95,labyrinth_95,labyrinth,landscape,1,NA,NA,pr,pr,2,NA
96,labyrinth_96,labyrinth,landscape,1,NA,NA,pr,pr,2,NA
97,clustered_97_rot105,clustered,landscape,1,NA,NA,pr,pr,2,NA
98,labyrinth_98,labyrinth,landscape,1,NA,NA,pr,pr,2,NA
99,labyrinth_99,labyrinth,landscape,1,NA,NA,pr,pr,2,NA
100,clustered_100_rot83,clustered,landscape,1,NA,NA,pr,pr,2,NA
1,random_1,random,landscape,1,NA,NA,prd,prd,200,NA
2,random_2,random,landscape,1,NA,NA,prd,prd,200,NA
3,clustered_3_rot150,clustered,landscape,1,NA,NA,prd,prd,200,NA
4,random_4,random,landscape,1,NA,NA,prd,prd,200,NA
5,clustered_5_rot91,clustered,landscape,1,NA,NA,prd,prd,200,NA
6,labyrinth_6,labyrinth,landscape,1,NA,NA,prd,prd,200,NA
7,clustered_7_rot125,clustered,landscape,1,NA,NA,prd,prd,200,NA
8,labyrinth_8,labyrinth,landscape,1,NA,NA,prd,prd,200,NA
9,clustered_9_rot272,clustered,landscape,1,NA,NA,prd,prd,200,NA
10,random_10,random,landscape,1,NA,NA,prd,prd,200,NA
11,labyrinth_11,labyrinth,landscape,1,NA,NA,prd,prd,200,NA
12,clustered_12_rot17,clustered,landscape,1,NA,NA,prd,prd,200,NA
13,clustered_13_rot286,clustered,landscape,1,NA,NA,prd,prd,200,NA
14,random_14,random,landscape,1,NA,NA,prd,prd,200,NA
15,random_15,random,landscape,1,NA,NA,prd,prd,200,NA
16,labyrinth_16,labyrinth,landscape,1,NA,NA,prd,prd,200,NA
17,random_17,random,landscape,1,NA,NA,prd,prd,200,NA
18,labyrinth_18,labyrinth,landscape,1,NA,NA,prd,prd,200,NA
19,clustered_19_rot254,clustered,landscape,1,NA,NA,prd,prd,200,NA
20,random_20,random,landscape,1,NA,NA,prd,prd,200,NA
21,clustered_21_rot190,clustered,landscape,1,NA,NA,prd,prd,200,NA
22,clustered_22_rot218,clustered,landscape,1,NA,NA,prd,prd,200,NA
23,clustered_23_rot3,clustered,landscape,1,NA,NA,prd,prd,200,NA
24,clustered_24_rot31,clustered,landscape,1,NA,NA,prd,prd,200,NA
25,random_25,random,landscape,1,NA,NA,prd,prd,200,NA
26,random_26,random,landscape,1,NA,NA,prd,prd,200,NA
27,labyrinth_27,labyrinth,landscape,1,NA,NA,prd,prd,200,NA
28,clustered_28_rot276,clustered,landscape,1,NA,NA,prd,prd,200,NA
29,clustered_29_rot188,clustered,landscape,1,NA,NA,prd,prd,200,NA
30,clustered_30_rot52,clustered,landscape,1,NA,NA,prd,prd,200,NA
31,random_31,random,landscape,1,NA,NA,prd,prd,200,NA
32,random_32,random,landscape,1,NA,NA,prd,prd,200,NA
33,labyrinth_33,labyrinth,landscape,1,NA,NA,prd,prd,200,NA
34,labyrinth_34,labyrinth,landscape,1,NA,NA,prd,prd,200,NA
35,clustered_35_rot173,clustered,landscape,1,NA,NA,prd,prd,200,NA
36,labyrinth_36,labyrinth,landscape,1,NA,NA,prd,prd,200,NA
37,labyrinth_37,labyrinth,landscape,1,NA,NA,prd,prd,200,NA
38,labyrinth_38,labyrinth,landscape,1,NA,NA,prd,prd,200,NA
39,labyrinth_39,labyrinth,landscape,1,NA,NA,prd,prd,200,NA
40,clustered_40_rot22,clustered,landscape,1,NA,NA,prd,prd,200,NA
41,random_41,random,landscape,1,NA,NA,prd,prd,200,NA
42,clustered_42_rot150,clustered,landscape,1,NA,NA,prd,prd,200,NA
43,labyrinth_43,labyrinth,landscape,1,NA,NA,prd,prd,200,NA
44,labyrinth_44,labyrinth,landscape,1,NA,NA,prd,prd,200,NA
45,clustered_45_rot177,clustered,landscape,1,NA,NA,prd,prd,200,NA
46,random_46,random,landscape,1,NA,NA,prd,prd,200,NA
47,random_47,random,landscape,1,NA,NA,prd,prd,200,NA
48,labyrinth_48,labyrinth,landscape,1,NA,NA,prd,prd,200,NA
49,labyrinth_49,labyrinth,landscape,1,NA,NA,prd,prd,200,NA
50,random_50,random,landscape,1,NA,NA,prd,prd,200,NA
51,random_51,random,landscape,1,NA,NA,prd,prd,200,NA
52,random_52,random,landscape,1,NA,NA,prd,prd,200,NA
53,labyrinth_53,labyrinth,landscape,1,NA,NA,prd,prd,199.99999999999994,NA
54,labyrinth_54,labyrinth,landscape,1,NA,NA,prd,prd,200,NA
55,random_55,random,landscape,1,NA,NA,prd,prd,200,NA
56,labyrinth_56,labyrinth,landscape,1,NA,NA,prd,prd,200,NA
57,random_57,random,landscape,1,NA,NA,prd,prd,200,NA
58,random_58,random,landscape,1,NA,NA,prd,prd,200,NA
59,labyrinth_59,labyrinth,landscape,1,NA,NA,prd,prd,200,NA
60,clustered_60_rot335,clustered,landscape,1,NA,NA,prd,prd,199.99999999999994,NA
61,clustered_61_rot151,clustered,landscape,1,NA,NA,prd,prd,200,NA
62,clustered_62_rot88,clustered,landscape,1,NA,NA,prd,prd,200,NA
63,random_63,random,landscape,1,NA,NA,prd,prd,200,NA
64,labyrinth_64,labyrinth,landscape,1,NA,NA,prd,prd,200,NA
65,random_65,random,landscape,1,NA,NA,prd,prd,200,NA
66,clustered_66_rot224,clustered,landscape,1,NA,NA,prd,prd,200,NA
67,labyrinth_67,labyrinth,landscape,1,NA,NA,prd,prd,200,NA
68,labyrinth_68,labyrinth,landscape,1,NA,NA,prd,prd,200,NA
69,clustered_69_rot78,clustered,landscape,1,NA,NA,prd,prd,200,NA
70,clustered_70_rot170,clustered,landscape,1,NA,NA,prd,prd,200,NA
71,labyrinth_71,labyrinth,landscape,1,NA,NA,prd,prd,200,NA
72,random_72,random,landscape,1,NA,NA,prd,prd,200,NA
73,clustered_73_rot156,clustered,landscape,1,NA,NA,prd,prd,200,NA
74,clustered_74_rot348,clustered,landscape,1,NA,NA,prd,prd,200,NA
75,random_75,random,landscape,1,NA,NA,prd,prd,200,NA
76,random_76,random,landscape,1,NA,NA,prd,prd,200,NA
77,labyrinth_77,labyrinth,landscape,1,NA,NA,prd,prd,200,NA
78,random_78,random,landscape,1,NA,NA,prd,prd,200,NA
79,clustered_79_rot79,clustered,landscape,1,NA,NA,prd,prd,200,NA
80,labyrinth_80,labyrinth,landscape,1,NA,NA,prd,prd,200,NA
81,random_81,random,landscape,1,NA,NA,prd,prd,200,NA
82,clustered_82_rot20,clustered,landscape,1,NA,NA,prd,prd,200,NA
83,random_83,random,landscape,1,NA,NA,prd,prd,200,NA
84,random_84,random,landscape,1,NA,NA,prd,prd,200,NA
85,labyrinth_85,labyrinth,landscape,1,NA,NA,prd,prd,200,NA
86,clustered_86_rot6,clustered,landscape,1,NA,NA,prd,prd,200,NA
87,labyrinth_87,labyrinth,landscape,1,NA,NA,prd,prd,200,NA
88,labyrinth_88,labyrinth,landscape,1,NA,NA,prd,prd,200,NA
89,labyrinth_89,labyrinth,landscape,1,NA,NA,prd,prd,200,NA
90,random_90,random,landscape,1,NA,NA,prd,prd,200,NA
91,clustered_91_rot72,clustered,landscape,1,NA,NA,prd,prd,200,NA
92,random_92,random,landscape,1,NA,NA,prd,prd,200,NA
93,clustered_93_rot150,clustered,landscape,1,NA,NA,prd,prd,200,NA
94,random_94,random,landscape,1,NA,NA,prd,prd,200,NA
95,labyrinth_95,labyrinth,landscape,1,NA,NA,prd,prd,200,NA
96,labyrinth_96,labyrinth,landscape,1,NA,NA,prd,prd,200,NA
97,clustered_97_rot105,clustered,landscape,1,NA,NA,prd,prd,200,NA
98,labyrinth_98,labyrinth,landscape,1,NA,NA,prd,prd,200,NA
99,labyrinth_99,labyrinth,landscape,1,NA,NA,prd,prd,200,NA
100,clustered_100_rot83,clustered,landscape,1,NA,NA,prd,prd,200,NA
1,random_1,random,landscape,1,NA,NA,relmutinf,relmutinf,7.82870399672235e-5,NA
2,random_2,random,landscape,1,NA,NA,relmutinf,relmutinf,8.372477777867788e-6,NA
3,clustered_3_rot150,clustered,landscape,1,NA,NA,relmutinf,relmutinf,0.8423878113851551,NA
4,random_4,random,landscape,1,NA,NA,relmutinf,relmutinf,3.403252061407995e-5,NA
5,clustered_5_rot91,clustered,landscape,1,NA,NA,relmutinf,relmutinf,0.6629646845201126,NA
6,labyrinth_6,labyrinth,landscape,1,NA,NA,relmutinf,relmutinf,0.6913915906773576,NA
7,clustered_7_rot125,clustered,landscape,1,NA,NA,relmutinf,relmutinf,0.7808168116616581,NA
8,labyrinth_8,labyrinth,landscape,1,NA,NA,relmutinf,relmutinf,0.6552808702197531,NA
9,clustered_9_rot272,clustered,landscape,1,NA,NA,relmutinf,relmutinf,0.6985661350595347,NA
10,random_10,random,landscape,1,NA,NA,relmutinf,relmutinf,8.480163371377064e-5,NA
11,labyrinth_11,labyrinth,landscape,1,NA,NA,relmutinf,relmutinf,0.7281264920340037,NA
12,clustered_12_rot17,clustered,landscape,1,NA,NA,relmutinf,relmutinf,0.6461037726132746,NA
13,clustered_13_rot286,clustered,landscape,1,NA,NA,relmutinf,relmutinf,0.8055916712459356,NA
14,random_14,random,landscape,1,NA,NA,relmutinf,relmutinf,1.2254303704071972e-7,NA
15,random_15,random,landscape,1,NA,NA,relmutinf,relmutinf,4.3842404773024345e-6,NA
16,labyrinth_16,labyrinth,landscape,1,NA,NA,relmutinf,relmutinf,0.5700318410983135,NA
17,random_17,random,landscape,1,NA,NA,relmutinf,relmutinf,5.624878373094432e-5,NA
18,labyrinth_18,labyrinth,landscape,1,NA,NA,relmutinf,relmutinf,0.7289314190801462,NA
19,clustered_19_rot254,clustered,landscape,1,NA,NA,relmutinf,relmutinf,0.8788918318054963,NA
20,random_20,random,landscape,1,NA,NA,relmutinf,relmutinf,2.5174013241882874e-5,NA
21,clustered_21_rot190,clustered,landscape,1,NA,NA,relmutinf,relmutinf,0.7468364547696317,NA
22,clustered_22_rot218,clustered,landscape,1,NA,NA,relmutinf,relmutinf,0.7974719865797166,NA
23,clustered_23_rot3,clustered,landscape,1,NA,NA,relmutinf,relmutinf,0.4620685176887485,NA
24,clustered_24_rot31,clustered,landscape,1,NA,NA,relmutinf,relmutinf,0.8046023454013376,NA
25,random_25,random,landscape,1,NA,NA,relmutinf,relmutinf,1.6128799158594215e-5,NA
26,random_26,random,landscape,1,NA,NA,relmutinf,relmutinf,4.07389145391781e-6,NA
27,labyrinth_27,labyrinth,landscape,1,NA,NA,relmutinf,relmutinf,0.6240264916573206,NA
28,clustered_28_rot276,clustered,landscape,1,NA,NA,relmutinf,relmutinf,0.763559614341534,NA
29,clustered_29_rot188,clustered,landscape,1,NA,NA,relmutinf,relmutinf,0.7605581288362945,NA
30,clustered_30_rot52,clustered,landscape,1,NA,NA,relmutinf,relmutinf,0.8571573399131515,NA
31,random_31,random,landscape,1,NA,NA,relmutinf,relmutinf,1.102850844644176e-5,NA
32,random_32,random,landscape,1,NA,NA,relmutinf,relmutinf,2.541502732315171e-6,NA
33,labyrinth_33,labyrinth,landscape,1,NA,NA,relmutinf,relmutinf,0.6090890167824491,NA
34,labyrinth_34,labyrinth,landscape,1,NA,NA,relmutinf,relmutinf,0.6251623487162575,NA
35,clustered_35_rot173,clustered,landscape,1,NA,NA,relmutinf,relmutinf,0.7411501327018029,NA
36,labyrinth_36,labyrinth,landscape,1,NA,NA,relmutinf,relmutinf,0.7305374291777819,NA
37,labyrinth_37,labyrinth,landscape,1,NA,NA,relmutinf,relmutinf,0.6286949957570593,NA
38,labyrinth_38,labyrinth,landscape,1,NA,NA,relmutinf,relmutinf,0.6143261226259847,NA
39,labyrinth_39,labyrinth,landscape,1,NA,NA,relmutinf,relmutinf,0.620462641744147,NA
40,clustered_40_rot22,clustered,landscape,1,NA,NA,relmutinf,relmutinf,0.8083069869856996,NA
41,random_41,random,landscape,1,NA,NA,relmutinf,relmutinf,3.963476928132298e-5,NA
42,clustered_42_rot150,clustered,landscape,1,NA,NA,relmutinf,relmutinf,0.5277472216579319,NA
43,labyrinth_43,labyrinth,landscape,1,NA,NA,relmutinf,relmutinf,0.6568945275260948,NA
44,labyrinth_44,labyrinth,landscape,1,NA,NA,relmutinf,relmutinf,0.7132739635020867,NA
45,clustered_45_rot177,clustered,landscape,1,NA,NA,relmutinf,relmutinf,0.8062203537075124,NA
46,random_46,random,landscape,1,NA,NA,relmutinf,relmutinf,2.3569259507806195e-5,NA
47,random_47,random,landscape,1,NA,NA,relmutinf,relmutinf,2.0071979754629943e-5,NA
48,labyrinth_48,labyrinth,landscape,1,NA,NA,relmutinf,relmutinf,0.5707842931267985,NA
49,labyrinth_49,labyrinth,landscape,1,NA,NA,relmutinf,relmutinf,0.5268524543318248,NA
50,random_50,random,landscape,1,NA,NA,relmutinf,relmutinf,2.8919688254342067e-5,NA
51,random_51,random,landscape,1,NA,NA,relmutinf,relmutinf,9.73052435325963e-6,NA
52,random_52,random,landscape,1,NA,NA,relmutinf,relmutinf,7.96916447514022e-8,NA
53,labyrinth_53,labyrinth,landscape,1,NA,NA,relmutinf,relmutinf,0.6098978909685447,NA
54,labyrinth_54,labyrinth,landscape,1,NA,NA,relmutinf,relmutinf,0.6397192297618522,NA
55,random_55,random,landscape,1,NA,NA,relmutinf,relmutinf,1.656724943335911e-5,NA
56,labyrinth_56,labyrinth,landscape,1,NA,NA,relmutinf,relmutinf,0.6954934081472857,NA
57,random_57,random,landscape,1,NA,NA,relmutinf,relmutinf,3.0320573917869013e-5,NA
58,random_58,random,landscape,1,NA,NA,relmutinf,relmutinf,1.868760093359344e-5,NA
59,labyrinth_59,labyrinth,landscape,1,NA,NA,relmutinf,relmutinf,0.6809740751351837,NA
60,clustered_60_rot335,clustered,landscape,1,NA,NA,relmutinf,relmutinf,0.6491154887514771,NA
61,clustered_61_rot151,clustered,landscape,1,NA,NA,relmutinf,relmutinf,0.5945730521963868,NA
62,clustered_62_rot88,clustered,landscape,1,NA,NA,relmutinf,relmutinf,0.8396145520191879,NA
63,random_63,random,landscape,1,NA,NA,relmutinf,relmutinf,5.535644288025118e-6,NA
64,labyrinth_64,labyrinth,landscape,1,NA,NA,relmutinf,relmutinf,0.6218373765467136,NA
65,random_65,random,landscape,1,NA,NA,relmutinf,relmutinf,2.4390926443654033e-5,NA
66,clustered_66_rot224,clustered,landscape,1,NA,NA,relmutinf,relmutinf,0.6697865383470972,NA
67,labyrinth_67,labyrinth,landscape,1,NA,NA,relmutinf,relmutinf,0.7403664681565947,NA
68,labyrinth_68,labyrinth,landscape,1,NA,NA,relmutinf,relmutinf,0.6354251728888548,NA
69,clustered_69_rot78,clustered,landscape,1,NA,NA,relmutinf,relmutinf,0.8214866284858675,NA
70,clustered_70_rot170,clustered,landscape,1,NA,NA,relmutinf,relmutinf,0.8736967928479787,NA
71,labyrinth_71,labyrinth,landscape,1,NA,NA,relmutinf,relmutinf,0.757306793475709,NA
72,random_72,random,landscape,1,NA,NA,relmutinf,relmutinf,2.162156950804864e-5,NA
73,clustered_73_rot156,clustered,landscape,1,NA,NA,relmutinf,relmutinf,0.5880173289887657,NA
74,clustered_74_rot348,clustered,landscape,1,NA,NA,relmutinf,relmutinf,0.5840549825168975,NA
75,random_75,random,landscape,1,NA,NA,relmutinf,relmutinf,5.0412162105244536e-5,NA
76,random_76,random,landscape,1,NA,NA,relmutinf,relmutinf,5.8437070961500656e-5,NA
77,labyrinth_77,labyrinth,landscape,1,NA,NA,relmutinf,relmutinf,0.5242255021950336,NA
78,random_78,random,landscape,1,NA,NA,relmutinf,relmutinf,1.0033811031234006e-4,NA
79,clustered_79_rot79,clustered,landscape,1,NA,NA,relmutinf,relmutinf,0.7876735023517032,NA
80,labyrinth_80,labyrinth,landscape,1,NA,NA,relmutinf,relmutinf,0.6563614136282562,NA
81,random_81,random,landscape,1,NA,NA,relmutinf,relmutinf,3.0912541324959316e-8,NA
82,clustered_82_rot20,clustered,landscape,1,NA,NA,relmutinf,relmutinf,0.7690169231984945,NA
83,random_83,random,landscape,1,NA,NA,relmutinf,relmutinf,1.6847434526890486e-5,NA
84,random_84,random,landscape,1,NA,NA,relmutinf,relmutinf,1.8453634596632868e-7,NA
85,labyrinth_85,labyrinth,landscape,1,NA,NA,relmutinf,relmutinf,0.504736847364526,NA
86,clustered_86_rot6,clustered,landscape,1,NA,NA,relmutinf,relmutinf,0.826821425699097,NA
87,labyrinth_87,labyrinth,landscape,1,NA,NA,relmutinf,relmutinf,0.5807779143214284,NA
88,labyrinth_88,labyrinth,landscape,1,NA,NA,relmutinf,relmutinf,0.6512804109961675,NA
89,labyrinth_89,labyrinth,landscape,1,NA,NA,relmutinf,relmutinf,0.6767310132511963,NA
90,random_90,random,landscape,1,NA,NA,relmutinf,relmutinf,1.106418737260915e-5,NA
91,clustered_91_rot72,clustered,landscape,1,NA,NA,relmutinf,relmutinf,0.7937836115192108,NA
92,random_92,random,landscape,1,NA,NA,relmutinf,relmutinf,2.761964168253646e-5,NA
93,clustered_93_rot150,clustered,landscape,1,NA,NA,relmutinf,relmutinf,0.4750507565477186,NA
94,random_94,random,landscape,1,NA,NA,relmutinf,relmutinf,4.788566240394585e-5,NA
95,labyrinth_95,labyrinth,landscape,1,NA,NA,relmutinf,relmutinf,0.5263072088240848,NA
96,labyrinth_96,labyrinth,landscape,1,NA,NA,relmutinf,relmutinf,0.651853052214179,NA
97,clustered_97_rot105,clustered,landscape,1,NA,NA,relmutinf,relmutinf,0.8063893885970128,NA
98,labyrinth_98,labyrinth,landscape,1,NA,NA,relmutinf,relmutinf,0.6842472281632546,NA
99,labyrinth_99,labyrinth,landscape,1,NA,NA,relmutinf,relmutinf,0.7061634264925304,NA
100,clustered_100_rot83,clustered,landscape,1,NA,NA,relmutinf,relmutinf,0.8253027353825484,NA
1,random_1,random,landscape,1,NA,NA,rpr,rpr,NA,No maximum number of classes provided: RPR = NA
2,random_2,random,landscape,1,NA,NA,rpr,rpr,NA,No maximum number of classes provided: RPR = NA
3,clustered_3_rot150,clustered,landscape,1,NA,NA,rpr,rpr,NA,No maximum number of classes provided: RPR = NA
4,random_4,random,landscape,1,NA,NA,rpr,rpr,NA,No maximum number of classes provided: RPR = NA
5,clustered_5_rot91,clustered,landscape,1,NA,NA,rpr,rpr,NA,No maximum number of classes provided: RPR = NA
6,labyrinth_6,labyrinth,landscape,1,NA,NA,rpr,rpr,NA,No maximum number of classes provided: RPR = NA
7,clustered_7_rot125,clustered,landscape,1,NA,NA,rpr,rpr,NA,No maximum number of classes provided: RPR = NA
8,labyrinth_8,labyrinth,landscape,1,NA,NA,rpr,rpr,NA,No maximum number of classes provided: RPR = NA
9,clustered_9_rot272,clustered,landscape,1,NA,NA,rpr,rpr,NA,No maximum number of classes provided: RPR = NA
10,random_10,random,landscape,1,NA,NA,rpr,rpr,NA,No maximum number of classes provided: RPR = NA
11,labyrinth_11,labyrinth,landscape,1,NA,NA,rpr,rpr,NA,No maximum number of classes provided: RPR = NA
12,clustered_12_rot17,clustered,landscape,1,NA,NA,rpr,rpr,NA,No maximum number of classes provided: RPR = NA
13,clustered_13_rot286,clustered,landscape,1,NA,NA,rpr,rpr,NA,No maximum number of classes provided: RPR = NA
14,random_14,random,landscape,1,NA,NA,rpr,rpr,NA,No maximum number of classes provided: RPR = NA
15,random_15,random,landscape,1,NA,NA,rpr,rpr,NA,No maximum number of classes provided: RPR = NA
16,labyrinth_16,labyrinth,landscape,1,NA,NA,rpr,rpr,NA,No maximum number of classes provided: RPR = NA
17,random_17,random,landscape,1,NA,NA,rpr,rpr,NA,No maximum number of classes provided: RPR = NA
18,labyrinth_18,labyrinth,landscape,1,NA,NA,rpr,rpr,NA,No maximum number of classes provided: RPR = NA
19,clustered_19_rot254,clustered,landscape,1,NA,NA,rpr,rpr,NA,No maximum number of classes provided: RPR = NA
20,random_20,random,landscape,1,NA,NA,rpr,rpr,NA,No maximum number of classes provided: RPR = NA
21,clustered_21_rot190,clustered,landscape,1,NA,NA,rpr,rpr,NA,No maximum number of classes provided: RPR = NA
22,clustered_22_rot218,clustered,landscape,1,NA,NA,rpr,rpr,NA,No maximum number of classes provided: RPR = NA
23,clustered_23_rot3,clustered,landscape,1,NA,NA,rpr,rpr,NA,No maximum number of classes provided: RPR = NA
24,clustered_24_rot31,clustered,landscape,1,NA,NA,rpr,rpr,NA,No maximum number of classes provided: RPR = NA
25,random_25,random,landscape,1,NA,NA,rpr,rpr,NA,No maximum number of classes provided: RPR = NA
26,random_26,random,landscape,1,NA,NA,rpr,rpr,NA,No maximum number of classes provided: RPR = NA
27,labyrinth_27,labyrinth,landscape,1,NA,NA,rpr,rpr,NA,No maximum number of classes provided: RPR = NA
28,clustered_28_rot276,clustered,landscape,1,NA,NA,rpr,rpr,NA,No maximum number of classes provided: RPR = NA
29,clustered_29_rot188,clustered,landscape,1,NA,NA,rpr,rpr,NA,No maximum number of classes provided: RPR = NA
30,clustered_30_rot52,clustered,landscape,1,NA,NA,rpr,rpr,NA,No maximum number of classes provided: RPR = NA
31,random_31,random,landscape,1,NA,NA,rpr,rpr,NA,No maximum number of classes provided: RPR = NA
32,random_32,random,landscape,1,NA,NA,rpr,rpr,NA,No maximum number of classes provided: RPR = NA
33,labyrinth_33,labyrinth,landscape,1,NA,NA,rpr,rpr,NA,No maximum number of classes provided: RPR = NA
34,labyrinth_34,labyrinth,landscape,1,NA,NA,rpr,rpr,NA,No maximum number of classes provided: RPR = NA
35,clustered_35_rot173,clustered,landscape,1,NA,NA,rpr,rpr,NA,No maximum number of classes provided: RPR = NA
36,labyrinth_36,labyrinth,landscape,1,NA,NA,rpr,rpr,NA,No maximum number of classes provided: RPR = NA
37,labyrinth_37,labyrinth,landscape,1,NA,NA,rpr,rpr,NA,No maximum number of classes provided: RPR = NA
38,labyrinth_38,labyrinth,landscape,1,NA,NA,rpr,rpr,NA,No maximum number of classes provided: RPR = NA
39,labyrinth_39,labyrinth,landscape,1,NA,NA,rpr,rpr,NA,No maximum number of classes provided: RPR = NA
40,clustered_40_rot22,clustered,landscape,1,NA,NA,rpr,rpr,NA,No maximum number of classes provided: RPR = NA
41,random_41,random,landscape,1,NA,NA,rpr,rpr,NA,No maximum number of classes provided: RPR = NA
42,clustered_42_rot150,clustered,landscape,1,NA,NA,rpr,rpr,NA,No maximum number of classes provided: RPR = NA
43,labyrinth_43,labyrinth,landscape,1,NA,NA,rpr,rpr,NA,No maximum number of classes provided: RPR = NA
44,labyrinth_44,labyrinth,landscape,1,NA,NA,rpr,rpr,NA,No maximum number of classes provided: RPR = NA
45,clustered_45_rot177,clustered,landscape,1,NA,NA,rpr,rpr,NA,No maximum number of classes provided: RPR = NA
46,random_46,random,landscape,1,NA,NA,rpr,rpr,NA,No maximum number of classes provided: RPR = NA
47,random_47,random,landscape,1,NA,NA,rpr,rpr,NA,No maximum number of classes provided: RPR = NA
48,labyrinth_48,labyrinth,landscape,1,NA,NA,rpr,rpr,NA,No maximum number of classes provided: RPR = NA
49,labyrinth_49,labyrinth,landscape,1,NA,NA,rpr,rpr,NA,No maximum number of classes provided: RPR = NA
50,random_50,random,landscape,1,NA,NA,rpr,rpr,NA,No maximum number of classes provided: RPR = NA
51,random_51,random,landscape,1,NA,NA,rpr,rpr,NA,No maximum number of classes provided: RPR = NA
52,random_52,random,landscape,1,NA,NA,rpr,rpr,NA,No maximum number of classes provided: RPR = NA
53,labyrinth_53,labyrinth,landscape,1,NA,NA,rpr,rpr,NA,No maximum number of classes provided: RPR = NA
54,labyrinth_54,labyrinth,landscape,1,NA,NA,rpr,rpr,NA,No maximum number of classes provided: RPR = NA
55,random_55,random,landscape,1,NA,NA,rpr,rpr,NA,No maximum number of classes provided: RPR = NA
56,labyrinth_56,labyrinth,landscape,1,NA,NA,rpr,rpr,NA,No maximum number of classes provided: RPR = NA
57,random_57,random,landscape,1,NA,NA,rpr,rpr,NA,No maximum number of classes provided: RPR = NA
58,random_58,random,landscape,1,NA,NA,rpr,rpr,NA,No maximum number of classes provided: RPR = NA
59,labyrinth_59,labyrinth,landscape,1,NA,NA,rpr,rpr,NA,No maximum number of classes provided: RPR = NA
60,clustered_60_rot335,clustered,landscape,1,NA,NA,rpr,rpr,NA,No maximum number of classes provided: RPR = NA
61,clustered_61_rot151,clustered,landscape,1,NA,NA,rpr,rpr,NA,No maximum number of classes provided: RPR = NA
62,clustered_62_rot88,clustered,landscape,1,NA,NA,rpr,rpr,NA,No maximum number of classes provided: RPR = NA
63,random_63,random,landscape,1,NA,NA,rpr,rpr,NA,No maximum number of classes provided: RPR = NA
64,labyrinth_64,labyrinth,landscape,1,NA,NA,rpr,rpr,NA,No maximum number of classes provided: RPR = NA
65,random_65,random,landscape,1,NA,NA,rpr,rpr,NA,No maximum number of classes provided: RPR = NA
66,clustered_66_rot224,clustered,landscape,1,NA,NA,rpr,rpr,NA,No maximum number of classes provided: RPR = NA
67,labyrinth_67,labyrinth,landscape,1,NA,NA,rpr,rpr,NA,No maximum number of classes provided: RPR = NA
68,labyrinth_68,labyrinth,landscape,1,NA,NA,rpr,rpr,NA,No maximum number of classes provided: RPR = NA
69,clustered_69_rot78,clustered,landscape,1,NA,NA,rpr,rpr,NA,No maximum number of classes provided: RPR = NA
70,clustered_70_rot170,clustered,landscape,1,NA,NA,rpr,rpr,NA,No maximum number of classes provided: RPR = NA
71,labyrinth_71,labyrinth,landscape,1,NA,NA,rpr,rpr,NA,No maximum number of classes provided: RPR = NA
72,random_72,random,landscape,1,NA,NA,rpr,rpr,NA,No maximum number of classes provided: RPR = NA
73,clustered_73_rot156,clustered,landscape,1,NA,NA,rpr,rpr,NA,No maximum number of classes provided: RPR = NA
74,clustered_74_rot348,clustered,landscape,1,NA,NA,rpr,rpr,NA,No maximum number of classes provided: RPR = NA
75,random_75,random,landscape,1,NA,NA,rpr,rpr,NA,No maximum number of classes provided: RPR = NA
76,random_76,random,landscape,1,NA,NA,rpr,rpr,NA,No maximum number of classes provided: RPR = NA
77,labyrinth_77,labyrinth,landscape,1,NA,NA,rpr,rpr,NA,No maximum number of classes provided: RPR = NA
78,random_78,random,landscape,1,NA,NA,rpr,rpr,NA,No maximum number of classes provided: RPR = NA
79,clustered_79_rot79,clustered,landscape,1,NA,NA,rpr,rpr,NA,No maximum number of classes provided: RPR = NA
80,labyrinth_80,labyrinth,landscape,1,NA,NA,rpr,rpr,NA,No maximum number of classes provided: RPR = NA
81,random_81,random,landscape,1,NA,NA,rpr,rpr,NA,No maximum number of classes provided: RPR = NA
82,clustered_82_rot20,clustered,landscape,1,NA,NA,rpr,rpr,NA,No maximum number of classes provided: RPR = NA
83,random_83,random,landscape,1,NA,NA,rpr,rpr,NA,No maximum number of classes provided: RPR = NA
84,random_84,random,landscape,1,NA,NA,rpr,rpr,NA,No maximum number of classes provided: RPR = NA
85,labyrinth_85,labyrinth,landscape,1,NA,NA,rpr,rpr,NA,No maximum number of classes provided: RPR = NA
86,clustered_86_rot6,clustered,landscape,1,NA,NA,rpr,rpr,NA,No maximum number of classes provided: RPR = NA
87,labyrinth_87,labyrinth,landscape,1,NA,NA,rpr,rpr,NA,No maximum number of classes provided: RPR = NA
88,labyrinth_88,labyrinth,landscape,1,NA,NA,rpr,rpr,NA,No maximum number of classes provided: RPR = NA
89,labyrinth_89,labyrinth,landscape,1,NA,NA,rpr,rpr,NA,No maximum number of classes provided: RPR = NA
90,random_90,random,landscape,1,NA,NA,rpr,rpr,NA,No maximum number of classes provided: RPR = NA
91,clustered_91_rot72,clustered,landscape,1,NA,NA,rpr,rpr,NA,No maximum number of classes provided: RPR = NA
92,random_92,random,landscape,1,NA,NA,rpr,rpr,NA,No maximum number of classes provided: RPR = NA
93,clustered_93_rot150,clustered,landscape,1,NA,NA,rpr,rpr,NA,No maximum number of classes provided: RPR = NA
94,random_94,random,landscape,1,NA,NA,rpr,rpr,NA,No maximum number of classes provided: RPR = NA
95,labyrinth_95,labyrinth,landscape,1,NA,NA,rpr,rpr,NA,No maximum number of classes provided: RPR = NA
96,labyrinth_96,labyrinth,landscape,1,NA,NA,rpr,rpr,NA,No maximum number of classes provided: RPR = NA
97,clustered_97_rot105,clustered,landscape,1,NA,NA,rpr,rpr,NA,No maximum number of classes provided: RPR = NA
98,labyrinth_98,labyrinth,landscape,1,NA,NA,rpr,rpr,NA,No maximum number of classes provided: RPR = NA
99,labyrinth_99,labyrinth,landscape,1,NA,NA,rpr,rpr,NA,No maximum number of classes provided: RPR = NA
100,clustered_100_rot83,clustered,landscape,1,NA,NA,rpr,rpr,NA,No maximum number of classes provided: RPR = NA
1,random_1,random,landscape,1,NA,NA,shape_cv,shape_cv,66.76930500580737,NA
2,random_2,random,landscape,1,NA,NA,shape_cv,shape_cv,68.0435057663597,NA
3,clustered_3_rot150,clustered,landscape,1,NA,NA,shape_cv,shape_cv,32.117900454331064,NA
4,random_4,random,landscape,1,NA,NA,shape_cv,shape_cv,265.72471222261504,NA
5,clustered_5_rot91,clustered,landscape,1,NA,NA,shape_cv,shape_cv,73.13843856323555,NA
6,labyrinth_6,labyrinth,landscape,1,NA,NA,shape_cv,shape_cv,39.640874087163766,NA
7,clustered_7_rot125,clustered,landscape,1,NA,NA,shape_cv,shape_cv,51.71192717873304,NA
8,labyrinth_8,labyrinth,landscape,1,NA,NA,shape_cv,shape_cv,39.874406865809156,NA
9,clustered_9_rot272,clustered,landscape,1,NA,NA,shape_cv,shape_cv,46.339655764656094,NA
10,random_10,random,landscape,1,NA,NA,shape_cv,shape_cv,222.8720781703224,NA
11,labyrinth_11,labyrinth,landscape,1,NA,NA,shape_cv,shape_cv,39.22050121664117,NA
12,clustered_12_rot17,clustered,landscape,1,NA,NA,shape_cv,shape_cv,72.99976315094851,NA
13,clustered_13_rot286,clustered,landscape,1,NA,NA,shape_cv,shape_cv,52.540305819243784,NA
14,random_14,random,landscape,1,NA,NA,shape_cv,shape_cv,124.87827579679347,NA
15,random_15,random,landscape,1,NA,NA,shape_cv,shape_cv,110.54176784969331,NA
16,labyrinth_16,labyrinth,landscape,1,NA,NA,shape_cv,shape_cv,48.96742556735924,NA
17,random_17,random,landscape,1,NA,NA,shape_cv,shape_cv,97.70450315914479,NA
18,labyrinth_18,labyrinth,landscape,1,NA,NA,shape_cv,shape_cv,32.410630798620154,NA
19,clustered_19_rot254,clustered,landscape,1,NA,NA,shape_cv,shape_cv,20.749310949702824,NA
20,random_20,random,landscape,1,NA,NA,shape_cv,shape_cv,43.69773080274121,NA
21,clustered_21_rot190,clustered,landscape,1,NA,NA,shape_cv,shape_cv,59.35693582383501,NA
22,clustered_22_rot218,clustered,landscape,1,NA,NA,shape_cv,shape_cv,42.10715395060278,NA
23,clustered_23_rot3,clustered,landscape,1,NA,NA,shape_cv,shape_cv,61.28494933391987,NA
24,clustered_24_rot31,clustered,landscape,1,NA,NA,shape_cv,shape_cv,34.55328143855226,NA
25,random_25,random,landscape,1,NA,NA,shape_cv,shape_cv,72.51427673821732,NA
26,random_26,random,landscape,1,NA,NA,shape_cv,shape_cv,65.03758204653042,NA
27,labyrinth_27,labyrinth,landscape,1,NA,NA,shape_cv,shape_cv,42.75551285027249,NA
28,clustered_28_rot276,clustered,landscape,1,NA,NA,shape_cv,shape_cv,56.33972982320136,NA
29,clustered_29_rot188,clustered,landscape,1,NA,NA,shape_cv,shape_cv,59.38844650526508,NA
30,clustered_30_rot52,clustered,landscape,1,NA,NA,shape_cv,shape_cv,24.281977799381306,NA
31,random_31,random,landscape,1,NA,NA,shape_cv,shape_cv,40.25607983387128,NA
32,random_32,random,landscape,1,NA,NA,shape_cv,shape_cv,231.7890520466586,NA
33,labyrinth_33,labyrinth,landscape,1,NA,NA,shape_cv,shape_cv,45.333901135130525,NA
34,labyrinth_34,labyrinth,landscape,1,NA,NA,shape_cv,shape_cv,48.07220865465125,NA
35,clustered_35_rot173,clustered,landscape,1,NA,NA,shape_cv,shape_cv,64.50162628601991,NA
36,labyrinth_36,labyrinth,landscape,1,NA,NA,shape_cv,shape_cv,34.265014639036465,NA
37,labyrinth_37,labyrinth,landscape,1,NA,NA,shape_cv,shape_cv,43.2612454631412,NA
38,labyrinth_38,labyrinth,landscape,1,NA,NA,shape_cv,shape_cv,45.249025178055,NA
39,labyrinth_39,labyrinth,landscape,1,NA,NA,shape_cv,shape_cv,42.9724755050403,NA
40,clustered_40_rot22,clustered,landscape,1,NA,NA,shape_cv,shape_cv,42.40346377882139,NA
41,random_41,random,landscape,1,NA,NA,shape_cv,shape_cv,65.43257026881459,NA
42,clustered_42_rot150,clustered,landscape,1,NA,NA,shape_cv,shape_cv,57.13043277170561,NA
43,labyrinth_43,labyrinth,landscape,1,NA,NA,shape_cv,shape_cv,41.33235819039257,NA
44,labyrinth_44,labyrinth,landscape,1,NA,NA,shape_cv,shape_cv,34.7822624837492,NA
45,clustered_45_rot177,clustered,landscape,1,NA,NA,shape_cv,shape_cv,48.52741788677179,NA
46,random_46,random,landscape,1,NA,NA,shape_cv,shape_cv,76.77707142519868,NA
47,random_47,random,landscape,1,NA,NA,shape_cv,shape_cv,68.53221824788727,NA
48,labyrinth_48,labyrinth,landscape,1,NA,NA,shape_cv,shape_cv,52.311628994784506,NA
49,labyrinth_49,labyrinth,landscape,1,NA,NA,shape_cv,shape_cv,50.73774051749733,NA
50,random_50,random,landscape,1,NA,NA,shape_cv,shape_cv,251.29943618006246,NA
51,random_51,random,landscape,1,NA,NA,shape_cv,shape_cv,41.97695938626418,NA
52,random_52,random,landscape,1,NA,NA,shape_cv,shape_cv,69.11892145992323,NA
53,labyrinth_53,labyrinth,landscape,1,NA,NA,shape_cv,shape_cv,45.041639185895505,NA
54,labyrinth_54,labyrinth,landscape,1,NA,NA,shape_cv,shape_cv,41.62424572962324,NA
55,random_55,random,landscape,1,NA,NA,shape_cv,shape_cv,89.24781544356442,NA
56,labyrinth_56,labyrinth,landscape,1,NA,NA,shape_cv,shape_cv,33.31567503766383,NA
57,random_57,random,landscape,1,NA,NA,shape_cv,shape_cv,141.86773071585569,NA
58,random_58,random,landscape,1,NA,NA,shape_cv,shape_cv,62.14162441735682,NA
59,labyrinth_59,labyrinth,landscape,1,NA,NA,shape_cv,shape_cv,47.72992617007944,NA
60,clustered_60_rot335,clustered,landscape,1,NA,NA,shape_cv,shape_cv,72.91378184033573,NA
61,clustered_61_rot151,clustered,landscape,1,NA,NA,shape_cv,shape_cv,57.67461737491828,NA
62,clustered_62_rot88,clustered,landscape,1,NA,NA,shape_cv,shape_cv,38.52394249664542,NA
63,random_63,random,landscape,1,NA,NA,shape_cv,shape_cv,66.06159615018731,NA
64,labyrinth_64,labyrinth,landscape,1,NA,NA,shape_cv,shape_cv,41.26326981080973,NA
65,random_65,random,landscape,1,NA,NA,shape_cv,shape_cv,58.67314701920313,NA
66,clustered_66_rot224,clustered,landscape,1,NA,NA,shape_cv,shape_cv,60.41679388619383,NA
67,labyrinth_67,labyrinth,landscape,1,NA,NA,shape_cv,shape_cv,37.53215267811607,NA
68,labyrinth_68,labyrinth,landscape,1,NA,NA,shape_cv,shape_cv,48.458227707554244,NA
69,clustered_69_rot78,clustered,landscape,1,NA,NA,shape_cv,shape_cv,48.14607578637582,NA
70,clustered_70_rot170,clustered,landscape,1,NA,NA,shape_cv,shape_cv,21.416400760629966,NA
71,labyrinth_71,labyrinth,landscape,1,NA,NA,shape_cv,shape_cv,30.25742555218368,NA
72,random_72,random,landscape,1,NA,NA,shape_cv,shape_cv,239.94692505260343,NA
73,clustered_73_rot156,clustered,landscape,1,NA,NA,shape_cv,shape_cv,57.886641358226086,NA
74,clustered_74_rot348,clustered,landscape,1,NA,NA,shape_cv,shape_cv,54.10882531390404,NA
75,random_75,random,landscape,1,NA,NA,shape_cv,shape_cv,57.33458349534551,NA
76,random_76,random,landscape,1,NA,NA,shape_cv,shape_cv,88.908962899915835,NA
77,labyrinth_77,labyrinth,landscape,1,NA,NA,shape_cv,shape_cv,50.83595594404737,NA
78,random_78,random,landscape,1,NA,NA,shape_cv,shape_cv,268.6901015733826,NA
79,clustered_79_rot79,clustered,landscape,1,NA,NA,shape_cv,shape_cv,58.01089500069986,NA
80,labyrinth_80,labyrinth,landscape,1,NA,NA,shape_cv,shape_cv,41.2739265075811,NA
81,random_81,random,landscape,1,NA,NA,shape_cv,shape_cv,208.37580465965013,NA
82,clustered_82_rot20,clustered,landscape,1,NA,NA,shape_cv,shape_cv,54.480497625693346,NA
83,random_83,random,landscape,1,NA,NA,shape_cv,shape_cv,242.06393684209115,NA
84,random_84,random,landscape,1,NA,NA,shape_cv,shape_cv,256.5735551924739,NA
85,labyrinth_85,labyrinth,landscape,1,NA,NA,shape_cv,shape_cv,60.927621588570204,NA
86,clustered_86_rot6,clustered,landscape,1,NA,NA,shape_cv,shape_cv,39.58300631201847,NA
87,labyrinth_87,labyrinth,landscape,1,NA,NA,shape_cv,shape_cv,46.15648878677915,NA
88,labyrinth_88,labyrinth,landscape,1,NA,NA,shape_cv,shape_cv,39.71602811803673,NA
89,labyrinth_89,labyrinth,landscape,1,NA,NA,shape_cv,shape_cv,39.96414082312556,NA
90,random_90,random,landscape,1,NA,NA,shape_cv,shape_cv,53.315229037729374,NA
91,clustered_91_rot72,clustered,landscape,1,NA,NA,shape_cv,shape_cv,48.2579706402983,NA
92,random_92,random,landscape,1,NA,NA,shape_cv,shape_cv,92.18130190759155,NA
93,clustered_93_rot150,clustered,landscape,1,NA,NA,shape_cv,shape_cv,64.03372853341409,NA
94,random_94,random,landscape,1,NA,NA,shape_cv,shape_cv,200.61483353398955,NA
95,labyrinth_95,labyrinth,landscape,1,NA,NA,shape_cv,shape_cv,58.364062896403965,NA
96,labyrinth_96,labyrinth,landscape,1,NA,NA,shape_cv,shape_cv,44.565300220128265,NA
97,clustered_97_rot105,clustered,landscape,1,NA,NA,shape_cv,shape_cv,49.09561055434157,NA
98,labyrinth_98,labyrinth,landscape,1,NA,NA,shape_cv,shape_cv,37.60318667376129,NA
99,labyrinth_99,labyrinth,landscape,1,NA,NA,shape_cv,shape_cv,34.234765734817195,NA
100,clustered_100_rot83,clustered,landscape,1,NA,NA,shape_cv,shape_cv,36.524970039004536,NA
1,random_1,random,landscape,1,NA,NA,shape_mn,shape_mn,1.3741335575616132,NA
2,random_2,random,landscape,1,NA,NA,shape_mn,shape_mn,1.3804761799641192,NA
3,clustered_3_rot150,clustered,landscape,1,NA,NA,shape_mn,shape_mn,1.4125906645654658,NA
4,random_4,random,landscape,1,NA,NA,shape_mn,shape_mn,1.9443963221810228,NA
5,clustered_5_rot91,clustered,landscape,1,NA,NA,shape_mn,shape_mn,1.4105737928270503,NA
6,labyrinth_6,labyrinth,landscape,1,NA,NA,shape_mn,shape_mn,1.215404759063723,NA
7,clustered_7_rot125,clustered,landscape,1,NA,NA,shape_mn,shape_mn,1.57823533689084,NA
8,labyrinth_8,labyrinth,landscape,1,NA,NA,shape_mn,shape_mn,1.2238628721267615,NA
9,clustered_9_rot272,clustered,landscape,1,NA,NA,shape_mn,shape_mn,1.2415304700965681,NA
10,random_10,random,landscape,1,NA,NA,shape_mn,shape_mn,1.814445323126801,NA
11,labyrinth_11,labyrinth,landscape,1,NA,NA,shape_mn,shape_mn,1.1841073326492475,NA
12,clustered_12_rot17,clustered,landscape,1,NA,NA,shape_mn,shape_mn,1.4354755186154997,NA
13,clustered_13_rot286,clustered,landscape,1,NA,NA,shape_mn,shape_mn,1.5179976190613778,NA
14,random_14,random,landscape,1,NA,NA,shape_mn,shape_mn,1.7463307163021986,NA
15,random_15,random,landscape,1,NA,NA,shape_mn,shape_mn,1.7910479921624183,NA
16,labyrinth_16,labyrinth,landscape,1,NA,NA,shape_mn,shape_mn,1.288013988126214,NA
17,random_17,random,landscape,1,NA,NA,shape_mn,shape_mn,1.6625857439441696,NA
18,labyrinth_18,labyrinth,landscape,1,NA,NA,shape_mn,shape_mn,1.1714495800957663,NA
19,clustered_19_rot254,clustered,landscape,1,NA,NA,shape_mn,shape_mn,1.3908515258317184,NA
20,random_20,random,landscape,1,NA,NA,shape_mn,shape_mn,1.1473048171483924,NA
21,clustered_21_rot190,clustered,landscape,1,NA,NA,shape_mn,shape_mn,1.569581607520234,NA
22,clustered_22_rot218,clustered,landscape,1,NA,NA,shape_mn,shape_mn,1.7603755210270744,NA
23,clustered_23_rot3,clustered,landscape,1,NA,NA,shape_mn,shape_mn,1.2927638212526016,NA
24,clustered_24_rot31,clustered,landscape,1,NA,NA,shape_mn,shape_mn,1.799733249145807,NA
25,random_25,random,landscape,1,NA,NA,shape_mn,shape_mn,1.4862573804503754,NA
26,random_26,random,landscape,1,NA,NA,shape_mn,shape_mn,1.391980913531494,NA
27,labyrinth_27,labyrinth,landscape,1,NA,NA,shape_mn,shape_mn,1.3252537809105949,NA
28,clustered_28_rot276,clustered,landscape,1,NA,NA,shape_mn,shape_mn,1.4606614536844293,NA
29,clustered_29_rot188,clustered,landscape,1,NA,NA,shape_mn,shape_mn,1.4066974022978158,NA
30,clustered_30_rot52,clustered,landscape,1,NA,NA,shape_mn,shape_mn,1.7021622742017015,NA
31,random_31,random,landscape,1,NA,NA,shape_mn,shape_mn,1.134974744615265,NA
32,random_32,random,landscape,1,NA,NA,shape_mn,shape_mn,1.7934421125454298,NA
33,labyrinth_33,labyrinth,landscape,1,NA,NA,shape_mn,shape_mn,1.213199123224126,NA
34,labyrinth_34,labyrinth,landscape,1,NA,NA,shape_mn,shape_mn,1.2908668175346798,NA
35,clustered_35_rot173,clustered,landscape,1,NA,NA,shape_mn,shape_mn,1.5403687546855287,NA
36,labyrinth_36,labyrinth,landscape,1,NA,NA,shape_mn,shape_mn,1.1932560529520833,NA
37,labyrinth_37,labyrinth,landscape,1,NA,NA,shape_mn,shape_mn,1.3638745968519301,NA
38,labyrinth_38,labyrinth,landscape,1,NA,NA,shape_mn,shape_mn,1.2622462785153976,NA
39,labyrinth_39,labyrinth,landscape,1,NA,NA,shape_mn,shape_mn,1.2421354421096018,NA
40,clustered_40_rot22,clustered,landscape,1,NA,NA,shape_mn,shape_mn,1.5420830525327514,NA
41,random_41,random,landscape,1,NA,NA,shape_mn,shape_mn,1.3343894519202912,NA
42,clustered_42_rot150,clustered,landscape,1,NA,NA,shape_mn,shape_mn,1.2691096596294398,NA
43,labyrinth_43,labyrinth,landscape,1,NA,NA,shape_mn,shape_mn,1.208936120136312,NA
44,labyrinth_44,labyrinth,landscape,1,NA,NA,shape_mn,shape_mn,1.1679241143082815,NA
45,clustered_45_rot177,clustered,landscape,1,NA,NA,shape_mn,shape_mn,1.707377220126388,NA
46,random_46,random,landscape,1,NA,NA,shape_mn,shape_mn,1.4887327118765086,NA
47,random_47,random,landscape,1,NA,NA,shape_mn,shape_mn,1.3886478525288157,NA
48,labyrinth_48,labyrinth,landscape,1,NA,NA,shape_mn,shape_mn,1.3119764930112034,NA
49,labyrinth_49,labyrinth,landscape,1,NA,NA,shape_mn,shape_mn,1.2078830374251748,NA
50,random_50,random,landscape,1,NA,NA,shape_mn,shape_mn,1.919650536977085,NA
51,random_51,random,landscape,1,NA,NA,shape_mn,shape_mn,1.148836033740799,NA
52,random_52,random,landscape,1,NA,NA,shape_mn,shape_mn,1.4157392334670766,NA
53,labyrinth_53,labyrinth,landscape,1,NA,NA,shape_mn,shape_mn,1.2069607887258547,NA
54,labyrinth_54,labyrinth,landscape,1,NA,NA,shape_mn,shape_mn,1.2290077517462157,NA
55,random_55,random,landscape,1,NA,NA,shape_mn,shape_mn,1.6246479805362155,NA
56,labyrinth_56,labyrinth,landscape,1,NA,NA,shape_mn,shape_mn,1.1928749589793388,NA
57,random_57,random,landscape,1,NA,NA,shape_mn,shape_mn,1.8846978495068285,NA
58,random_58,random,landscape,1,NA,NA,shape_mn,shape_mn,1.3278610909184525,NA
59,labyrinth_59,labyrinth,landscape,1,NA,NA,shape_mn,shape_mn,1.2364656580191111,NA
60,clustered_60_rot335,clustered,landscape,1,NA,NA,shape_mn,shape_mn,1.3449841999872834,NA
61,clustered_61_rot151,clustered,landscape,1,NA,NA,shape_mn,shape_mn,1.2328808904337998,NA
62,clustered_62_rot88,clustered,landscape,1,NA,NA,shape_mn,shape_mn,1.6670915475064891,NA
63,random_63,random,landscape,1,NA,NA,shape_mn,shape_mn,1.3906456487952379,NA
64,labyrinth_64,labyrinth,landscape,1,NA,NA,shape_mn,shape_mn,1.244177866356905,NA
65,random_65,random,landscape,1,NA,NA,shape_mn,shape_mn,1.2910592044047222,NA
66,clustered_66_rot224,clustered,landscape,1,NA,NA,shape_mn,shape_mn,1.4028531825845676,NA
67,labyrinth_67,labyrinth,landscape,1,NA,NA,shape_mn,shape_mn,1.1732645657628638,NA
68,labyrinth_68,labyrinth,landscape,1,NA,NA,shape_mn,shape_mn,1.208555579184601,NA
69,clustered_69_rot78,clustered,landscape,1,NA,NA,shape_mn,shape_mn,1.6761201455786559,NA
70,clustered_70_rot170,clustered,landscape,1,NA,NA,shape_mn,shape_mn,1.640641629185821,NA
71,labyrinth_71,labyrinth,landscape,1,NA,NA,shape_mn,shape_mn,1.1787915479093458,NA
72,random_72,random,landscape,1,NA,NA,shape_mn,shape_mn,1.8458565073548825,NA
73,clustered_73_rot156,clustered,landscape,1,NA,NA,shape_mn,shape_mn,1.233482075744286,NA
74,clustered_74_rot348,clustered,landscape,1,NA,NA,shape_mn,shape_mn,1.276096453442465,NA
75,random_75,random,landscape,1,NA,NA,shape_mn,shape_mn,1.2831723321495798,NA
76,random_76,random,landscape,1,NA,NA,shape_mn,shape_mn,1.6103092969674537,NA
77,labyrinth_77,labyrinth,landscape,1,NA,NA,shape_mn,shape_mn,1.241032530966788,NA
78,random_78,random,landscape,1,NA,NA,shape_mn,shape_mn,1.9844281430191022,NA
79,clustered_79_rot79,clustered,landscape,1,NA,NA,shape_mn,shape_mn,1.576830717694585,NA
80,labyrinth_80,labyrinth,landscape,1,NA,NA,shape_mn,shape_mn,1.152996626193138,NA
81,random_81,random,landscape,1,NA,NA,shape_mn,shape_mn,1.7933021617887597,NA
82,clustered_82_rot20,clustered,landscape,1,NA,NA,shape_mn,shape_mn,1.5790746758922516,NA
83,random_83,random,landscape,1,NA,NA,shape_mn,shape_mn,1.834000732722651,NA
84,random_84,random,landscape,1,NA,NA,shape_mn,shape_mn,1.9088318195774687,NA
85,labyrinth_85,labyrinth,landscape,1,NA,NA,shape_mn,shape_mn,1.2640663817591091,NA
86,clustered_86_rot6,clustered,landscape,1,NA,NA,shape_mn,shape_mn,1.4359627565974913,NA
87,labyrinth_87,labyrinth,landscape,1,NA,NA,shape_mn,shape_mn,1.2464960481162604,NA
88,labyrinth_88,labyrinth,landscape,1,NA,NA,shape_mn,shape_mn,1.2635721292051216,NA
89,labyrinth_89,labyrinth,landscape,1,NA,NA,shape_mn,shape_mn,1.2224500174702624,NA
90,random_90,random,landscape,1,NA,NA,shape_mn,shape_mn,1.2484169379689263,NA
91,clustered_91_rot72,clustered,landscape,1,NA,NA,shape_mn,shape_mn,1.6153085227494417,NA
92,random_92,random,landscape,1,NA,NA,shape_mn,shape_mn,1.681265046045128,NA
93,clustered_93_rot150,clustered,landscape,1,NA,NA,shape_mn,shape_mn,1.2674012660427334,NA
94,random_94,random,landscape,1,NA,NA,shape_mn,shape_mn,1.8321813938903981,NA
95,labyrinth_95,labyrinth,landscape,1,NA,NA,shape_mn,shape_mn,1.2714786184527451,NA
96,labyrinth_96,labyrinth,landscape,1,NA,NA,shape_mn,shape_mn,1.3066872713658921,NA
97,clustered_97_rot105,clustered,landscape,1,NA,NA,shape_mn,shape_mn,1.513910736269364,NA
98,labyrinth_98,labyrinth,landscape,1,NA,NA,shape_mn,shape_mn,1.232754058732984,NA
99,labyrinth_99,labyrinth,landscape,1,NA,NA,shape_mn,shape_mn,1.1621450159558788,NA
100,clustered_100_rot83,clustered,landscape,1,NA,NA,shape_mn,shape_mn,1.68980470211766,NA
1,random_1,random,landscape,1,NA,NA,shape_sd,shape_sd,0.917499426235465,NA
2,random_2,random,landscape,1,NA,NA,shape_sd,shape_sd,0.9393243891171076,NA
3,clustered_3_rot150,clustered,landscape,1,NA,NA,shape_sd,shape_sd,0.45369446347230985,NA
4,random_4,random,landscape,1,NA,NA,shape_sd,shape_sd,5.166741531582634,NA
5,clustered_5_rot91,clustered,landscape,1,NA,NA,shape_sd,shape_sd,1.0316716468559137,NA
6,labyrinth_6,labyrinth,landscape,1,NA,NA,shape_sd,shape_sd,0.4817970701898465,NA
7,clustered_7_rot125,clustered,landscape,1,NA,NA,shape_sd,shape_sd,0.8161359081220233,NA
8,labyrinth_8,labyrinth,landscape,1,NA,NA,shape_sd,shape_sd,0.48800806111140255,NA
9,clustered_9_rot272,clustered,landscape,1,NA,NA,shape_sd,shape_sd,0.5753209460560662,NA
10,random_10,random,landscape,1,NA,NA,shape_sd,shape_sd,4.043891998916923,NA
11,labyrinth_11,labyrinth,landscape,1,NA,NA,shape_sd,shape_sd,0.4644128308080354,NA
12,clustered_12_rot17,clustered,landscape,1,NA,NA,shape_sd,shape_sd,1.0478937286791645,NA
13,clustered_13_rot286,clustered,landscape,1,NA,NA,shape_sd,shape_sd,0.7975605913836872,NA
14,random_14,random,landscape,1,NA,NA,shape_sd,shape_sd,2.1807876882279786,NA
15,random_15,random,landscape,1,NA,NA,shape_sd,shape_sd,1.979856113572774,NA
16,labyrinth_16,labyrinth,landscape,1,NA,NA,shape_sd,shape_sd,0.6307072909328791,NA
17,random_17,random,landscape,1,NA,NA,shape_sd,shape_sd,1.624421140715422,NA
18,labyrinth_18,labyrinth,landscape,1,NA,NA,shape_sd,shape_sd,0.3796741983968249,NA
19,clustered_19_rot254,clustered,landscape,1,NA,NA,shape_sd,shape_sd,0.28859210794350953,NA
20,random_20,random,landscape,1,NA,NA,shape_sd,shape_sd,0.5013461704843868,NA
21,clustered_21_rot190,clustered,landscape,1,NA,NA,shape_sd,shape_sd,0.9316555474785032,NA
22,clustered_22_rot218,clustered,landscape,1,NA,NA,shape_sd,shape_sd,0.7412440307475959,NA
23,clustered_23_rot3,clustered,landscape,1,NA,NA,shape_sd,shape_sd,0.7922696528619033,NA
24,clustered_24_rot31,clustered,landscape,1,NA,NA,shape_sd,shape_sd,0.6218668947205516,NA
25,random_25,random,landscape,1,NA,NA,shape_sd,shape_sd,1.0777487899019647,NA
26,random_26,random,landscape,1,NA,NA,shape_sd,shape_sd,0.905310728710089,NA
27,labyrinth_27,labyrinth,landscape,1,NA,NA,shape_sd,shape_sd,0.5666190505959514,NA
28,clustered_28_rot276,clustered,landscape,1,NA,NA,shape_sd,shape_sd,0.8229327166374529,NA
29,clustered_29_rot188,clustered,landscape,1,NA,NA,shape_sd,shape_sd,0.8354157342545918,NA
30,clustered_30_rot52,clustered,landscape,1,NA,NA,shape_sd,shape_sd,0.4133186655311011,NA
31,random_31,random,landscape,1,NA,NA,shape_sd,shape_sd,0.4568963392865978,NA
32,random_32,random,landscape,1,NA,NA,shape_sd,shape_sd,4.15700247167462,NA
33,labyrinth_33,labyrinth,landscape,1,NA,NA,shape_sd,shape_sd,0.5499904910946957,NA
34,labyrinth_34,labyrinth,landscape,1,NA,NA,shape_sd,shape_sd,0.6205481899789275,NA
35,clustered_35_rot173,clustered,landscape,1,NA,NA,shape_sd,shape_sd,0.9935628975738786,NA
36,labyrinth_36,labyrinth,landscape,1,NA,NA,shape_sd,shape_sd,0.40886936122522,NA
37,labyrinth_37,labyrinth,landscape,1,NA,NA,shape_sd,shape_sd,0.590029137153541,NA
38,labyrinth_38,labyrinth,landscape,1,NA,NA,shape_sd,shape_sd,0.5711541363744945,NA
39,labyrinth_39,labyrinth,landscape,1,NA,NA,shape_sd,shape_sd,0.5337763485999727,NA
40,clustered_40_rot22,clustered,landscape,1,NA,NA,shape_sd,shape_sd,0.6538966286200685,NA
41,random_41,random,landscape,1,NA,NA,shape_sd,shape_sd,0.8731253157873944,NA
42,clustered_42_rot150,clustered,landscape,1,NA,NA,shape_sd,shape_sd,0.7250478408938189,NA
43,labyrinth_43,labyrinth,landscape,1,NA,NA,shape_sd,shape_sd,0.4996818074677751,NA
44,labyrinth_44,labyrinth,landscape,1,NA,NA,shape_sd,shape_sd,0.4062304310497095,NA
45,clustered_45_rot177,clustered,landscape,1,NA,NA,shape_sd,shape_sd,0.8285460785142797,NA
46,random_46,random,landscape,1,NA,NA,shape_sd,shape_sd,1.1430053775277242,NA
47,random_47,random,landscape,1,NA,NA,shape_sd,shape_sd,0.9516711769896478,NA
48,labyrinth_48,labyrinth,landscape,1,NA,NA,shape_sd,shape_sd,0.6863162755228056,NA
49,labyrinth_49,labyrinth,landscape,1,NA,NA,shape_sd,shape_sd,0.6128525612836504,NA
50,random_50,random,landscape,1,NA,NA,shape_sd,shape_sd,4.824070976050956,NA
51,random_51,random,landscape,1,NA,NA,shape_sd,shape_sd,0.48224643529814343,NA
52,random_52,random,landscape,1,NA,NA,shape_sd,shape_sd,0.9785436888574278,NA
53,labyrinth_53,labyrinth,landscape,1,NA,NA,shape_sd,shape_sd,0.543634923573138,NA
54,labyrinth_54,labyrinth,landscape,1,NA,NA,shape_sd,shape_sd,0.5115652066229628,NA
55,random_55,random,landscape,1,NA,NA,shape_sd,shape_sd,1.449962831276558,NA
56,labyrinth_56,labyrinth,landscape,1,NA,NA,shape_sd,shape_sd,0.3974143449392223,NA
57,random_57,random,landscape,1,NA,NA,shape_sd,shape_sd,2.6737780699458704,NA
58,random_58,random,landscape,1,NA,NA,shape_sd,shape_sd,0.8251544519027617,NA
59,labyrinth_59,labyrinth,landscape,1,NA,NA,shape_sd,shape_sd,0.5901641456909087,NA
60,clustered_60_rot335,clustered,landscape,1,NA,NA,shape_sd,shape_sd,0.9806788453657126,NA
61,clustered_61_rot151,clustered,landscape,1,NA,NA,shape_sd,shape_sd,0.7110593362461795,NA
62,clustered_62_rot88,clustered,landscape,1,NA,NA,shape_sd,shape_sd,0.6422293891278361,NA
63,random_63,random,landscape,1,NA,NA,shape_sd,shape_sd,0.9186827123872624,NA
64,labyrinth_64,labyrinth,landscape,1,NA,NA,shape_sd,shape_sd,0.5133884699212254,NA
65,random_65,random,landscape,1,NA,NA,shape_sd,shape_sd,0.757505065105337,NA
66,clustered_66_rot224,clustered,landscape,1,NA,NA,shape_sd,shape_sd,0.8475589158480286,NA
67,labyrinth_67,labyrinth,landscape,1,NA,NA,shape_sd,shape_sd,0.44035144814035354,NA
68,labyrinth_68,labyrinth,landscape,1,NA,NA,shape_sd,shape_sd,0.585644614533625,NA
69,clustered_69_rot78,clustered,landscape,1,NA,NA,shape_sd,shape_sd,0.8069860755610123,NA
70,clustered_70_rot170,clustered,landscape,1,NA,NA,shape_sd,shape_sd,0.351366386352164,NA
71,labyrinth_71,labyrinth,landscape,1,NA,NA,shape_sd,shape_sd,0.3566719750241039,NA
72,random_72,random,landscape,1,NA,NA,shape_sd,shape_sd,4.4290759302814235,NA
73,clustered_73_rot156,clustered,landscape,1,NA,NA,shape_sd,shape_sd,0.7140213454040975,NA
74,clustered_74_rot348,clustered,landscape,1,NA,NA,shape_sd,shape_sd,0.6904808008301082,NA
75,random_75,random,landscape,1,NA,NA,shape_sd,shape_sd,0.7357015121654731,NA
76,random_76,random,landscape,1,NA,NA,shape_sd,shape_sd,1.4317092954146888,NA
77,labyrinth_77,labyrinth,landscape,1,NA,NA,shape_sd,shape_sd,0.6308907506935724,NA
78,random_78,random,landscape,1,NA,NA,shape_sd,shape_sd,5.331961993128816,NA
79,clustered_79_rot79,clustered,landscape,1,NA,NA,shape_sd,shape_sd,0.9147336119805877,NA
80,labyrinth_80,labyrinth,landscape,1,NA,NA,shape_sd,shape_sd,0.47588698012984537,NA
81,random_81,random,landscape,1,NA,NA,shape_sd,shape_sd,3.7368078096062285,NA
82,clustered_82_rot20,clustered,landscape,1,NA,NA,shape_sd,shape_sd,0.860287741307403,NA
83,random_83,random,landscape,1,NA,NA,shape_sd,shape_sd,4.439454375341247,NA
84,random_84,random,landscape,1,NA,NA,shape_sd,shape_sd,4.8975576621351005,NA
85,labyrinth_85,labyrinth,landscape,1,NA,NA,shape_sd,shape_sd,0.7701655817065212,NA
86,clustered_86_rot6,clustered,landscape,1,NA,NA,shape_sd,shape_sd,0.5683972285822194,NA
87,labyrinth_87,labyrinth,landscape,1,NA,NA,shape_sd,shape_sd,0.575338808676427,NA
88,labyrinth_88,labyrinth,landscape,1,NA,NA,shape_sd,shape_sd,0.5018406621267816,NA
89,labyrinth_89,labyrinth,landscape,1,NA,NA,shape_sd,shape_sd,0.48854164647413867,NA
90,random_90,random,landscape,1,NA,NA,shape_sd,shape_sd,0.6655963498239409,NA
91,clustered_91_rot72,clustered,landscape,1,NA,NA,shape_sd,shape_sd,0.7795151126586618,NA
92,random_92,random,landscape,1,NA,NA,shape_sd,shape_sd,1.5498120079616673,NA
93,clustered_93_rot150,clustered,landscape,1,NA,NA,shape_sd,shape_sd,0.8115642861268573,NA
94,random_94,random,landscape,1,NA,NA,shape_sd,shape_sd,3.675627653393952,NA
95,labyrinth_95,labyrinth,landscape,1,NA,NA,shape_sd,shape_sd,0.7420865805880884,NA
96,labyrinth_96,labyrinth,landscape,1,NA,NA,shape_sd,shape_sd,0.5823291054224119,NA
97,clustered_97_rot105,clustered,landscape,1,NA,NA,shape_sd,shape_sd,0.743263719219172,NA
98,labyrinth_98,labyrinth,landscape,1,NA,NA,shape_sd,shape_sd,0.4635548099337328,NA
99,labyrinth_99,labyrinth,landscape,1,NA,NA,shape_sd,shape_sd,0.39785762371134903,NA
100,clustered_100_rot83,clustered,landscape,1,NA,NA,shape_sd,shape_sd,0.6172006611661652,NA
1,random_1,random,landscape,1,NA,NA,shdi,shdi,0.5454836171165771,NA
2,random_2,random,landscape,1,NA,NA,shdi,shdi,0.5585689422607264,NA
3,clustered_3_rot150,clustered,landscape,1,NA,NA,shdi,shdi,0.6930126945310066,NA
4,random_4,random,landscape,1,NA,NA,shdi,shdi,0.6931471005599432,NA
5,clustered_5_rot91,clustered,landscape,1,NA,NA,shdi,shdi,0.6835947251295394,NA
6,labyrinth_6,labyrinth,landscape,1,NA,NA,shdi,shdi,0.6820951241790789,NA
7,clustered_7_rot125,clustered,landscape,1,NA,NA,shdi,shdi,0.6775069904047337,NA
8,labyrinth_8,labyrinth,landscape,1,NA,NA,shdi,shdi,0.6754076123661579,NA
9,clustered_9_rot272,clustered,landscape,1,NA,NA,shdi,shdi,0.6926025816901211,NA
10,random_10,random,landscape,1,NA,NA,shdi,shdi,0.6871069894273834,NA
11,labyrinth_11,labyrinth,landscape,1,NA,NA,shdi,shdi,0.6848034486603332,NA
12,clustered_12_rot17,clustered,landscape,1,NA,NA,shdi,shdi,0.6895303178873327,NA
13,clustered_13_rot286,clustered,landscape,1,NA,NA,shdi,shdi,0.6930751788318458,NA
14,random_14,random,landscape,1,NA,NA,shdi,shdi,0.6578285584903962,NA
15,random_15,random,landscape,1,NA,NA,shdi,shdi,0.6517313663155148,NA
16,labyrinth_16,labyrinth,landscape,1,NA,NA,shdi,shdi,0.6753695804824225,NA
17,random_17,random,landscape,1,NA,NA,shdi,shdi,0.6210863745552451,NA
18,labyrinth_18,labyrinth,landscape,1,NA,NA,shdi,shdi,0.6556291588097304,NA
19,clustered_19_rot254,clustered,landscape,1,NA,NA,shdi,shdi,0.6931010998521303,NA
20,random_20,random,landscape,1,NA,NA,shdi,shdi,0.38390796734244104,NA
21,clustered_21_rot190,clustered,landscape,1,NA,NA,shdi,shdi,0.6854393565969992,NA
22,clustered_22_rot218,clustered,landscape,1,NA,NA,shdi,shdi,0.6634241256952,NA
23,clustered_23_rot3,clustered,landscape,1,NA,NA,shdi,shdi,0.5052163384611605,NA
24,clustered_24_rot31,clustered,landscape,1,NA,NA,shdi,shdi,0.6646485296486969,NA
25,random_25,random,landscape,1,NA,NA,shdi,shdi,0.5660396921652324,NA
26,random_26,random,landscape,1,NA,NA,shdi,shdi,0.5364822555474268,NA
27,labyrinth_27,labyrinth,landscape,1,NA,NA,shdi,shdi,0.6863806849138838,NA
28,clustered_28_rot276,clustered,landscape,1,NA,NA,shdi,shdi,0.612633141497199,NA
29,clustered_29_rot188,clustered,landscape,1,NA,NA,shdi,shdi,0.6837331016424035,NA
30,clustered_30_rot52,clustered,landscape,1,NA,NA,shdi,shdi,0.6821250045306457,NA
31,random_31,random,landscape,1,NA,NA,shdi,shdi,0.35541214799288817,NA
32,random_32,random,landscape,1,NA,NA,shdi,shdi,0.6858330107332015,NA
33,labyrinth_33,labyrinth,landscape,1,NA,NA,shdi,shdi,0.6925690691470865,NA
34,labyrinth_34,labyrinth,landscape,1,NA,NA,shdi,shdi,0.6740518030513534,NA
35,clustered_35_rot173,clustered,landscape,1,NA,NA,shdi,shdi,0.6927551293225422,NA
36,labyrinth_36,labyrinth,landscape,1,NA,NA,shdi,shdi,0.6923064449213825,NA
37,labyrinth_37,labyrinth,landscape,1,NA,NA,shdi,shdi,0.6852638631182064,NA
38,labyrinth_38,labyrinth,landscape,1,NA,NA,shdi,shdi,0.6916118146160757,NA
39,labyrinth_39,labyrinth,landscape,1,NA,NA,shdi,shdi,0.6931455605590705,NA
40,clustered_40_rot22,clustered,landscape,1,NA,NA,shdi,shdi,0.680803184934679,NA
41,random_41,random,landscape,1,NA,NA,shdi,shdi,0.5331638407372986,NA
42,clustered_42_rot150,clustered,landscape,1,NA,NA,shdi,shdi,0.655852203928488,NA
43,labyrinth_43,labyrinth,landscape,1,NA,NA,shdi,shdi,0.6931029999092981,NA
44,labyrinth_44,labyrinth,landscape,1,NA,NA,shdi,shdi,0.6921343385641024,NA
45,clustered_45_rot177,clustered,landscape,1,NA,NA,shdi,shdi,0.6818546087307833,NA
46,random_46,random,landscape,1,NA,NA,shdi,shdi,0.5843498580735995,NA
47,random_47,random,landscape,1,NA,NA,shdi,shdi,0.5538306052431028,NA
48,labyrinth_48,labyrinth,landscape,1,NA,NA,shdi,shdi,0.6916118146160757,NA
49,labyrinth_49,labyrinth,landscape,1,NA,NA,shdi,shdi,0.6858572689965516,NA
50,random_50,random,landscape,1,NA,NA,shdi,shdi,0.6926541195182193,NA
51,random_51,random,landscape,1,NA,NA,shdi,shdi,0.36392565403384664,NA
52,random_52,random,landscape,1,NA,NA,shdi,shdi,0.5558730178468596,NA
53,labyrinth_53,labyrinth,landscape,1,NA,NA,shdi,shdi,0.6915895516558938,NA
54,labyrinth_54,labyrinth,landscape,1,NA,NA,shdi,shdi,0.6852638631182064,NA
55,random_55,random,landscape,1,NA,NA,shdi,shdi,0.6202955885651118,NA
56,labyrinth_56,labyrinth,landscape,1,NA,NA,shdi,shdi,0.6927986600692193,NA
57,random_57,random,landscape,1,NA,NA,shdi,shdi,0.6661300003542812,NA
58,random_58,random,landscape,1,NA,NA,shdi,shdi,0.5201176040513193,NA
59,labyrinth_59,labyrinth,landscape,1,NA,NA,shdi,shdi,0.645379840595723,NA
60,clustered_60_rot335,clustered,landscape,1,NA,NA,shdi,shdi,0.6750254271896877,NA
61,clustered_61_rot151,clustered,landscape,1,NA,NA,shdi,shdi,0.6177336992958582,NA
62,clustered_62_rot88,clustered,landscape,1,NA,NA,shdi,shdi,0.6914174630221133,NA
63,random_63,random,landscape,1,NA,NA,shdi,shdi,0.5514254852997118,NA
64,labyrinth_64,labyrinth,landscape,1,NA,NA,shdi,shdi,0.6684789427603864,NA
65,random_65,random,landscape,1,NA,NA,shdi,shdi,0.49747738774702477,NA
66,clustered_66_rot224,clustered,landscape,1,NA,NA,shdi,shdi,0.6885320764504561,NA
67,labyrinth_67,labyrinth,landscape,1,NA,NA,shdi,shdi,0.6899597725947985,NA
68,labyrinth_68,labyrinth,landscape,1,NA,NA,shdi,shdi,0.689305378218962,NA
69,clustered_69_rot78,clustered,landscape,1,NA,NA,shdi,shdi,0.658313930321267,NA
70,clustered_70_rot170,clustered,landscape,1,NA,NA,shdi,shdi,0.6864969053827978,NA
71,labyrinth_71,labyrinth,landscape,1,NA,NA,shdi,shdi,0.6925062236062989,NA
72,random_72,random,landscape,1,NA,NA,shdi,shdi,0.6900234265897498,NA
73,clustered_73_rot156,clustered,landscape,1,NA,NA,shdi,shdi,0.5565499166653218,NA
74,clustered_74_rot348,clustered,landscape,1,NA,NA,shdi,shdi,0.5453656715031171,NA
75,random_75,random,landscape,1,NA,NA,shdi,shdi,0.49719736743219356,NA
76,random_76,random,landscape,1,NA,NA,shdi,shdi,0.6235856508936305,NA
77,labyrinth_77,labyrinth,landscape,1,NA,NA,shdi,shdi,0.6923786636670245,NA
78,random_78,random,landscape,1,NA,NA,shdi,shdi,0.6931010998521303,NA
79,clustered_79_rot79,clustered,landscape,1,NA,NA,shdi,shdi,0.693093099585021,NA
80,labyrinth_80,labyrinth,landscape,1,NA,NA,shdi,shdi,0.6163531820161439,NA
81,random_81,random,landscape,1,NA,NA,shdi,shdi,0.6841421175434236,NA
82,clustered_82_rot20,clustered,landscape,1,NA,NA,shdi,shdi,0.6425492804130017,NA
83,random_83,random,landscape,1,NA,NA,shdi,shdi,0.6912115112987396,NA
84,random_84,random,landscape,1,NA,NA,shdi,shdi,0.6931471005599432,NA
85,labyrinth_85,labyrinth,landscape,1,NA,NA,shdi,shdi,0.6582063707436245,NA
86,clustered_86_rot6,clustered,landscape,1,NA,NA,shdi,shdi,0.6931407005459485,NA
87,labyrinth_87,labyrinth,landscape,1,NA,NA,shdi,shdi,0.6672029036866147,NA
88,labyrinth_88,labyrinth,landscape,1,NA,NA,shdi,shdi,0.6847774837627953,NA
89,labyrinth_89,labyrinth,landscape,1,NA,NA,shdi,shdi,0.6743661875640095,NA
90,random_90,random,landscape,1,NA,NA,shdi,shdi,0.46248374277179805,NA
91,clustered_91_rot72,clustered,landscape,1,NA,NA,shdi,shdi,0.6909277581281026,NA
92,random_92,random,landscape,1,NA,NA,shdi,shdi,0.6249706469436442,NA
93,clustered_93_rot150,clustered,landscape,1,NA,NA,shdi,shdi,0.6481863229142667,NA
94,random_94,random,landscape,1,NA,NA,shdi,shdi,0.6797043552026747,NA
95,labyrinth_95,labyrinth,landscape,1,NA,NA,shdi,shdi,0.6915331920532712,NA
96,labyrinth_96,labyrinth,landscape,1,NA,NA,shdi,shdi,0.6625763621096536,NA
97,clustered_97_rot105,clustered,landscape,1,NA,NA,shdi,shdi,0.6364217086680707,NA
98,labyrinth_98,labyrinth,landscape,1,NA,NA,shdi,shdi,0.6742486050957861,NA
99,labyrinth_99,labyrinth,landscape,1,NA,NA,shdi,shdi,0.5990792395656501,NA
100,clustered_100_rot83,clustered,landscape,1,NA,NA,shdi,shdi,0.6566824725226389,NA
1,random_1,random,landscape,1,NA,NA,shei,shei,0.7869665093002599,NA
2,random_2,random,landscape,1,NA,NA,shei,shei,0.8058446429941437,NA
3,clustered_3_rot150,clustered,landscape,1,NA,NA,shei,shei,0.9998059776729813,NA
4,random_4,random,landscape,1,NA,NA,shei,shei,0.9999998845843937,NA
5,clustered_5_rot91,clustered,landscape,1,NA,NA,shei,shei,0.9862187199222406,NA
6,labyrinth_6,labyrinth,landscape,1,NA,NA,shei,shei,0.9840552530676988,NA
7,clustered_7_rot125,clustered,landscape,1,NA,NA,shei,shei,0.9774359752245159,NA
8,labyrinth_8,labyrinth,landscape,1,NA,NA,shei,shei,0.9744072129393113,NA
9,clustered_9_rot272,clustered,landscape,1,NA,NA,shei,shei,0.999214309911231,NA
10,random_10,random,landscape,1,NA,NA,shei,shei,0.9912858462070314,NA
11,labyrinth_11,labyrinth,landscape,1,NA,NA,shei,shei,0.9879625393659225,NA
12,clustered_12_rot17,clustered,landscape,1,NA,NA,shei,shei,0.9947819701586453,NA
13,clustered_13_rot286,clustered,landscape,1,NA,NA,shei,shei,0.9998961234639354,NA
14,random_14,random,landscape,1,NA,NA,shei,shei,0.94904599908923,NA
15,random_15,random,landscape,1,NA,NA,shei,shei,0.9402496101751816,NA
16,labyrinth_16,labyrinth,landscape,1,NA,NA,shei,shei,0.9743523445292506,NA
17,random_17,random,landscape,1,NA,NA,shei,shei,0.8960382325345574,NA
18,labyrinth_18,labyrinth,landscape,1,NA,NA,shei,shei,0.9458729360770007,NA
19,clustered_19_rot254,clustered,landscape,1,NA,NA,shei,shei,0.9999335195913547,NA
20,random_20,random,landscape,1,NA,NA,shei,shei,0.5538621206427018,NA
21,clustered_21_rot190,clustered,landscape,1,NA,NA,shei,shei,0.9888799605926125,NA
22,clustered_22_rot218,clustered,landscape,1,NA,NA,shei,shei,0.9571186961465614,NA
23,clustered_23_rot3,clustered,landscape,1,NA,NA,shei,shei,0.7288731060739964,NA
24,clustered_24_rot31,clustered,landscape,1,NA,NA,shei,shei,0.9588851376583163,NA
25,random_25,random,landscape,1,NA,NA,shei,shei,0.8166226568330963,NA
26,random_26,random,landscape,1,NA,NA,shei,shei,0.7739802896031982,NA
27,labyrinth_27,labyrinth,landscape,1,NA,NA,shei,shei,0.9902380102872304,NA
28,clustered_28_rot276,clustered,landscape,1,NA,NA,shei,shei,0.8838427951222357,NA
29,clustered_29_rot188,clustered,landscape,1,NA,NA,shei,shei,0.9864183550311252,NA
30,clustered_30_rot52,clustered,landscape,1,NA,NA,shei,shei,0.9840983613027243,NA
31,random_31,random,landscape,1,NA,NA,shei,shei,0.5127513433810341,NA
32,random_32,random,landscape,1,NA,NA,shei,shei,0.989447883462737,NA
33,labyrinth_33,labyrinth,landscape,1,NA,NA,shei,shei,0.9991659615315873,NA
34,labyrinth_34,labyrinth,landscape,1,NA,NA,shei,shei,0.9724511935644518,NA
35,clustered_35_rot173,clustered,landscape,1,NA,NA,shei,shei,0.9994343896240242,NA
36,labyrinth_36,labyrinth,landscape,1,NA,NA,shei,shei,0.9987870748635468,NA
37,labyrinth_37,labyrinth,landscape,1,NA,NA,shei,shei,0.9886267770210498,NA
38,labyrinth_38,labyrinth,landscape,1,NA,NA,shei,shei,0.9977849351668295,NA
39,labyrinth_39,labyrinth,landscape,1,NA,NA,shei,shei,0.9999976628327717,NA
40,clustered_40_rot22,clustered,landscape,1,NA,NA,shei,shei,0.9821913787266732,NA
41,random_41,random,landscape,1,NA,NA,shei,shei,0.7691928290130138,NA
42,clustered_42_rot150,clustered,landscape,1,NA,NA,shei,shei,0.9461947221637268,NA
43,labyrinth_43,labyrinth,landscape,1,NA,NA,shei,shei,0.9999362607944081,NA
44,labyrinth_44,labyrinth,landscape,1,NA,NA,shei,shei,0.9985387778753935,NA
45,clustered_45_rot177,clustered,landscape,1,NA,NA,shei,shei,0.9837082626231856,NA
46,random_46,random,landscape,1,NA,NA,shei,shei,0.8430386423869517,NA
47,random_47,random,landscape,1,NA,NA,shei,shei,0.7990086676767576,NA
48,labyrinth_48,labyrinth,landscape,1,NA,NA,shei,shei,0.9977849351668295,NA
49,labyrinth_49,labyrinth,landscape,1,NA,NA,shei,shei,0.9894828807389728,NA
50,random_50,random,landscape,1,NA,NA,shei,shei,0.9992886632802463,NA
51,random_51,random,landscape,1,NA,NA,shei,shei,0.5250337363269031,NA
52,random_52,random,landscape,1,NA,NA,shei,shei,0.8019552462116466,NA
53,labyrinth_53,labyrinth,landscape,1,NA,NA,shei,shei,0.9977528165045796,NA
54,labyrinth_54,labyrinth,landscape,1,NA,NA,shei,shei,0.9886267770210498,NA
55,random_55,random,landscape,1,NA,NA,shei,shei,0.8948973695081877,NA
56,labyrinth_56,labyrinth,landscape,1,NA,NA,shei,shei,0.9994971912163815,NA
57,random_57,random,landscape,1,NA,NA,shei,shei,0.9610224480984849,NA
58,random_58,random,landscape,1,NA,NA,shei,shei,0.7503710880438879,NA
59,labyrinth_59,labyrinth,landscape,1,NA,NA,shei,shei,0.9310862955171593,NA
60,clustered_60_rot335,clustered,landscape,1,NA,NA,shei,shei,0.9738558362805165,NA
61,clustered_61_rot151,clustered,landscape,1,NA,NA,shei,shei,0.8912013445641288,NA
62,clustered_62_rot88,clustered,landscape,1,NA,NA,shei,shei,0.997504545086031,NA
63,random_63,random,landscape,1,NA,NA,shei,shei,0.7955388130616843,NA
64,labyrinth_64,labyrinth,landscape,1,NA,NA,shei,shei,0.9644112556591068,NA
65,random_65,random,landscape,1,NA,NA,shei,shei,0.7177081602570287,NA
66,clustered_66_rot224,clustered,landscape,1,NA,NA,shei,shei,0.9933418121880537,NA
67,labyrinth_67,labyrinth,landscape,1,NA,NA,shei,shei,0.9954015423353927,NA
68,labyrinth_68,labyrinth,landscape,1,NA,NA,shei,shei,0.9944574508145878,NA
69,clustered_69_rot78,clustered,landscape,1,NA,NA,shei,shei,0.9497462426226144,NA
70,clustered_70_rot170,clustered,landscape,1,NA,NA,shei,shei,0.9904056809813824,NA
71,labyrinth_71,labyrinth,landscape,1,NA,NA,shei,shei,0.999075294581551,NA
72,random_72,random,landscape,1,NA,NA,shei,shei,0.9954933756382418,NA
73,clustered_73_rot156,clustered,landscape,1,NA,NA,shei,shei,0.8029318047802256,NA
74,clustered_74_rot348,clustered,landscape,1,NA,NA,shei,shei,0.7867963497486266,NA
75,random_75,random,landscape,1,NA,NA,shei,shei,0.7173041763374735,NA
76,random_76,random,landscape,1,NA,NA,shei,shei,0.8996439261137571,NA
77,labyrinth_77,labyrinth,landscape,1,NA,NA,shei,shei,0.9988912644897437,NA
78,random_78,random,landscape,1,NA,NA,shei,shei,0.9999335195913547,NA
79,clustered_79_rot79,clustered,landscape,1,NA,NA,shei,shei,0.9999219776456703,NA
80,labyrinth_80,labyrinth,landscape,1,NA,NA,shei,shei,0.8892096791308234,NA
81,random_81,random,landscape,1,NA,NA,shei,shei,0.9870084402431715,NA
82,clustered_82_rot20,clustered,landscape,1,NA,NA,shei,shei,0.9270026603786096,NA
83,random_83,random,landscape,1,NA,NA,shei,shei,0.9972074195560573,NA
84,random_84,random,landscape,1,NA,NA,shei,shei,0.9999998845843937,NA
85,labyrinth_85,labyrinth,landscape,1,NA,NA,shei,shei,0.9495910669533496,NA
86,clustered_86_rot6,clustered,landscape,1,NA,NA,shei,shei,0.9999906513159419,NA
87,labyrinth_87,labyrinth,landscape,1,NA,NA,shei,shei,0.9625703204153958,NA
88,labyrinth_88,labyrinth,landscape,1,NA,NA,shei,shei,0.9879250799370075,NA
89,labyrinth_89,labyrinth,landscape,1,NA,NA,shei,shei,0.972904754541793,NA
90,random_90,random,landscape,1,NA,NA,shei,shei,0.6672230021886401,NA
91,clustered_91_rot72,clustered,landscape,1,NA,NA,shei,shei,0.9967980502639429,NA
92,random_92,random,landscape,1,NA,NA,shei,shei,0.9016420530467628,NA
93,clustered_93_rot150,clustered,landscape,1,NA,NA,shei,shei,0.9351351936404648,NA
94,random_94,random,landscape,1,NA,NA,shei,shei,0.9806061025215294,NA
95,labyrinth_95,labyrinth,landscape,1,NA,NA,shei,shei,0.9976715067853695,NA
96,labyrinth_96,labyrinth,landscape,1,NA,NA,shei,shei,0.9558956318258475,NA
97,clustered_97_rot105,clustered,landscape,1,NA,NA,shei,shei,0.9181624430095062,NA
98,labyrinth_98,labyrinth,landscape,1,NA,NA,shei,shei,0.9727351188979917,NA
99,labyrinth_99,labyrinth,landscape,1,NA,NA,shei,shei,0.8642886480208948,NA
100,clustered_100_rot83,clustered,landscape,1,NA,NA,shei,shei,0.9473925465471141,NA
1,random_1,random,landscape,1,NA,NA,sidi,sidi,0.35976191999999996,NA
2,random_2,random,landscape,1,NA,NA,sidi,sidi,0.3715768799999999,NA
3,clustered_3_rot150,clustered,landscape,1,NA,NA,sidi,sidi,0.49986551999999995,NA
4,random_4,random,landscape,1,NA,NA,sidi,sidi,0.49999992000000004,NA
5,clustered_5_rot91,clustered,landscape,1,NA,NA,sidi,sidi,0.49047799999999997,NA
6,labyrinth_6,labyrinth,landscape,1,NA,NA,sidi,sidi,0.48898871999999993,NA
7,clustered_7_rot125,clustered,landscape,1,NA,NA,sidi,sidi,0.48444151999999985,NA
8,labyrinth_8,labyrinth,landscape,1,NA,NA,sidi,sidi,0.48236557999999985,NA
9,clustered_9_rot272,clustered,landscape,1,NA,NA,sidi,sidi,0.49945550000000005,NA
10,random_10,random,landscape,1,NA,NA,sidi,sidi,0.49397198,NA
11,labyrinth_11,labyrinth,landscape,1,NA,NA,sidi,sidi,0.49167949999999994,NA
12,clustered_12_rot17,clustered,landscape,1,NA,NA,sidi,sidi,0.4963875,NA
13,clustered_13_rot286,clustered,landscape,1,NA,NA,sidi,sidi,0.49992800000000004,NA
14,random_14,random,landscape,1,NA,NA,sidi,sidi,0.46509918000000006,NA
15,random_15,random,landscape,1,NA,NA,sidi,sidi,0.4591591799999999,NA
16,labyrinth_16,labyrinth,landscape,1,NA,NA,sidi,sidi,0.482328,NA
17,random_17,random,landscape,1,NA,NA,sidi,sidi,0.4296875,NA
18,labyrinth_18,labyrinth,landscape,1,NA,NA,sidi,sidi,0.46295358,NA
19,clustered_19_rot254,clustered,landscape,1,NA,NA,sidi,sidi,0.49995391999999994,NA
20,random_20,random,landscape,1,NA,NA,sidi,sidi,0.2242726199999998,NA
21,clustered_21_rot190,clustered,landscape,1,NA,NA,sidi,sidi,0.49231199999999997,NA
22,clustered_22_rot218,clustered,landscape,1,NA,NA,sidi,sidi,0.47057262,NA
23,clustered_23_rot3,clustered,landscape,1,NA,NA,sidi,sidi,0.32417549999999984,NA
24,clustered_24_rot31,clustered,landscape,1,NA,NA,sidi,sidi,0.47177311999999993,NA
25,random_25,random,landscape,1,NA,NA,sidi,sidi,0.3783768799999998,NA
26,random_26,random,landscape,1,NA,NA,sidi,sidi,0.35170542000000005,NA
27,labyrinth_27,labyrinth,landscape,1,NA,NA,sidi,sidi,0.49324877999999983,NA
28,clustered_28_rot276,clustered,landscape,1,NA,NA,sidi,sidi,0.4216711799999999,NA
29,clustered_29_rot188,clustered,landscape,1,NA,NA,sidi,sidi,0.4906155,NA
30,clustered_30_rot52,clustered,landscape,1,NA,NA,sidi,sidi,0.48901837999999986,NA
31,random_31,random,landscape,1,NA,NA,sidi,sidi,0.20247101999999995,NA
32,random_32,random,landscape,1,NA,NA,sidi,sidi,0.49270368,NA
33,labyrinth_33,labyrinth,landscape,1,NA,NA,sidi,sidi,0.4994219999999999,NA
34,labyrinth_34,labyrinth,landscape,1,NA,NA,sidi,sidi,0.48102648000000003,NA
35,clustered_35_rot173,clustered,landscape,1,NA,NA,sidi,sidi,0.49960800000000005,NA
36,labyrinth_36,labyrinth,landscape,1,NA,NA,sidi,sidi,0.4991595,NA
37,labyrinth_37,labyrinth,landscape,1,NA,NA,sidi,sidi,0.4921374199999998,NA
38,labyrinth_38,labyrinth,landscape,1,NA,NA,sidi,sidi,0.49846541999999994,NA
39,labyrinth_39,labyrinth,landscape,1,NA,NA,sidi,sidi,0.49999837999999996,NA
40,clustered_40_rot22,clustered,landscape,1,NA,NA,sidi,sidi,0.48770687999999995,NA
41,random_41,random,landscape,1,NA,NA,sidi,sidi,0.3487499999999999,NA
42,clustered_42_rot150,clustered,landscape,1,NA,NA,sidi,sidi,0.4631710199999999,NA
43,labyrinth_43,labyrinth,landscape,1,NA,NA,sidi,sidi,0.49995581999999994,NA
44,labyrinth_44,labyrinth,landscape,1,NA,NA,sidi,sidi,0.49898750000000003,NA
45,clustered_45_rot177,clustered,landscape,1,NA,NA,sidi,sidi,0.4887499999999999,NA
46,random_46,random,landscape,1,NA,NA,sidi,sidi,0.39520957999999995,NA
47,random_47,random,landscape,1,NA,NA,sidi,sidi,0.3672844799999999,NA
48,labyrinth_48,labyrinth,landscape,1,NA,NA,sidi,sidi,0.49846542000000005,NA
49,labyrinth_49,labyrinth,landscape,1,NA,NA,sidi,sidi,0.4927278199999999,NA
50,random_50,random,landscape,1,NA,NA,sidi,sidi,0.49950702,NA
51,random_51,random,landscape,1,NA,NA,sidi,sidi,0.2089154999999998,NA
52,random_52,random,landscape,1,NA,NA,sidi,sidi,0.36913271999999997,NA
53,labyrinth_53,labyrinth,landscape,1,NA,NA,sidi,sidi,0.49844318,NA
54,labyrinth_54,labyrinth,landscape,1,NA,NA,sidi,sidi,0.49213742000000005,NA
55,random_55,random,landscape,1,NA,NA,sidi,sidi,0.42893550000000014,NA
56,labyrinth_56,labyrinth,landscape,1,NA,NA,sidi,sidi,0.4996515199999999,NA
57,random_57,random,landscape,1,NA,NA,sidi,sidi,0.47322701999999994,NA
58,random_58,random,landscape,1,NA,NA,sidi,sidi,0.33720781999999994,NA
59,labyrinth_59,labyrinth,landscape,1,NA,NA,sidi,sidi,0.45299822,NA
60,clustered_60_rot335,clustered,landscape,1,NA,NA,sidi,sidi,0.48198797999999987,NA
61,clustered_61_rot151,clustered,landscape,1,NA,NA,sidi,sidi,0.42650222000000004,NA
62,clustered_62_rot88,clustered,landscape,1,NA,NA,sidi,sidi,0.49827128,NA
63,random_63,random,landscape,1,NA,NA,sidi,sidi,0.36511181999999986,NA
64,labyrinth_64,labyrinth,landscape,1,NA,NA,sidi,sidi,0.4755352799999999,NA
65,random_65,random,landscape,1,NA,NA,sidi,sidi,0.31747117999999985,NA
66,clustered_66_rot224,clustered,landscape,1,NA,NA,sidi,sidi,0.49539199999999994,NA
67,labyrinth_67,labyrinth,landscape,1,NA,NA,sidi,sidi,0.49681598000000005,NA
68,labyrinth_68,labyrinth,landscape,1,NA,NA,sidi,sidi,0.49616311999999996,NA
69,clustered_69_rot78,clustered,landscape,1,NA,NA,sidi,sidi,0.46557311999999984,NA
70,clustered_70_rot170,clustered,landscape,1,NA,NA,sidi,sidi,0.49336448,NA
71,labyrinth_71,labyrinth,landscape,1,NA,NA,sidi,sidi,0.4993591799999999,NA
72,random_72,random,landscape,1,NA,NA,sidi,sidi,0.4968794999999999,NA
73,clustered_73_rot156,clustered,landscape,1,NA,NA,sidi,sidi,0.36974591999999995,NA
74,clustered_74_rot348,clustered,landscape,1,NA,NA,sidi,sidi,0.3596559800000002,NA
75,random_75,random,landscape,1,NA,NA,sidi,sidi,0.3172294199999999,NA
76,random_76,random,landscape,1,NA,NA,sidi,sidi,0.43206701999999997,NA
77,labyrinth_77,labyrinth,landscape,1,NA,NA,sidi,sidi,0.49923167999999996,NA
78,random_78,random,landscape,1,NA,NA,sidi,sidi,0.49995391999999994,NA
79,clustered_79_rot79,clustered,landscape,1,NA,NA,sidi,sidi,0.49994591999999993,NA
80,labyrinth_80,labyrinth,landscape,1,NA,NA,sidi,sidi,0.42519288,NA
81,random_81,random,landscape,1,NA,NA,sidi,sidi,0.49102200000000007,NA
82,clustered_82_rot20,clustered,landscape,1,NA,NA,sidi,sidi,0.4502614199999999,NA
83,random_83,random,landscape,1,NA,NA,sidi,sidi,0.49806558,NA
84,random_84,random,landscape,1,NA,NA,sidi,sidi,0.49999992000000004,NA
85,labyrinth_85,labyrinth,landscape,1,NA,NA,sidi,sidi,0.46546807999999995,NA
86,clustered_86_rot6,clustered,landscape,1,NA,NA,sidi,sidi,0.49999351999999997,NA
87,labyrinth_87,labyrinth,landscape,1,NA,NA,sidi,sidi,0.4742808800000001,NA
88,labyrinth_88,labyrinth,landscape,1,NA,NA,sidi,sidi,0.49165367999999987,NA
89,labyrinth_89,labyrinth,landscape,1,NA,NA,sidi,sidi,0.48133687999999997,NA
90,random_90,random,landscape,1,NA,NA,sidi,sidi,0.2877087199999999,NA
91,clustered_91_rot72,clustered,landscape,1,NA,NA,sidi,sidi,0.49778221999999994,NA
92,random_92,random,landscape,1,NA,NA,sidi,sidi,0.43338750000000004,NA
93,clustered_93_rot150,clustered,landscape,1,NA,NA,sidi,sidi,0.45571711999999986,NA
94,random_94,random,landscape,1,NA,NA,sidi,sidi,0.48661752,NA
95,labyrinth_95,labyrinth,landscape,1,NA,NA,sidi,sidi,0.49838688,NA
96,labyrinth_96,labyrinth,landscape,1,NA,NA,sidi,sidi,0.4697419999999999,NA
97,clustered_97_rot105,clustered,landscape,1,NA,NA,sidi,sidi,0.44435552,NA
98,labyrinth_98,labyrinth,landscape,1,NA,NA,sidi,sidi,0.48122078,NA
99,labyrinth_99,labyrinth,landscape,1,NA,NA,sidi,sidi,0.40892087999999993,NA
100,clustered_100_rot83,clustered,landscape,1,NA,NA,sidi,sidi,0.46398072,NA
1,random_1,random,landscape,1,NA,NA,siei,siei,0.7195238399999999,NA
2,random_2,random,landscape,1,NA,NA,siei,siei,0.7431537599999998,NA
3,clustered_3_rot150,clustered,landscape,1,NA,NA,siei,siei,0.9997310399999999,NA
4,random_4,random,landscape,1,NA,NA,siei,siei,0.9999998400000001,NA
5,clustered_5_rot91,clustered,landscape,1,NA,NA,siei,siei,0.9809559999999999,NA
6,labyrinth_6,labyrinth,landscape,1,NA,NA,siei,siei,0.9779774399999999,NA
7,clustered_7_rot125,clustered,landscape,1,NA,NA,siei,siei,0.9688830399999997,NA
8,labyrinth_8,labyrinth,landscape,1,NA,NA,siei,siei,0.9647311599999997,NA
9,clustered_9_rot272,clustered,landscape,1,NA,NA,siei,siei,0.9989110000000001,NA
10,random_10,random,landscape,1,NA,NA,siei,siei,0.98794396,NA
11,labyrinth_11,labyrinth,landscape,1,NA,NA,siei,siei,0.9833589999999999,NA
12,clustered_12_rot17,clustered,landscape,1,NA,NA,siei,siei,0.992775,NA
13,clustered_13_rot286,clustered,landscape,1,NA,NA,siei,siei,0.9998560000000001,NA
14,random_14,random,landscape,1,NA,NA,siei,siei,0.9301983600000001,NA
15,random_15,random,landscape,1,NA,NA,siei,siei,0.9183183599999998,NA
16,labyrinth_16,labyrinth,landscape,1,NA,NA,siei,siei,0.964656,NA
17,random_17,random,landscape,1,NA,NA,siei,siei,0.859375,NA
18,labyrinth_18,labyrinth,landscape,1,NA,NA,siei,siei,0.92590716,NA
19,clustered_19_rot254,clustered,landscape,1,NA,NA,siei,siei,0.9999078399999999,NA
20,random_20,random,landscape,1,NA,NA,siei,siei,0.4485452399999996,NA
21,clustered_21_rot190,clustered,landscape,1,NA,NA,siei,siei,0.9846239999999999,NA
22,clustered_22_rot218,clustered,landscape,1,NA,NA,siei,siei,0.94114524,NA
23,clustered_23_rot3,clustered,landscape,1,NA,NA,siei,siei,0.6483509999999997,NA
24,clustered_24_rot31,clustered,landscape,1,NA,NA,siei,siei,0.9435462399999999,NA
25,random_25,random,landscape,1,NA,NA,siei,siei,0.7567537599999996,NA
26,random_26,random,landscape,1,NA,NA,siei,siei,0.7034108400000001,NA
27,labyrinth_27,labyrinth,landscape,1,NA,NA,siei,siei,0.9864975599999997,NA
28,clustered_28_rot276,clustered,landscape,1,NA,NA,siei,siei,0.8433423599999998,NA
29,clustered_29_rot188,clustered,landscape,1,NA,NA,siei,siei,0.981231,NA
30,clustered_30_rot52,clustered,landscape,1,NA,NA,siei,siei,0.9780367599999997,NA
31,random_31,random,landscape,1,NA,NA,siei,siei,0.4049420399999999,NA
32,random_32,random,landscape,1,NA,NA,siei,siei,0.98540736,NA
33,labyrinth_33,labyrinth,landscape,1,NA,NA,siei,siei,0.9988439999999998,NA
34,labyrinth_34,labyrinth,landscape,1,NA,NA,siei,siei,0.9620529600000001,NA
35,clustered_35_rot173,clustered,landscape,1,NA,NA,siei,siei,0.9992160000000001,NA
36,labyrinth_36,labyrinth,landscape,1,NA,NA,siei,siei,0.998319,NA
37,labyrinth_37,labyrinth,landscape,1,NA,NA,siei,siei,0.9842748399999997,NA
38,labyrinth_38,labyrinth,landscape,1,NA,NA,siei,siei,0.9969308399999999,NA
39,labyrinth_39,labyrinth,landscape,1,NA,NA,siei,siei,0.9999967599999999,NA
40,clustered_40_rot22,clustered,landscape,1,NA,NA,siei,siei,0.9754137599999999,NA
41,random_41,random,landscape,1,NA,NA,siei,siei,0.6974999999999998,NA
42,clustered_42_rot150,clustered,landscape,1,NA,NA,siei,siei,0.9263420399999998,NA
43,labyrinth_43,labyrinth,landscape,1,NA,NA,siei,siei,0.9999116399999999,NA
44,labyrinth_44,labyrinth,landscape,1,NA,NA,siei,siei,0.9979750000000001,NA
45,clustered_45_rot177,clustered,landscape,1,NA,NA,siei,siei,0.9774999999999998,NA
46,random_46,random,landscape,1,NA,NA,siei,siei,0.7904191599999999,NA
47,random_47,random,landscape,1,NA,NA,siei,siei,0.7345689599999998,NA
48,labyrinth_48,labyrinth,landscape,1,NA,NA,siei,siei,0.9969308400000001,NA
49,labyrinth_49,labyrinth,landscape,1,NA,NA,siei,siei,0.9854556399999999,NA
50,random_50,random,landscape,1,NA,NA,siei,siei,0.99901404,NA
51,random_51,random,landscape,1,NA,NA,siei,siei,0.4178309999999996,NA
52,random_52,random,landscape,1,NA,NA,siei,siei,0.7382654399999999,NA
53,labyrinth_53,labyrinth,landscape,1,NA,NA,siei,siei,0.99688636,NA
54,labyrinth_54,labyrinth,landscape,1,NA,NA,siei,siei,0.9842748400000001,NA
55,random_55,random,landscape,1,NA,NA,siei,siei,0.8578710000000003,NA
56,labyrinth_56,labyrinth,landscape,1,NA,NA,siei,siei,0.9993030399999998,NA
57,random_57,random,landscape,1,NA,NA,siei,siei,0.9464540399999999,NA
58,random_58,random,landscape,1,NA,NA,siei,siei,0.6744156399999999,NA
59,labyrinth_59,labyrinth,landscape,1,NA,NA,siei,siei,0.90599644,NA
60,clustered_60_rot335,clustered,landscape,1,NA,NA,siei,siei,0.9639759599999997,NA
61,clustered_61_rot151,clustered,landscape,1,NA,NA,siei,siei,0.8530044400000001,NA
62,clustered_62_rot88,clustered,landscape,1,NA,NA,siei,siei,0.99654256,NA
63,random_63,random,landscape,1,NA,NA,siei,siei,0.7302236399999997,NA
64,labyrinth_64,labyrinth,landscape,1,NA,NA,siei,siei,0.9510705599999998,NA
65,random_65,random,landscape,1,NA,NA,siei,siei,0.6349423599999997,NA
66,clustered_66_rot224,clustered,landscape,1,NA,NA,siei,siei,0.9907839999999999,NA
67,labyrinth_67,labyrinth,landscape,1,NA,NA,siei,siei,0.9936319600000001,NA
68,labyrinth_68,labyrinth,landscape,1,NA,NA,siei,siei,0.9923262399999999,NA
69,clustered_69_rot78,clustered,landscape,1,NA,NA,siei,siei,0.9311462399999997,NA
70,clustered_70_rot170,clustered,landscape,1,NA,NA,siei,siei,0.98672896,NA
71,labyrinth_71,labyrinth,landscape,1,NA,NA,siei,siei,0.9987183599999998,NA
72,random_72,random,landscape,1,NA,NA,siei,siei,0.9937589999999998,NA
73,clustered_73_rot156,clustered,landscape,1,NA,NA,siei,siei,0.7394918399999999,NA
74,clustered_74_rot348,clustered,landscape,1,NA,NA,siei,siei,0.7193119600000004,NA
75,random_75,random,landscape,1,NA,NA,siei,siei,0.6344588399999997,NA
76,random_76,random,landscape,1,NA,NA,siei,siei,0.8641340399999999,NA
77,labyrinth_77,labyrinth,landscape,1,NA,NA,siei,siei,0.9984633599999999,NA
78,random_78,random,landscape,1,NA,NA,siei,siei,0.9999078399999999,NA
79,clustered_79_rot79,clustered,landscape,1,NA,NA,siei,siei,0.9998918399999999,NA
80,labyrinth_80,labyrinth,landscape,1,NA,NA,siei,siei,0.85038576,NA
81,random_81,random,landscape,1,NA,NA,siei,siei,0.9820440000000001,NA
82,clustered_82_rot20,clustered,landscape,1,NA,NA,siei,siei,0.9005228399999998,NA
83,random_83,random,landscape,1,NA,NA,siei,siei,0.99613116,NA
84,random_84,random,landscape,1,NA,NA,siei,siei,0.9999998400000001,NA
85,labyrinth_85,labyrinth,landscape,1,NA,NA,siei,siei,0.9309361599999999,NA
86,clustered_86_rot6,clustered,landscape,1,NA,NA,siei,siei,0.9999870399999999,NA
87,labyrinth_87,labyrinth,landscape,1,NA,NA,siei,siei,0.9485617600000003,NA
88,labyrinth_88,labyrinth,landscape,1,NA,NA,siei,siei,0.9833073599999997,NA
89,labyrinth_89,labyrinth,landscape,1,NA,NA,siei,siei,0.9626737599999999,NA
90,random_90,random,landscape,1,NA,NA,siei,siei,0.5754174399999998,NA
91,clustered_91_rot72,clustered,landscape,1,NA,NA,siei,siei,0.9955644399999999,NA
92,random_92,random,landscape,1,NA,NA,siei,siei,0.8667750000000001,NA
93,clustered_93_rot150,clustered,landscape,1,NA,NA,siei,siei,0.9114342399999997,NA
94,random_94,random,landscape,1,NA,NA,siei,siei,0.97323504,NA
95,labyrinth_95,labyrinth,landscape,1,NA,NA,siei,siei,0.99677376,NA
96,labyrinth_96,labyrinth,landscape,1,NA,NA,siei,siei,0.9394839999999998,NA
97,clustered_97_rot105,clustered,landscape,1,NA,NA,siei,siei,0.88871104,NA
98,labyrinth_98,labyrinth,landscape,1,NA,NA,siei,siei,0.96244156,NA
99,labyrinth_99,labyrinth,landscape,1,NA,NA,siei,siei,0.8178417599999999,NA
100,clustered_100_rot83,clustered,landscape,1,NA,NA,siei,siei,0.92796144,NA
1,random_1,random,landscape,1,NA,NA,split,split,1.7089933622356008,NA
2,random_2,random,landscape,1,NA,NA,split,split,1.76107055619997,NA
3,clustered_3_rot150,clustered,landscape,1,NA,NA,split,split,2.087496758639408,NA
4,random_4,random,landscape,1,NA,NA,split,split,2.080282252696046,NA
5,clustered_5_rot91,clustered,landscape,1,NA,NA,split,split,2.5131182258269944,NA
6,labyrinth_6,labyrinth,landscape,1,NA,NA,split,split,2.688333487554064,NA
7,clustered_7_rot125,clustered,landscape,1,NA,NA,split,split,2.122484145255683,NA
8,labyrinth_8,labyrinth,landscape,1,NA,NA,split,split,2.9929062136923057,NA
9,clustered_9_rot272,clustered,landscape,1,NA,NA,split,split,2.084617718425098,NA
10,random_10,random,landscape,1,NA,NA,split,split,2.223723383754482,NA
11,labyrinth_11,labyrinth,landscape,1,NA,NA,split,split,2.4749098588331213,NA
12,clustered_12_rot17,clustered,landscape,1,NA,NA,split,split,2.4972908140603662,NA
13,clustered_13_rot286,clustered,landscape,1,NA,NA,split,split,2.1463610466034226,NA
14,random_14,random,landscape,1,NA,NA,split,split,2.462076148666855,NA
15,random_15,random,landscape,1,NA,NA,split,split,2.401008000782921,NA
16,labyrinth_16,labyrinth,landscape,1,NA,NA,split,split,2.60438383429785,NA
17,random_17,random,landscape,1,NA,NA,split,split,2.1090146287159888,NA
18,labyrinth_18,labyrinth,landscape,1,NA,NA,split,split,2.2617535529094948,NA
19,clustered_19_rot254,clustered,landscape,1,NA,NA,split,split,2.0635950467115376,NA
20,random_20,random,landscape,1,NA,NA,split,split,1.3171775014702334,NA
21,clustered_21_rot190,clustered,landscape,1,NA,NA,split,split,2.2152630472015398,NA
22,clustered_22_rot218,clustered,landscape,1,NA,NA,split,split,2.001577964003702,NA
23,clustered_23_rot3,clustered,landscape,1,NA,NA,split,split,1.6756490391962457,NA
24,clustered_24_rot31,clustered,landscape,1,NA,NA,split,split,1.983037887128656,NA
25,random_25,random,landscape,1,NA,NA,split,split,1.79302129574979,NA
26,random_26,random,landscape,1,NA,NA,split,split,1.6761037453242154,NA
27,labyrinth_27,labyrinth,landscape,1,NA,NA,split,split,2.888837698684868,NA
28,clustered_28_rot276,clustered,landscape,1,NA,NA,split,split,1.9408726349690593,NA
29,clustered_29_rot188,clustered,landscape,1,NA,NA,split,split,2.2465617720016575,NA
30,clustered_30_rot52,clustered,landscape,1,NA,NA,split,split,2.0051640192085083,NA
31,random_31,random,landscape,1,NA,NA,split,split,1.2747110058063849,NA
32,random_32,random,landscape,1,NA,NA,split,split,2.159043429763122,NA
33,labyrinth_33,labyrinth,landscape,1,NA,NA,split,split,3.917854501383668,NA
34,labyrinth_34,labyrinth,landscape,1,NA,NA,split,split,2.9777644373930983,NA
35,clustered_35_rot173,clustered,landscape,1,NA,NA,split,split,2.2368306150174724,NA
36,labyrinth_36,labyrinth,landscape,1,NA,NA,split,split,2.9432531954164127,NA
37,labyrinth_37,labyrinth,landscape,1,NA,NA,split,split,2.9030063766276863,NA
38,labyrinth_38,labyrinth,landscape,1,NA,NA,split,split,2.784207750900273,NA
39,labyrinth_39,labyrinth,landscape,1,NA,NA,split,split,4.222338552340826,NA
40,clustered_40_rot22,clustered,landscape,1,NA,NA,split,split,2.0476527285812143,NA
41,random_41,random,landscape,1,NA,NA,split,split,1.6643599192971847,NA
42,clustered_42_rot150,clustered,landscape,1,NA,NA,split,split,1.999229736767018,NA
43,labyrinth_43,labyrinth,landscape,1,NA,NA,split,split,3.7240436022941896,NA
44,labyrinth_44,labyrinth,landscape,1,NA,NA,split,split,2.739767311562229,NA
45,clustered_45_rot177,clustered,landscape,1,NA,NA,split,split,2.1190754253535338,NA
46,random_46,random,landscape,1,NA,NA,split,split,1.8808298672773593,NA
47,random_47,random,landscape,1,NA,NA,split,split,1.7416179498391038,NA
48,labyrinth_48,labyrinth,landscape,1,NA,NA,split,split,3.948809528698526,NA
49,labyrinth_49,labyrinth,landscape,1,NA,NA,split,split,2.5077728419235417,NA
50,random_50,random,landscape,1,NA,NA,split,split,2.112367739902977,NA
51,random_51,random,landscape,1,NA,NA,split,split,1.2868808468787836,NA
52,random_52,random,landscape,1,NA,NA,split,split,1.7502130884435179,NA
53,labyrinth_53,labyrinth,landscape,1,NA,NA,split,split,2.981231774612201,NA
54,labyrinth_54,labyrinth,landscape,1,NA,NA,split,split,3.2435751749470922,NA
55,random_55,random,landscape,1,NA,NA,split,split,2.1071008159663625,NA
56,labyrinth_56,labyrinth,landscape,1,NA,NA,split,split,3.075383870952464,NA
57,random_57,random,landscape,1,NA,NA,split,split,2.5683280564465085,NA
58,random_58,random,landscape,1,NA,NA,split,split,1.6211501210626276,NA
59,labyrinth_59,labyrinth,landscape,1,NA,NA,split,split,2.4975353072820083,NA
60,clustered_60_rot335,clustered,landscape,1,NA,NA,split,split,2.419635789645963,NA
61,clustered_61_rot151,clustered,landscape,1,NA,NA,split,split,2.1160680239691256,NA
62,clustered_62_rot88,clustered,landscape,1,NA,NA,split,split,2.0716352407196643,NA
63,random_63,random,landscape,1,NA,NA,split,split,1.732559904731382,NA
64,labyrinth_64,labyrinth,landscape,1,NA,NA,split,split,2.5890007855028383,NA
65,random_65,random,landscape,1,NA,NA,split,split,1.5540450720935493,NA
66,clustered_66_rot224,clustered,landscape,1,NA,NA,split,split,2.353661784638628,NA
67,labyrinth_67,labyrinth,landscape,1,NA,NA,split,split,2.851568610822421,NA
68,labyrinth_68,labyrinth,landscape,1,NA,NA,split,split,3.0243951950586707,NA
69,clustered_69_rot78,clustered,landscape,1,NA,NA,split,split,2.0061480412873287,NA
70,clustered_70_rot170,clustered,landscape,1,NA,NA,split,split,2.02061438881931,NA
71,labyrinth_71,labyrinth,landscape,1,NA,NA,split,split,3.3603726841487584,NA
72,random_72,random,landscape,1,NA,NA,split,split,2.1693107093316284,NA
73,clustered_73_rot156,clustered,landscape,1,NA,NA,split,split,1.6706413451790267,NA
74,clustered_74_rot348,clustered,landscape,1,NA,NA,split,split,1.6248473212214611,NA
75,random_75,random,landscape,1,NA,NA,split,split,1.5532966686974463,NA
76,random_76,random,landscape,1,NA,NA,split,split,2.1363430361903775,NA
77,labyrinth_77,labyrinth,landscape,1,NA,NA,split,split,4.800753833569962,NA
78,random_78,random,landscape,1,NA,NA,split,split,2.1138422422623857,NA
79,clustered_79_rot79,clustered,landscape,1,NA,NA,split,split,2.198060264569963,NA
80,labyrinth_80,labyrinth,landscape,1,NA,NA,split,split,1.8925638441272306,NA
81,random_81,random,landscape,1,NA,NA,split,split,2.3023048788557103,NA
82,clustered_82_rot20,clustered,landscape,1,NA,NA,split,split,1.9737778870636662,NA
83,random_83,random,landscape,1,NA,NA,split,split,2.1524653175415844,NA
84,random_84,random,landscape,1,NA,NA,split,split,2.1084869678848337,NA
85,labyrinth_85,labyrinth,landscape,1,NA,NA,split,split,2.226427597620946,NA
86,clustered_86_rot6,clustered,landscape,1,NA,NA,split,split,2.1332222920022934,NA
87,labyrinth_87,labyrinth,landscape,1,NA,NA,split,split,2.688086342193499,NA
88,labyrinth_88,labyrinth,landscape,1,NA,NA,split,split,2.771997085854903,NA
89,labyrinth_89,labyrinth,landscape,1,NA,NA,split,split,2.569535352463935,NA
90,random_90,random,landscape,1,NA,NA,split,split,1.4662340806933714,NA
91,clustered_91_rot72,clustered,landscape,1,NA,NA,split,split,2.1457021906975653,NA
92,random_92,random,landscape,1,NA,NA,split,split,2.1494325025318166,NA
93,clustered_93_rot150,clustered,landscape,1,NA,NA,split,split,2.1076575456100253,NA
94,random_94,random,landscape,1,NA,NA,split,split,2.240685470499135,NA
95,labyrinth_95,labyrinth,landscape,1,NA,NA,split,split,2.5992359701819803,NA
96,labyrinth_96,labyrinth,landscape,1,NA,NA,split,split,2.280984540444798,NA
97,clustered_97_rot105,clustered,landscape,1,NA,NA,split,split,1.9471074492164195,NA
98,labyrinth_98,labyrinth,landscape,1,NA,NA,split,split,3.0257208053645783,NA
99,labyrinth_99,labyrinth,landscape,1,NA,NA,split,split,1.8336977012912312,NA
100,clustered_100_rot83,clustered,landscape,1,NA,NA,split,split,1.973880741520672,NA
1,random_1,random,landscape,1,NA,NA,ta,ta,1,NA
2,random_2,random,landscape,1,NA,NA,ta,ta,1,NA
3,clustered_3_rot150,clustered,landscape,1,NA,NA,ta,ta,1,NA
4,random_4,random,landscape,1,NA,NA,ta,ta,1,NA
5,clustered_5_rot91,clustered,landscape,1,NA,NA,ta,ta,1,NA
6,labyrinth_6,labyrinth,landscape,1,NA,NA,ta,ta,1,NA
7,clustered_7_rot125,clustered,landscape,1,NA,NA,ta,ta,1,NA
8,labyrinth_8,labyrinth,landscape,1,NA,NA,ta,ta,1,NA
9,clustered_9_rot272,clustered,landscape,1,NA,NA,ta,ta,1,NA
10,random_10,random,landscape,1,NA,NA,ta,ta,1,NA
11,labyrinth_11,labyrinth,landscape,1,NA,NA,ta,ta,1,NA
12,clustered_12_rot17,clustered,landscape,1,NA,NA,ta,ta,1,NA
13,clustered_13_rot286,clustered,landscape,1,NA,NA,ta,ta,1,NA
14,random_14,random,landscape,1,NA,NA,ta,ta,1,NA
15,random_15,random,landscape,1,NA,NA,ta,ta,1,NA
16,labyrinth_16,labyrinth,landscape,1,NA,NA,ta,ta,1,NA
17,random_17,random,landscape,1,NA,NA,ta,ta,1,NA
18,labyrinth_18,labyrinth,landscape,1,NA,NA,ta,ta,1,NA
19,clustered_19_rot254,clustered,landscape,1,NA,NA,ta,ta,1,NA
20,random_20,random,landscape,1,NA,NA,ta,ta,1,NA
21,clustered_21_rot190,clustered,landscape,1,NA,NA,ta,ta,1,NA
22,clustered_22_rot218,clustered,landscape,1,NA,NA,ta,ta,1,NA
23,clustered_23_rot3,clustered,landscape,1,NA,NA,ta,ta,1,NA
24,clustered_24_rot31,clustered,landscape,1,NA,NA,ta,ta,1,NA
25,random_25,random,landscape,1,NA,NA,ta,ta,1,NA
26,random_26,random,landscape,1,NA,NA,ta,ta,1,NA
27,labyrinth_27,labyrinth,landscape,1,NA,NA,ta,ta,1,NA
28,clustered_28_rot276,clustered,landscape,1,NA,NA,ta,ta,1,NA
29,clustered_29_rot188,clustered,landscape,1,NA,NA,ta,ta,1,NA
30,clustered_30_rot52,clustered,landscape,1,NA,NA,ta,ta,1,NA
31,random_31,random,landscape,1,NA,NA,ta,ta,1,NA
32,random_32,random,landscape,1,NA,NA,ta,ta,1,NA
33,labyrinth_33,labyrinth,landscape,1,NA,NA,ta,ta,1,NA
34,labyrinth_34,labyrinth,landscape,1,NA,NA,ta,ta,1,NA
35,clustered_35_rot173,clustered,landscape,1,NA,NA,ta,ta,1,NA
36,labyrinth_36,labyrinth,landscape,1,NA,NA,ta,ta,1,NA
37,labyrinth_37,labyrinth,landscape,1,NA,NA,ta,ta,1,NA
38,labyrinth_38,labyrinth,landscape,1,NA,NA,ta,ta,1,NA
39,labyrinth_39,labyrinth,landscape,1,NA,NA,ta,ta,1,NA
40,clustered_40_rot22,clustered,landscape,1,NA,NA,ta,ta,1,NA
41,random_41,random,landscape,1,NA,NA,ta,ta,1,NA
42,clustered_42_rot150,clustered,landscape,1,NA,NA,ta,ta,1,NA
43,labyrinth_43,labyrinth,landscape,1,NA,NA,ta,ta,1,NA
44,labyrinth_44,labyrinth,landscape,1,NA,NA,ta,ta,1,NA
45,clustered_45_rot177,clustered,landscape,1,NA,NA,ta,ta,1,NA
46,random_46,random,landscape,1,NA,NA,ta,ta,1,NA
47,random_47,random,landscape,1,NA,NA,ta,ta,1,NA
48,labyrinth_48,labyrinth,landscape,1,NA,NA,ta,ta,1,NA
49,labyrinth_49,labyrinth,landscape,1,NA,NA,ta,ta,1,NA
50,random_50,random,landscape,1,NA,NA,ta,ta,1,NA
51,random_51,random,landscape,1,NA,NA,ta,ta,1,NA
52,random_52,random,landscape,1,NA,NA,ta,ta,1,NA
53,labyrinth_53,labyrinth,landscape,1,NA,NA,ta,ta,1.0000000000000002,NA
54,labyrinth_54,labyrinth,landscape,1,NA,NA,ta,ta,1,NA
55,random_55,random,landscape,1,NA,NA,ta,ta,1,NA
56,labyrinth_56,labyrinth,landscape,1,NA,NA,ta,ta,1,NA
57,random_57,random,landscape,1,NA,NA,ta,ta,1,NA
58,random_58,random,landscape,1,NA,NA,ta,ta,1,NA
59,labyrinth_59,labyrinth,landscape,1,NA,NA,ta,ta,1,NA
60,clustered_60_rot335,clustered,landscape,1,NA,NA,ta,ta,1.0000000000000002,NA
61,clustered_61_rot151,clustered,landscape,1,NA,NA,ta,ta,1,NA
62,clustered_62_rot88,clustered,landscape,1,NA,NA,ta,ta,1,NA
63,random_63,random,landscape,1,NA,NA,ta,ta,1,NA
64,labyrinth_64,labyrinth,landscape,1,NA,NA,ta,ta,1,NA
65,random_65,random,landscape,1,NA,NA,ta,ta,1,NA
66,clustered_66_rot224,clustered,landscape,1,NA,NA,ta,ta,1,NA
67,labyrinth_67,labyrinth,landscape,1,NA,NA,ta,ta,1,NA
68,labyrinth_68,labyrinth,landscape,1,NA,NA,ta,ta,1,NA
69,clustered_69_rot78,clustered,landscape,1,NA,NA,ta,ta,1,NA
70,clustered_70_rot170,clustered,landscape,1,NA,NA,ta,ta,1,NA
71,labyrinth_71,labyrinth,landscape,1,NA,NA,ta,ta,1,NA
72,random_72,random,landscape,1,NA,NA,ta,ta,1,NA
73,clustered_73_rot156,clustered,landscape,1,NA,NA,ta,ta,1,NA
74,clustered_74_rot348,clustered,landscape,1,NA,NA,ta,ta,1,NA
75,random_75,random,landscape,1,NA,NA,ta,ta,1,NA
76,random_76,random,landscape,1,NA,NA,ta,ta,1,NA
77,labyrinth_77,labyrinth,landscape,1,NA,NA,ta,ta,1,NA
78,random_78,random,landscape,1,NA,NA,ta,ta,1,NA
79,clustered_79_rot79,clustered,landscape,1,NA,NA,ta,ta,1,NA
80,labyrinth_80,labyrinth,landscape,1,NA,NA,ta,ta,1,NA
81,random_81,random,landscape,1,NA,NA,ta,ta,1,NA
82,clustered_82_rot20,clustered,landscape,1,NA,NA,ta,ta,1,NA
83,random_83,random,landscape,1,NA,NA,ta,ta,1,NA
84,random_84,random,landscape,1,NA,NA,ta,ta,1,NA
85,labyrinth_85,labyrinth,landscape,1,NA,NA,ta,ta,1,NA
86,clustered_86_rot6,clustered,landscape,1,NA,NA,ta,ta,1,NA
87,labyrinth_87,labyrinth,landscape,1,NA,NA,ta,ta,1,NA
88,labyrinth_88,labyrinth,landscape,1,NA,NA,ta,ta,1,NA
89,labyrinth_89,labyrinth,landscape,1,NA,NA,ta,ta,1,NA
90,random_90,random,landscape,1,NA,NA,ta,ta,1,NA
91,clustered_91_rot72,clustered,landscape,1,NA,NA,ta,ta,1,NA
92,random_92,random,landscape,1,NA,NA,ta,ta,1,NA
93,clustered_93_rot150,clustered,landscape,1,NA,NA,ta,ta,1,NA
94,random_94,random,landscape,1,NA,NA,ta,ta,1,NA
95,labyrinth_95,labyrinth,landscape,1,NA,NA,ta,ta,1,NA
96,labyrinth_96,labyrinth,landscape,1,NA,NA,ta,ta,1,NA
97,clustered_97_rot105,clustered,landscape,1,NA,NA,ta,ta,1,NA
98,labyrinth_98,labyrinth,landscape,1,NA,NA,ta,ta,1,NA
99,labyrinth_99,labyrinth,landscape,1,NA,NA,ta,ta,1,NA
100,clustered_100_rot83,clustered,landscape,1,NA,NA,ta,ta,1,NA
1,random_1,random,landscape,1,NA,NA,tca,tca,0.25339999999999996,NA
2,random_2,random,landscape,1,NA,NA,tca,tca,0.2301,NA
3,clustered_3_rot150,clustered,landscape,1,NA,NA,tca,tca,0.9053,NA
4,random_4,random,landscape,1,NA,NA,tca,tca,0.0623,NA
5,clustered_5_rot91,clustered,landscape,1,NA,NA,tca,tca,0.8267,NA
6,labyrinth_6,labyrinth,landscape,1,NA,NA,tca,tca,0.8313,NA
7,clustered_7_rot125,clustered,landscape,1,NA,NA,tca,tca,0.8822,NA
8,labyrinth_8,labyrinth,landscape,1,NA,NA,tca,tca,0.8101,NA
9,clustered_9_rot272,clustered,landscape,1,NA,NA,tca,tca,0.842,NA
10,random_10,random,landscape,1,NA,NA,tca,tca,0.0638,NA
11,labyrinth_11,labyrinth,landscape,1,NA,NA,tca,tca,0.8515,NA
12,clustered_12_rot17,clustered,landscape,1,NA,NA,tca,tca,0.8166,NA
13,clustered_13_rot286,clustered,landscape,1,NA,NA,tca,tca,0.8896000000000001,NA
14,random_14,random,landscape,1,NA,NA,tca,tca,0.0999,NA
15,random_15,random,landscape,1,NA,NA,tca,tca,0.1117,NA
16,labyrinth_16,labyrinth,landscape,1,NA,NA,tca,tca,0.7607,NA
17,random_17,random,landscape,1,NA,NA,tca,tca,0.1584,NA
18,labyrinth_18,labyrinth,landscape,1,NA,NA,tca,tca,0.8561,NA
19,clustered_19_rot254,clustered,landscape,1,NA,NA,tca,tca,0.9163,NA
20,random_20,random,landscape,1,NA,NA,tca,tca,0.477,NA
21,clustered_21_rot190,clustered,landscape,1,NA,NA,tca,tca,0.8632000000000001,NA
22,clustered_22_rot218,clustered,landscape,1,NA,NA,tca,tca,0.8957,NA
23,clustered_23_rot3,clustered,landscape,1,NA,NA,tca,tca,0.7792,NA
24,clustered_24_rot31,clustered,landscape,1,NA,NA,tca,tca,0.8955000000000001,NA
25,random_25,random,landscape,1,NA,NA,tca,tca,0.2281,NA
26,random_26,random,landscape,1,NA,NA,tca,tca,0.2657,NA
27,labyrinth_27,labyrinth,landscape,1,NA,NA,tca,tca,0.8034,NA
28,clustered_28_rot276,clustered,landscape,1,NA,NA,tca,tca,0.8794,NA
29,clustered_29_rot188,clustered,landscape,1,NA,NA,tca,tca,0.8706,NA
30,clustered_30_rot52,clustered,landscape,1,NA,NA,tca,tca,0.9169,NA
31,random_31,random,landscape,1,NA,NA,tca,tca,0.5253,NA
32,random_32,random,landscape,1,NA,NA,tca,tca,0.0701,NA
33,labyrinth_33,labyrinth,landscape,1,NA,NA,tca,tca,0.7813,NA
34,labyrinth_34,labyrinth,landscape,1,NA,NA,tca,tca,0.8077,NA
35,clustered_35_rot173,clustered,landscape,1,NA,NA,tca,tca,0.8621,NA
36,labyrinth_36,labyrinth,landscape,1,NA,NA,tca,tca,0.851,NA
37,labyrinth_37,labyrinth,landscape,1,NA,NA,tca,tca,0.8071,NA
38,labyrinth_38,labyrinth,landscape,1,NA,NA,tca,tca,0.7944,NA
39,labyrinth_39,labyrinth,landscape,1,NA,NA,tca,tca,0.7865,NA
40,clustered_40_rot22,clustered,landscape,1,NA,NA,tca,tca,0.8926,NA
41,random_41,random,landscape,1,NA,NA,tca,tca,0.2675,NA
42,clustered_42_rot150,clustered,landscape,1,NA,NA,tca,tca,0.7677,NA
43,labyrinth_43,labyrinth,landscape,1,NA,NA,tca,tca,0.8098,NA
44,labyrinth_44,labyrinth,landscape,1,NA,NA,tca,tca,0.8398,NA
45,clustered_45_rot177,clustered,landscape,1,NA,NA,tca,tca,0.8906,NA
46,random_46,random,landscape,1,NA,NA,tca,tca,0.1967,NA
47,random_47,random,landscape,1,NA,NA,tca,tca,0.23850000000000002,NA
48,labyrinth_48,labyrinth,landscape,1,NA,NA,tca,tca,0.7666999999999999,NA
49,labyrinth_49,labyrinth,landscape,1,NA,NA,tca,tca,0.7404000000000001,NA
50,random_50,random,landscape,1,NA,NA,tca,tca,0.0648,NA
51,random_51,random,landscape,1,NA,NA,tca,tca,0.5052,NA
52,random_52,random,landscape,1,NA,NA,tca,tca,0.235,NA
53,labyrinth_53,labyrinth,landscape,1,NA,NA,tca,tca,0.7837999999999999,NA
54,labyrinth_54,labyrinth,landscape,1,NA,NA,tca,tca,0.7991,NA
55,random_55,random,landscape,1,NA,NA,tca,tca,0.1533,NA
56,labyrinth_56,labyrinth,landscape,1,NA,NA,tca,tca,0.832,NA
57,random_57,random,landscape,1,NA,NA,tca,tca,0.0911,NA
58,random_58,random,landscape,1,NA,NA,tca,tca,0.2871,NA
59,labyrinth_59,labyrinth,landscape,1,NA,NA,tca,tca,0.8271999999999999,NA
60,clustered_60_rot335,clustered,landscape,1,NA,NA,tca,tca,0.8257,NA
61,clustered_61_rot151,clustered,landscape,1,NA,NA,tca,tca,0.8102,NA
62,clustered_62_rot88,clustered,landscape,1,NA,NA,tca,tca,0.9016,NA
63,random_63,random,landscape,1,NA,NA,tca,tca,0.2396,NA
64,labyrinth_64,labyrinth,landscape,1,NA,NA,tca,tca,0.7913,NA
65,random_65,random,landscape,1,NA,NA,tca,tca,0.3199,NA
66,clustered_66_rot224,clustered,landscape,1,NA,NA,tca,tca,0.8334,NA
67,labyrinth_67,labyrinth,landscape,1,NA,NA,tca,tca,0.8581,NA
68,labyrinth_68,labyrinth,landscape,1,NA,NA,tca,tca,0.8043,NA
69,clustered_69_rot78,clustered,landscape,1,NA,NA,tca,tca,0.8984,NA
70,clustered_70_rot170,clustered,landscape,1,NA,NA,tca,tca,0.9149,NA
71,labyrinth_71,labyrinth,landscape,1,NA,NA,tca,tca,0.8647,NA
72,random_72,random,landscape,1,NA,NA,tca,tca,0.0616,NA
73,clustered_73_rot156,clustered,landscape,1,NA,NA,tca,tca,0.8252,NA
74,clustered_74_rot348,clustered,landscape,1,NA,NA,tca,tca,0.8212,NA
75,random_75,random,landscape,1,NA,NA,tca,tca,0.31920000000000004,NA
76,random_76,random,landscape,1,NA,NA,tca,tca,0.1518,NA
77,labyrinth_77,labyrinth,landscape,1,NA,NA,tca,tca,0.7289,NA
78,random_78,random,landscape,1,NA,NA,tca,tca,0.0606,NA
79,clustered_79_rot79,clustered,landscape,1,NA,NA,tca,tca,0.8845000000000001,NA
80,labyrinth_80,labyrinth,landscape,1,NA,NA,tca,tca,0.8188000000000001,NA
81,random_81,random,landscape,1,NA,NA,tca,tca,0.0689,NA
82,clustered_82_rot20,clustered,landscape,1,NA,NA,tca,tca,0.8837,NA
83,random_83,random,landscape,1,NA,NA,tca,tca,0.062,NA
84,random_84,random,landscape,1,NA,NA,tca,tca,0.0616,NA
85,labyrinth_85,labyrinth,landscape,1,NA,NA,tca,tca,0.7359,NA
86,clustered_86_rot6,clustered,landscape,1,NA,NA,tca,tca,0.8954,NA
87,labyrinth_87,labyrinth,landscape,1,NA,NA,tca,tca,0.779,NA
88,labyrinth_88,labyrinth,landscape,1,NA,NA,tca,tca,0.8124,NA
89,labyrinth_89,labyrinth,landscape,1,NA,NA,tca,tca,0.8162,NA
90,random_90,random,landscape,1,NA,NA,tca,tca,0.3669,NA
91,clustered_91_rot72,clustered,landscape,1,NA,NA,tca,tca,0.8825,NA
92,random_92,random,landscape,1,NA,NA,tca,tca,0.1535,NA
93,clustered_93_rot150,clustered,landscape,1,NA,NA,tca,tca,0.7343,NA
94,random_94,random,landscape,1,NA,NA,tca,tca,0.0794,NA
95,labyrinth_95,labyrinth,landscape,1,NA,NA,tca,tca,0.7352,NA
96,labyrinth_96,labyrinth,landscape,1,NA,NA,tca,tca,0.8204,NA
97,clustered_97_rot105,clustered,landscape,1,NA,NA,tca,tca,0.8972,NA
98,labyrinth_98,labyrinth,landscape,1,NA,NA,tca,tca,0.8371,NA
99,labyrinth_99,labyrinth,landscape,1,NA,NA,tca,tca,0.85,NA
100,clustered_100_rot83,clustered,landscape,1,NA,NA,tca,tca,0.8984,NA
1,random_1,random,landscape,1,NA,NA,te,te,7061,NA
2,random_2,random,landscape,1,NA,NA,te,te,7332,NA
3,clustered_3_rot150,clustered,landscape,1,NA,NA,te,te,454,NA
4,random_4,random,landscape,1,NA,NA,te,te,9832,NA
5,clustered_5_rot91,clustered,landscape,1,NA,NA,te,te,1217,NA
6,labyrinth_6,labyrinth,landscape,1,NA,NA,te,te,1076,NA
7,clustered_7_rot125,clustered,landscape,1,NA,NA,te,te,677,NA
8,labyrinth_8,labyrinth,landscape,1,NA,NA,te,te,1240,NA
9,clustered_9_rot272,clustered,landscape,1,NA,NA,te,te,1060,NA
10,random_10,random,landscape,1,NA,NA,te,te,9886,NA
11,labyrinth_11,labyrinth,landscape,1,NA,NA,te,te,911,NA
12,clustered_12_rot17,clustered,landscape,1,NA,NA,te,te,1315,NA
13,clustered_13_rot286,clustered,landscape,1,NA,NA,te,te,594,NA
14,random_14,random,landscape,1,NA,NA,te,te,9209,NA
15,random_15,random,landscape,1,NA,NA,te,te,9069,NA
16,labyrinth_16,labyrinth,landscape,1,NA,NA,te,te,1694,NA
17,random_17,random,landscape,1,NA,NA,te,te,8580,NA
18,labyrinth_18,labyrinth,landscape,1,NA,NA,te,te,864,NA
19,clustered_19_rot254,clustered,landscape,1,NA,NA,te,te,326,NA
20,random_20,random,landscape,1,NA,NA,te,te,4428,NA
21,clustered_21_rot190,clustered,landscape,1,NA,NA,te,te,829,NA
22,clustered_22_rot218,clustered,landscape,1,NA,NA,te,te,597,NA
23,clustered_23_rot3,clustered,landscape,1,NA,NA,te,te,1690,NA
24,clustered_24_rot31,clustered,landscape,1,NA,NA,te,te,571,NA
25,random_25,random,landscape,1,NA,NA,te,te,7527,NA
26,random_26,random,landscape,1,NA,NA,te,te,6980,NA
27,labyrinth_27,labyrinth,landscape,1,NA,NA,te,te,1424,NA
28,clustered_28_rot276,clustered,landscape,1,NA,NA,te,te,669,NA
29,clustered_29_rot188,clustered,landscape,1,NA,NA,te,te,768,NA
30,clustered_30_rot52,clustered,landscape,1,NA,NA,te,te,394,NA
31,random_31,random,landscape,1,NA,NA,te,te,3989,NA
32,random_32,random,landscape,1,NA,NA,te,te,9735,NA
33,labyrinth_33,labyrinth,landscape,1,NA,NA,te,te,1520,NA
34,labyrinth_34,labyrinth,landscape,1,NA,NA,te,te,1390,NA
35,clustered_35_rot173,clustered,landscape,1,NA,NA,te,te,864,NA
36,labyrinth_36,labyrinth,landscape,1,NA,NA,te,te,911,NA
37,labyrinth_37,labyrinth,landscape,1,NA,NA,te,te,1397,NA
38,labyrinth_38,labyrinth,landscape,1,NA,NA,te,te,1489,NA
39,labyrinth_39,labyrinth,landscape,1,NA,NA,te,te,1459,NA
40,clustered_40_rot22,clustered,landscape,1,NA,NA,te,te,572,NA
41,random_41,random,landscape,1,NA,NA,te,te,6863,NA
42,clustered_42_rot150,clustered,landscape,1,NA,NA,te,te,1877,NA
43,labyrinth_43,labyrinth,landscape,1,NA,NA,te,te,1267,NA
44,labyrinth_44,labyrinth,landscape,1,NA,NA,te,te,990,NA
45,clustered_45_rot177,clustered,landscape,1,NA,NA,te,te,581,NA
46,random_46,random,landscape,1,NA,NA,te,te,7865,NA
47,random_47,random,landscape,1,NA,NA,te,te,7243,NA
48,labyrinth_48,labyrinth,landscape,1,NA,NA,te,te,1735,NA
49,labyrinth_49,labyrinth,landscape,1,NA,NA,te,te,1982,NA
50,random_50,random,landscape,1,NA,NA,te,te,9828,NA
51,random_51,random,landscape,1,NA,NA,te,te,4157,NA
52,random_52,random,landscape,1,NA,NA,te,te,7318,NA
53,labyrinth_53,labyrinth,landscape,1,NA,NA,te,te,1513,NA
54,labyrinth_54,labyrinth,landscape,1,NA,NA,te,te,1339,NA
55,random_55,random,landscape,1,NA,NA,te,te,8455,NA
56,labyrinth_56,labyrinth,landscape,1,NA,NA,te,te,1075,NA
57,random_57,random,landscape,1,NA,NA,te,te,9431,NA
58,random_58,random,landscape,1,NA,NA,te,te,6698,NA
59,labyrinth_59,labyrinth,landscape,1,NA,NA,te,te,1061,NA
60,clustered_60_rot335,clustered,landscape,1,NA,NA,te,te,1269,NA
61,clustered_61_rot151,clustered,landscape,1,NA,NA,te,te,1407,NA
62,clustered_62_rot88,clustered,landscape,1,NA,NA,te,te,463,NA
63,random_63,random,landscape,1,NA,NA,te,te,7244,NA
64,labyrinth_64,labyrinth,landscape,1,NA,NA,te,te,1394,NA
65,random_65,random,landscape,1,NA,NA,te,te,6261,NA
66,clustered_66_rot224,clustered,landscape,1,NA,NA,te,te,1193,NA
67,labyrinth_67,labyrinth,landscape,1,NA,NA,te,te,864,NA
68,labyrinth_68,labyrinth,landscape,1,NA,NA,te,te,1370,NA
69,clustered_69_rot78,clustered,landscape,1,NA,NA,te,te,503,NA
70,clustered_70_rot170,clustered,landscape,1,NA,NA,te,te,340,NA
71,labyrinth_71,labyrinth,landscape,1,NA,NA,te,te,793,NA
72,random_72,random,landscape,1,NA,NA,te,te,9893,NA
73,clustered_73_rot156,clustered,landscape,1,NA,NA,te,te,1280,NA
74,clustered_74_rot348,clustered,landscape,1,NA,NA,te,te,1265,NA
75,random_75,random,landscape,1,NA,NA,te,te,6236,NA
76,random_76,random,landscape,1,NA,NA,te,te,8475,NA
77,labyrinth_77,labyrinth,landscape,1,NA,NA,te,te,2020,NA
78,random_78,random,landscape,1,NA,NA,te,te,10016,NA
79,clustered_79_rot79,clustered,landscape,1,NA,NA,te,te,666,NA
80,labyrinth_80,labyrinth,landscape,1,NA,NA,te,te,1116,NA
81,random_81,random,landscape,1,NA,NA,te,te,9722,NA
82,clustered_82_rot20,clustered,landscape,1,NA,NA,te,te,684,NA
83,random_83,random,landscape,1,NA,NA,te,te,9908,NA
84,random_84,random,landscape,1,NA,NA,te,te,9905,NA
85,labyrinth_85,labyrinth,landscape,1,NA,NA,te,te,2028,NA
86,clustered_86_rot6,clustered,landscape,1,NA,NA,te,te,512,NA
87,labyrinth_87,labyrinth,landscape,1,NA,NA,te,te,1611,NA
88,labyrinth_88,labyrinth,landscape,1,NA,NA,te,te,1278,NA
89,labyrinth_89,labyrinth,landscape,1,NA,NA,te,te,1132,NA
90,random_90,random,landscape,1,NA,NA,te,te,5712,NA
91,clustered_91_rot72,clustered,landscape,1,NA,NA,te,te,639,NA
92,random_92,random,landscape,1,NA,NA,te,te,8527,NA
93,clustered_93_rot150,clustered,landscape,1,NA,NA,te,te,2171,NA
94,random_94,random,landscape,1,NA,NA,te,te,9557,NA
95,labyrinth_95,labyrinth,landscape,1,NA,NA,te,te,2004,NA
96,labyrinth_96,labyrinth,landscape,1,NA,NA,te,te,1231,NA
97,clustered_97_rot105,clustered,landscape,1,NA,NA,te,te,538,NA
98,labyrinth_98,labyrinth,landscape,1,NA,NA,te,te,1096,NA
99,labyrinth_99,labyrinth,landscape,1,NA,NA,te,te,874,NA
100,clustered_100_rot83,clustered,landscape,1,NA,NA,te,te,488,NA
