landscape_id,landscape_name,pattern,level,layer,class,id,metric_name,metric,value,warnings
1,random_1,random,landscape,1,NA,NA,ai,ai,70.91870818442698,NA
2,sharp_2_rot108,sharp,landscape,1,NA,NA,ai,ai,99.67781160720372,NA
3,random_3,random,landscape,1,NA,NA,ai,ai,71.75723921359662,NA
4,sharp_4_rot87,sharp,landscape,1,NA,NA,ai,ai,99.85754658990325,NA
5,sharp_5_rot329,sharp,landscape,1,NA,NA,ai,ai,99.6539842452444,NA
6,random_6,random,landscape,1,NA,NA,ai,ai,51.67722697047451,NA
7,sharp_7_rot144,sharp,landscape,1,NA,NA,ai,ai,99.55329469063142,NA
8,sharp_8_rot184,sharp,landscape,1,NA,NA,ai,ai,99.8781853666973,NA
9,sharp_9_rot64,sharp,landscape,1,NA,NA,ai,ai,99.66511613017806,NA
10,random_10,random,landscape,1,NA,NA,ai,ai,52.09081348019187,NA
11,random_11,random,landscape,1,NA,NA,ai,ai,71.4315054044647,NA
12,sharp_12_rot167,sharp,landscape,1,NA,NA,ai,ai,99.74526795821579,NA
13,random_13,random,landscape,1,NA,NA,ai,ai,66.67381855324297,NA
14,random_14,random,landscape,1,NA,NA,ai,ai,50.593427056198166,NA
15,random_15,random,landscape,1,NA,NA,ai,ai,62.202969545317835,NA
16,random_16,random,landscape,1,NA,NA,ai,ai,52.2465618966331,NA
17,random_17,random,landscape,1,NA,NA,ai,ai,50.344555127752955,NA
18,random_18,random,landscape,1,NA,NA,ai,ai,74.37717982029554,NA
19,sharp_19_rot112,sharp,landscape,1,NA,NA,ai,ai,99.71595930667297,NA
20,random_20,random,landscape,1,NA,NA,ai,ai,71.28763504317872,NA
21,random_21,random,landscape,1,NA,NA,ai,ai,75.46441295507327,NA
22,random_22,random,landscape,1,NA,NA,ai,ai,68.5028703247836,NA
23,sharp_23_rot279,sharp,landscape,1,NA,NA,ai,ai,99.78065347554782,NA
24,random_24,random,landscape,1,NA,NA,ai,ai,52.501598085911155,NA
25,random_25,random,landscape,1,NA,NA,ai,ai,71.81907512375305,NA
26,random_26,random,landscape,1,NA,NA,ai,ai,77.90282519524173,NA
27,sharp_27_rot305,sharp,landscape,1,NA,NA,ai,ai,99.75479064131386,NA
28,random_28,random,landscape,1,NA,NA,ai,ai,50.130813632472226,NA
29,sharp_29_rot195,sharp,landscape,1,NA,NA,ai,ai,99.67703197043208,NA
30,sharp_30_rot81,sharp,landscape,1,NA,NA,ai,ai,99.83767643622414,NA
31,sharp_31_rot308,sharp,landscape,1,NA,NA,ai,ai,99.81015403744951,NA
32,random_32,random,landscape,1,NA,NA,ai,ai,50.09520201555702,NA
33,sharp_33_rot300,sharp,landscape,1,NA,NA,ai,ai,99.62878714753094,NA
34,sharp_34_rot273,sharp,landscape,1,NA,NA,ai,ai,99.87813752047163,NA
35,random_35,random,landscape,1,NA,NA,ai,ai,79.71511205338484,NA
36,random_36,random,landscape,1,NA,NA,ai,ai,62.14239416887152,NA
37,random_37,random,landscape,1,NA,NA,ai,ai,55.91634249002766,NA
38,sharp_38_rot249,sharp,landscape,1,NA,NA,ai,ai,99.71058747130829,NA
39,sharp_39_rot66,sharp,landscape,1,NA,NA,ai,ai,99.67370848288107,NA
40,sharp_40_rot331,sharp,landscape,1,NA,NA,ai,ai,99.63475215905538,NA
41,sharp_41_rot185,sharp,landscape,1,NA,NA,ai,ai,99.80600220228494,NA
42,random_42,random,landscape,1,NA,NA,ai,ai,53.780931666451806,NA
43,random_43,random,landscape,1,NA,NA,ai,ai,51.97553614825617,NA
44,random_44,random,landscape,1,NA,NA,ai,ai,52.11199426707694,NA
45,sharp_45_rot260,sharp,landscape,1,NA,NA,ai,ai,99.73933712592049,NA
46,random_46,random,landscape,1,NA,NA,ai,ai,82.60343667503902,NA
47,sharp_47_rot311,sharp,landscape,1,NA,NA,ai,ai,99.84554945441425,NA
48,random_48,random,landscape,1,NA,NA,ai,ai,52.71664395840591,NA
49,sharp_49_rot290,sharp,landscape,1,NA,NA,ai,ai,99.76367356045552,NA
50,sharp_50_rot26,sharp,landscape,1,NA,NA,ai,ai,99.64430537465103,NA
51,sharp_51_rot174,sharp,landscape,1,NA,NA,ai,ai,99.8630466402729,NA
52,sharp_52_rot258,sharp,landscape,1,NA,NA,ai,ai,99.80721445970212,NA
53,sharp_53_rot89,sharp,landscape,1,NA,NA,ai,ai,99.90363550948003,NA
54,sharp_54_rot216,sharp,landscape,1,NA,NA,ai,ai,99.85030488344688,NA
55,random_55,random,landscape,1,NA,NA,ai,ai,67.35472658668668,NA
56,sharp_56_rot328,sharp,landscape,1,NA,NA,ai,ai,99.59356454345414,NA
57,sharp_57_rot74,sharp,landscape,1,NA,NA,ai,ai,99.73032887325598,NA
58,random_58,random,landscape,1,NA,NA,ai,ai,67.38561764063043,NA
59,sharp_59_rot291,sharp,landscape,1,NA,NA,ai,ai,99.72093836096414,NA
60,random_60,random,landscape,1,NA,NA,ai,ai,57.965794843590764,NA
61,random_61,random,landscape,1,NA,NA,ai,ai,78.83112607715088,NA
62,sharp_62_rot178,sharp,landscape,1,NA,NA,ai,ai,99.89855567089529,NA
63,random_63,random,landscape,1,NA,NA,ai,ai,52.00337309409581,NA
64,sharp_64_rot282,sharp,landscape,1,NA,NA,ai,ai,99.70819537398668,NA
65,random_65,random,landscape,1,NA,NA,ai,ai,69.11860329241779,NA
66,sharp_66_rot51,sharp,landscape,1,NA,NA,ai,ai,99.84035580627408,NA
67,random_67,random,landscape,1,NA,NA,ai,ai,51.82791200341926,NA
68,sharp_68_rot332,sharp,landscape,1,NA,NA,ai,ai,99.62920837997761,NA
69,random_69,random,landscape,1,NA,NA,ai,ai,66.10867484415152,NA
70,random_70,random,landscape,1,NA,NA,ai,ai,50.86547151049783,NA
71,random_71,random,landscape,1,NA,NA,ai,ai,50.57375666438583,NA
72,random_72,random,landscape,1,NA,NA,ai,ai,50.15591655122002,NA
73,sharp_73_rot288,sharp,landscape,1,NA,NA,ai,ai,99.735994027294,NA
74,sharp_74_rot285,sharp,landscape,1,NA,NA,ai,ai,99.73540634810203,NA
75,sharp_75_rot69,sharp,landscape,1,NA,NA,ai,ai,99.67958769785508,NA
76,random_76,random,landscape,1,NA,NA,ai,ai,52.45554851013425,NA
77,random_77,random,landscape,1,NA,NA,ai,ai,51.9186047247296,NA
78,random_78,random,landscape,1,NA,NA,ai,ai,64.83068834068855,NA
79,random_79,random,landscape,1,NA,NA,ai,ai,53.81746253244481,NA
80,sharp_80_rot260,sharp,landscape,1,NA,NA,ai,ai,99.71821676932053,NA
81,sharp_81_rot193,sharp,landscape,1,NA,NA,ai,ai,99.71928411321828,NA
82,random_82,random,landscape,1,NA,NA,ai,ai,50.757561931468906,NA
83,random_83,random,landscape,1,NA,NA,ai,ai,78.42805438262975,NA
84,sharp_84_rot19,sharp,landscape,1,NA,NA,ai,ai,99.83369431941176,NA
85,random_85,random,landscape,1,NA,NA,ai,ai,49.41632821755714,NA
86,sharp_86_rot322,sharp,landscape,1,NA,NA,ai,ai,99.52322339233183,NA
87,random_87,random,landscape,1,NA,NA,ai,ai,55.79566547908664,NA
88,sharp_88_rot76,sharp,landscape,1,NA,NA,ai,ai,99.7663035447478,NA
89,sharp_89_rot22,sharp,landscape,1,NA,NA,ai,ai,99.7108631287849,NA
90,sharp_90_rot226,sharp,landscape,1,NA,NA,ai,ai,99.84559921011973,NA
91,sharp_91_rot271,sharp,landscape,1,NA,NA,ai,ai,99.82083060294282,NA
92,random_92,random,landscape,1,NA,NA,ai,ai,53.567074008349636,NA
93,sharp_93_rot226,sharp,landscape,1,NA,NA,ai,ai,99.58367527036589,NA
94,random_94,random,landscape,1,NA,NA,ai,ai,52.4407768404686,NA
95,sharp_95_rot353,sharp,landscape,1,NA,NA,ai,ai,99.84255843059768,NA
96,sharp_96_rot338,sharp,landscape,1,NA,NA,ai,ai,99.6901858085106,NA
97,sharp_97_rot301,sharp,landscape,1,NA,NA,ai,ai,99.7647603548034,NA
98,random_98,random,landscape,1,NA,NA,ai,ai,49.90358266039486,NA
99,sharp_99_rot291,sharp,landscape,1,NA,NA,ai,ai,99.78377427648566,NA
100,random_100,random,landscape,1,NA,NA,ai,ai,62.32469796604414,NA
1,random_1,random,landscape,1,NA,NA,area_cv,area_cv,2260.9919740389623,NA
2,sharp_2_rot108,sharp,landscape,1,NA,NA,area_cv,area_cv,98.1464212286928,NA
3,random_3,random,landscape,1,NA,NA,area_cv,area_cv,2289.185422569418,NA
4,sharp_4_rot87,sharp,landscape,1,NA,NA,area_cv,area_cv,56.65339530866619,NA
5,sharp_5_rot329,sharp,landscape,1,NA,NA,area_cv,area_cv,74.81189744953673,NA
6,random_6,random,landscape,1,NA,NA,area_cv,area_cv,814.5392692353947,NA
7,sharp_7_rot144,sharp,landscape,1,NA,NA,area_cv,area_cv,41.91728998873854,NA
8,sharp_8_rot184,sharp,landscape,1,NA,NA,area_cv,area_cv,28.369124061204293,NA
9,sharp_9_rot64,sharp,landscape,1,NA,NA,area_cv,area_cv,28.425692603699215,NA
10,random_10,random,landscape,1,NA,NA,area_cv,area_cv,871.112074558178,NA
11,random_11,random,landscape,1,NA,NA,area_cv,area_cv,2286.2620493071427,NA
12,sharp_12_rot167,sharp,landscape,1,NA,NA,area_cv,area_cv,75.46243568822835,NA
13,random_13,random,landscape,1,NA,NA,area_cv,area_cv,2074.9802041037437,NA
14,random_14,random,landscape,1,NA,NA,area_cv,area_cv,716.9842602836868,NA
15,random_15,random,landscape,1,NA,NA,area_cv,area_cv,1880.4808890097802,NA
16,random_16,random,landscape,1,NA,NA,area_cv,area_cv,792.5284697614694,NA
17,random_17,random,landscape,1,NA,NA,area_cv,area_cv,689.4305103813292,NA
18,random_18,random,landscape,1,NA,NA,area_cv,area_cv,2357.590969452881,NA
19,sharp_19_rot112,sharp,landscape,1,NA,NA,area_cv,area_cv,6.194255403194157,NA
20,random_20,random,landscape,1,NA,NA,area_cv,area_cv,2186.1191607160526,NA
21,random_21,random,landscape,1,NA,NA,area_cv,area_cv,2330.579238296943,NA
22,random_22,random,landscape,1,NA,NA,area_cv,area_cv,2162.470874211481,NA
23,sharp_23_rot279,sharp,landscape,1,NA,NA,area_cv,area_cv,80.24247752904941,NA
24,random_24,random,landscape,1,NA,NA,area_cv,area_cv,903.0363687893633,NA
25,random_25,random,landscape,1,NA,NA,area_cv,area_cv,2292.8122098767244,NA
26,random_26,random,landscape,1,NA,NA,area_cv,area_cv,2364.75151646808,NA
27,sharp_27_rot305,sharp,landscape,1,NA,NA,area_cv,area_cv,98.79695946738443,NA
28,random_28,random,landscape,1,NA,NA,area_cv,area_cv,674.4670222615538,NA
29,sharp_29_rot195,sharp,landscape,1,NA,NA,area_cv,area_cv,105.3589103967956,NA
30,sharp_30_rot81,sharp,landscape,1,NA,NA,area_cv,area_cv,11.455129855222063,NA
31,sharp_31_rot308,sharp,landscape,1,NA,NA,area_cv,area_cv,111.24203881626767,NA
32,random_32,random,landscape,1,NA,NA,area_cv,area_cv,799.8298894438905,NA
33,sharp_33_rot300,sharp,landscape,1,NA,NA,area_cv,area_cv,68.13680943513573,NA
34,sharp_34_rot273,sharp,landscape,1,NA,NA,area_cv,area_cv,34.02597831069667,NA
35,random_35,random,landscape,1,NA,NA,area_cv,area_cv,2312.4354184296462,NA
36,random_36,random,landscape,1,NA,NA,area_cv,area_cv,1865.7537619479506,NA
37,random_37,random,landscape,1,NA,NA,area_cv,area_cv,1380.1011568450338,NA
38,sharp_38_rot249,sharp,landscape,1,NA,NA,area_cv,area_cv,42.34155405745047,NA
39,sharp_39_rot66,sharp,landscape,1,NA,NA,area_cv,area_cv,86.52158574598596,NA
40,sharp_40_rot331,sharp,landscape,1,NA,NA,area_cv,area_cv,19.205020177026636,NA
41,sharp_41_rot185,sharp,landscape,1,NA,NA,area_cv,area_cv,82.30722933011414,NA
42,random_42,random,landscape,1,NA,NA,area_cv,area_cv,1038.9994018049017,NA
43,random_43,random,landscape,1,NA,NA,area_cv,area_cv,904.2315869235292,NA
44,random_44,random,landscape,1,NA,NA,area_cv,area_cv,799.6564323319606,NA
45,sharp_45_rot260,sharp,landscape,1,NA,NA,area_cv,area_cv,91.89559728300372,NA
46,random_46,random,landscape,1,NA,NA,area_cv,area_cv,2236.5020133714015,NA
47,sharp_47_rot311,sharp,landscape,1,NA,NA,area_cv,area_cv,118.1999695431433,NA
48,random_48,random,landscape,1,NA,NA,area_cv,area_cv,1028.124499824876,NA
49,sharp_49_rot290,sharp,landscape,1,NA,NA,area_cv,area_cv,111.46831298624735,NA
50,sharp_50_rot26,sharp,landscape,1,NA,NA,area_cv,area_cv,56.73824812240858,NA
51,sharp_51_rot174,sharp,landscape,1,NA,NA,area_cv,area_cv,11.341992770232222,NA
52,sharp_52_rot258,sharp,landscape,1,NA,NA,area_cv,area_cv,20.194969670687797,NA
53,sharp_53_rot89,sharp,landscape,1,NA,NA,area_cv,area_cv,2.828427124746185,NA
54,sharp_54_rot216,sharp,landscape,1,NA,NA,area_cv,area_cv,121.62236636408619,NA
55,random_55,random,landscape,1,NA,NA,area_cv,area_cv,2148.6368650290747,NA
56,sharp_56_rot328,sharp,landscape,1,NA,NA,area_cv,area_cv,56.79481666490349,NA
57,sharp_57_rot74,sharp,landscape,1,NA,NA,area_cv,area_cv,67.71254536642381,NA
58,random_58,random,landscape,1,NA,NA,area_cv,area_cv,2111.3395886809503,NA
59,sharp_59_rot291,sharp,landscape,1,NA,NA,area_cv,area_cv,24.183051916579924,NA
60,random_60,random,landscape,1,NA,NA,area_cv,area_cv,1533.080157704472,NA
61,random_61,random,landscape,1,NA,NA,area_cv,area_cv,2327.4315051271624,NA
62,sharp_62_rot178,sharp,landscape,1,NA,NA,area_cv,area_cv,5.656854249492378,NA
63,random_63,random,landscape,1,NA,NA,area_cv,area_cv,876.141387764561,NA
64,sharp_64_rot282,sharp,landscape,1,NA,NA,area_cv,area_cv,98.31612685617756,NA
65,random_65,random,landscape,1,NA,NA,area_cv,area_cv,2184.499733849068,NA
66,sharp_66_rot51,sharp,landscape,1,NA,NA,area_cv,area_cv,118.25653808563821,NA
67,random_67,random,landscape,1,NA,NA,area_cv,area_cv,857.056959292719,NA
68,sharp_68_rot332,sharp,landscape,1,NA,NA,area_cv,area_cv,51.39252085663828,NA
69,random_69,random,landscape,1,NA,NA,area_cv,area_cv,2054.1187195025286,NA
70,random_70,random,landscape,1,NA,NA,area_cv,area_cv,741.6321559511007,NA
71,random_71,random,landscape,1,NA,NA,area_cv,area_cv,769.5393232084621,NA
72,random_72,random,landscape,1,NA,NA,area_cv,area_cv,681.4499047808087,NA
73,sharp_73_rot288,sharp,landscape,1,NA,NA,area_cv,area_cv,41.71930009000631,NA
74,sharp_74_rot285,sharp,landscape,1,NA,NA,area_cv,area_cv,67.31656556895932,NA
75,sharp_75_rot69,sharp,landscape,1,NA,NA,area_cv,area_cv,66.60945878777278,NA
76,random_76,random,landscape,1,NA,NA,area_cv,area_cv,900.736273828305,NA
77,random_77,random,landscape,1,NA,NA,area_cv,area_cv,923.2992477450996,NA
78,random_78,random,landscape,1,NA,NA,area_cv,area_cv,2009.0792222694788,NA
79,random_79,random,landscape,1,NA,NA,area_cv,area_cv,1056.7387595376729,NA
80,sharp_80_rot260,sharp,landscape,1,NA,NA,area_cv,area_cv,100.5223000134796,NA
81,sharp_81_rot193,sharp,landscape,1,NA,NA,area_cv,area_cv,87.0872711709352,NA
82,random_82,random,landscape,1,NA,NA,area_cv,area_cv,719.5608565088986,NA
83,random_83,random,landscape,1,NA,NA,area_cv,area_cv,2320.3874646495974,NA
84,sharp_84_rot19,sharp,landscape,1,NA,NA,area_cv,area_cv,125.58216433873086,NA
85,random_85,random,landscape,1,NA,NA,area_cv,area_cv,697.7185020029602,NA
86,sharp_86_rot322,sharp,landscape,1,NA,NA,area_cv,area_cv,10.776307345282984,NA
87,random_87,random,landscape,1,NA,NA,area_cv,area_cv,1367.3662311212213,NA
88,sharp_88_rot76,sharp,landscape,1,NA,NA,area_cv,area_cv,49.55404322555325,NA
89,sharp_89_rot22,sharp,landscape,1,NA,NA,area_cv,area_cv,15.386643558619276,NA
90,sharp_90_rot226,sharp,landscape,1,NA,NA,area_cv,area_cv,117.91712683066868,NA
91,sharp_91_rot271,sharp,landscape,1,NA,NA,area_cv,area_cv,90.53795226312556,NA
92,random_92,random,landscape,1,NA,NA,area_cv,area_cv,1088.3674653281284,NA
93,sharp_93_rot226,sharp,landscape,1,NA,NA,area_cv,area_cv,47.46100715324108,NA
94,random_94,random,landscape,1,NA,NA,area_cv,area_cv,944.8307470575253,NA
95,sharp_95_rot353,sharp,landscape,1,NA,NA,area_cv,area_cv,39.85253818767382,NA
96,sharp_96_rot338,sharp,landscape,1,NA,NA,area_cv,area_cv,48.76208363062432,NA
97,sharp_97_rot301,sharp,landscape,1,NA,NA,area_cv,area_cv,102.98303161200879,NA
98,random_98,random,landscape,1,NA,NA,area_cv,area_cv,639.1473533126078,NA
99,sharp_99_rot291,sharp,landscape,1,NA,NA,area_cv,area_cv,115.79580648710903,NA
100,random_100,random,landscape,1,NA,NA,area_cv,area_cv,1842.3031524242706,NA
1,random_1,random,landscape,1,NA,NA,area_mn,area_mn,0.0013175230566534915,NA
2,sharp_2_rot108,sharp,landscape,1,NA,NA,area_mn,area_mn,0.5,NA
3,random_3,random,landscape,1,NA,NA,area_mn,area_mn,0.0013089005235602095,NA
4,sharp_4_rot87,sharp,landscape,1,NA,NA,area_mn,area_mn,0.5,NA
5,sharp_5_rot329,sharp,landscape,1,NA,NA,area_mn,area_mn,0.5,NA
6,random_6,random,landscape,1,NA,NA,area_mn,area_mn,0.006756756756756757,NA
7,sharp_7_rot144,sharp,landscape,1,NA,NA,area_mn,area_mn,0.5,NA
8,sharp_8_rot184,sharp,landscape,1,NA,NA,area_mn,area_mn,0.5,NA
9,sharp_9_rot64,sharp,landscape,1,NA,NA,area_mn,area_mn,0.5,NA
10,random_10,random,landscape,1,NA,NA,area_mn,area_mn,0.005235602094240838,NA
11,random_11,random,landscape,1,NA,NA,area_mn,area_mn,0.0013071895424836603,NA
12,sharp_12_rot167,sharp,landscape,1,NA,NA,area_mn,area_mn,0.5,NA
13,random_13,random,landscape,1,NA,NA,area_mn,area_mn,0.0014347202295552368,NA
14,random_14,random,landscape,1,NA,NA,area_mn,area_mn,0.009009009009009009,NA
15,random_15,random,landscape,1,NA,NA,area_mn,area_mn,0.001579778830963665,NA
16,random_16,random,landscape,1,NA,NA,area_mn,area_mn,0.005813953488372093,NA
17,random_17,random,landscape,1,NA,NA,area_mn,area_mn,0.009615384615384616,NA
18,random_18,random,landscape,1,NA,NA,area_mn,area_mn,0.0012987012987012987,NA
19,sharp_19_rot112,sharp,landscape,1,NA,NA,area_mn,area_mn,0.5,NA
20,random_20,random,landscape,1,NA,NA,area_mn,area_mn,0.0014144271570014145,NA
21,random_21,random,landscape,1,NA,NA,area_mn,area_mn,0.0013531799729364006,NA
22,random_22,random,landscape,1,NA,NA,area_mn,area_mn,0.0013774104683195593,NA
23,sharp_23_rot279,sharp,landscape,1,NA,NA,area_mn,area_mn,0.5,NA
24,random_24,random,landscape,1,NA,NA,area_mn,area_mn,0.00462962962962963,NA
25,random_25,random,landscape,1,NA,NA,area_mn,area_mn,0.0013123359580052495,NA
26,random_26,random,landscape,1,NA,NA,area_mn,area_mn,0.0013679890560875513,NA
27,sharp_27_rot305,sharp,landscape,1,NA,NA,area_mn,area_mn,0.5,NA
28,random_28,random,landscape,1,NA,NA,area_mn,area_mn,0.010101010101010102,NA
29,sharp_29_rot195,sharp,landscape,1,NA,NA,area_mn,area_mn,0.5,NA
30,sharp_30_rot81,sharp,landscape,1,NA,NA,area_mn,area_mn,0.5,NA
31,sharp_31_rot308,sharp,landscape,1,NA,NA,area_mn,area_mn,0.5,NA
32,random_32,random,landscape,1,NA,NA,area_mn,area_mn,0.007194244604316547,NA
33,sharp_33_rot300,sharp,landscape,1,NA,NA,area_mn,area_mn,0.5,NA
34,sharp_34_rot273,sharp,landscape,1,NA,NA,area_mn,area_mn,0.5,NA
35,random_35,random,landscape,1,NA,NA,area_mn,area_mn,0.0014598540145985403,NA
36,random_36,random,landscape,1,NA,NA,area_mn,area_mn,0.001589825119236884,NA
37,random_37,random,landscape,1,NA,NA,area_mn,area_mn,0.002352941176470588,NA
38,sharp_38_rot249,sharp,landscape,1,NA,NA,area_mn,area_mn,0.5,NA
39,sharp_39_rot66,sharp,landscape,1,NA,NA,area_mn,area_mn,0.5,NA
40,sharp_40_rot331,sharp,landscape,1,NA,NA,area_mn,area_mn,0.5,NA
41,sharp_41_rot185,sharp,landscape,1,NA,NA,area_mn,area_mn,0.5,NA
42,random_42,random,landscape,1,NA,NA,area_mn,area_mn,0.0037593984962406017,NA
43,random_43,random,landscape,1,NA,NA,area_mn,area_mn,0.0048543689320388345,NA
44,random_44,random,landscape,1,NA,NA,area_mn,area_mn,0.005988023952095809,NA
45,sharp_45_rot260,sharp,landscape,1,NA,NA,area_mn,area_mn,0.5,NA
46,random_46,random,landscape,1,NA,NA,area_mn,area_mn,0.0016260162601626016,NA
47,sharp_47_rot311,sharp,landscape,1,NA,NA,area_mn,area_mn,0.5,NA
48,random_48,random,landscape,1,NA,NA,area_mn,area_mn,0.003773584905660378,NA
49,sharp_49_rot290,sharp,landscape,1,NA,NA,area_mn,area_mn,0.5,NA
50,sharp_50_rot26,sharp,landscape,1,NA,NA,area_mn,area_mn,0.5,NA
51,sharp_51_rot174,sharp,landscape,1,NA,NA,area_mn,area_mn,0.5,NA
52,sharp_52_rot258,sharp,landscape,1,NA,NA,area_mn,area_mn,0.5,NA
53,sharp_53_rot89,sharp,landscape,1,NA,NA,area_mn,area_mn,0.5,NA
54,sharp_54_rot216,sharp,landscape,1,NA,NA,area_mn,area_mn,0.5,NA
55,random_55,random,landscape,1,NA,NA,area_mn,area_mn,0.001366120218579235,NA
56,sharp_56_rot328,sharp,landscape,1,NA,NA,area_mn,area_mn,0.5,NA
57,sharp_57_rot74,sharp,landscape,1,NA,NA,area_mn,area_mn,0.5,NA
58,random_58,random,landscape,1,NA,NA,area_mn,area_mn,0.0014144271570014145,NA
59,sharp_59_rot291,sharp,landscape,1,NA,NA,area_mn,area_mn,0.5,NA
60,random_60,random,landscape,1,NA,NA,area_mn,area_mn,0.002092050209205021,NA
61,random_61,random,landscape,1,NA,NA,area_mn,area_mn,0.0014245014245014246,NA
62,sharp_62_rot178,sharp,landscape,1,NA,NA,area_mn,area_mn,0.5,NA
63,random_63,random,landscape,1,NA,NA,area_mn,area_mn,0.005319148936170213,NA
64,sharp_64_rot282,sharp,landscape,1,NA,NA,area_mn,area_mn,0.5,NA
65,random_65,random,landscape,1,NA,NA,area_mn,area_mn,0.001360544217687075,NA
66,sharp_66_rot51,sharp,landscape,1,NA,NA,area_mn,area_mn,0.5,NA
67,random_67,random,landscape,1,NA,NA,area_mn,area_mn,0.005050505050505051,NA
68,sharp_68_rot332,sharp,landscape,1,NA,NA,area_mn,area_mn,0.5,NA
69,random_69,random,landscape,1,NA,NA,area_mn,area_mn,0.0014450867052023123,NA
70,random_70,random,landscape,1,NA,NA,area_mn,area_mn,0.008403361344537816,NA
71,random_71,random,landscape,1,NA,NA,area_mn,area_mn,0.006849315068493151,NA
72,random_72,random,landscape,1,NA,NA,area_mn,area_mn,0.010204081632653062,NA
73,sharp_73_rot288,sharp,landscape,1,NA,NA,area_mn,area_mn,0.5,NA
74,sharp_74_rot285,sharp,landscape,1,NA,NA,area_mn,area_mn,0.5,NA
75,sharp_75_rot69,sharp,landscape,1,NA,NA,area_mn,area_mn,0.5,NA
76,random_76,random,landscape,1,NA,NA,area_mn,area_mn,0.0049261083743842365,NA
77,random_77,random,landscape,1,NA,NA,area_mn,area_mn,0.004739336492890996,NA
78,random_78,random,landscape,1,NA,NA,area_mn,area_mn,0.0014705882352941178,NA
79,random_79,random,landscape,1,NA,NA,area_mn,area_mn,0.00353356890459364,NA
80,sharp_80_rot260,sharp,landscape,1,NA,NA,area_mn,area_mn,0.5,NA
81,sharp_81_rot193,sharp,landscape,1,NA,NA,area_mn,area_mn,0.5,NA
82,random_82,random,landscape,1,NA,NA,area_mn,area_mn,0.00892857142857143,NA
83,random_83,random,landscape,1,NA,NA,area_mn,area_mn,0.0014204545454545455,NA
84,sharp_84_rot19,sharp,landscape,1,NA,NA,area_mn,area_mn,0.5,NA
85,random_85,random,landscape,1,NA,NA,area_mn,area_mn,0.00970873786407767,NA
86,sharp_86_rot322,sharp,landscape,1,NA,NA,area_mn,area_mn,0.5,NA
87,random_87,random,landscape,1,NA,NA,area_mn,area_mn,0.002415458937198068,NA
88,sharp_88_rot76,sharp,landscape,1,NA,NA,area_mn,area_mn,0.5,NA
89,sharp_89_rot22,sharp,landscape,1,NA,NA,area_mn,area_mn,0.5,NA
90,sharp_90_rot226,sharp,landscape,1,NA,NA,area_mn,area_mn,0.5,NA
91,sharp_91_rot271,sharp,landscape,1,NA,NA,area_mn,area_mn,0.5,NA
92,random_92,random,landscape,1,NA,NA,area_mn,area_mn,0.003448275862068966,NA
93,sharp_93_rot226,sharp,landscape,1,NA,NA,area_mn,area_mn,0.5,NA
94,random_94,random,landscape,1,NA,NA,area_mn,area_mn,0.004310344827586207,NA
95,sharp_95_rot353,sharp,landscape,1,NA,NA,area_mn,area_mn,0.5,NA
96,sharp_96_rot338,sharp,landscape,1,NA,NA,area_mn,area_mn,0.5,NA
97,sharp_97_rot301,sharp,landscape,1,NA,NA,area_mn,area_mn,0.5,NA
98,random_98,random,landscape,1,NA,NA,area_mn,area_mn,0.011494252873563218,NA
99,sharp_99_rot291,sharp,landscape,1,NA,NA,area_mn,area_mn,0.5,NA
100,random_100,random,landscape,1,NA,NA,area_mn,area_mn,0.0016339869281045752,NA
1,random_1,random,landscape,1,NA,NA,area_sd,area_sd,0.02978909056704825,NA
2,sharp_2_rot108,sharp,landscape,1,NA,NA,area_sd,area_sd,0.490732106143464,NA
3,random_3,random,landscape,1,NA,NA,area_sd,area_sd,0.029963159981275106,NA
4,sharp_4_rot87,sharp,landscape,1,NA,NA,area_sd,area_sd,0.28326697654333094,NA
5,sharp_5_rot329,sharp,landscape,1,NA,NA,area_sd,area_sd,0.3740594872476837,NA
6,random_6,random,landscape,1,NA,NA,area_sd,area_sd,0.055036437110499645,NA
7,sharp_7_rot144,sharp,landscape,1,NA,NA,area_sd,area_sd,0.2095864499436927,NA
8,sharp_8_rot184,sharp,landscape,1,NA,NA,area_sd,area_sd,0.14184562030602146,NA
9,sharp_9_rot64,sharp,landscape,1,NA,NA,area_sd,area_sd,0.14212846301849608,NA
10,random_10,random,landscape,1,NA,NA,area_sd,area_sd,0.04560796201875278,NA
11,random_11,random,landscape,1,NA,NA,area_sd,area_sd,0.02988577842231559,NA
12,sharp_12_rot167,sharp,landscape,1,NA,NA,area_sd,area_sd,0.3773121784411418,NA
13,random_13,random,landscape,1,NA,NA,area_sd,area_sd,0.02977016074754295,NA
14,random_14,random,landscape,1,NA,NA,area_sd,area_sd,0.06459317660213394,NA
15,random_15,random,landscape,1,NA,NA,area_sd,area_sd,0.02970743900489384,NA
16,random_16,random,landscape,1,NA,NA,area_sd,area_sd,0.04607723661403892,NA
17,random_17,random,landscape,1,NA,NA,area_sd,area_sd,0.06629139522897397,NA
18,random_18,random,landscape,1,NA,NA,area_sd,area_sd,0.0306180645383491,NA
19,sharp_19_rot112,sharp,landscape,1,NA,NA,area_sd,area_sd,0.030971277015970786,NA
20,random_20,random,landscape,1,NA,NA,area_sd,area_sd,0.030921063093579247,NA
21,random_21,random,landscape,1,NA,NA,area_sd,area_sd,0.031536931506047944,NA
22,random_22,random,landscape,1,NA,NA,area_sd,area_sd,0.029786100195750426,NA
23,sharp_23_rot279,sharp,landscape,1,NA,NA,area_sd,area_sd,0.4012123876452471,NA
24,random_24,random,landscape,1,NA,NA,area_sd,area_sd,0.041807239295803864,NA
25,random_25,random,landscape,1,NA,NA,area_sd,area_sd,0.030089399079747045,NA
26,random_26,random,landscape,1,NA,NA,area_sd,area_sd,0.03234954194894774,NA
27,sharp_27_rot305,sharp,landscape,1,NA,NA,area_sd,area_sd,0.49398479733692213,NA
28,random_28,random,landscape,1,NA,NA,area_sd,area_sd,0.0681279820466216,NA
29,sharp_29_rot195,sharp,landscape,1,NA,NA,area_sd,area_sd,0.526794551983978,NA
30,sharp_30_rot81,sharp,landscape,1,NA,NA,area_sd,area_sd,0.05727564927611032,NA
31,sharp_31_rot308,sharp,landscape,1,NA,NA,area_sd,area_sd,0.5562101940813383,NA
32,random_32,random,landscape,1,NA,NA,area_sd,area_sd,0.057541718665028094,NA
33,sharp_33_rot300,sharp,landscape,1,NA,NA,area_sd,area_sd,0.34068404717567863,NA
34,sharp_34_rot273,sharp,landscape,1,NA,NA,area_sd,area_sd,0.17012989155348338,NA
35,random_35,random,landscape,1,NA,NA,area_sd,area_sd,0.033758181290943746,NA
36,random_36,random,landscape,1,NA,NA,area_sd,area_sd,0.029662221970555656,NA
37,random_37,random,landscape,1,NA,NA,area_sd,area_sd,0.03247296839635373,NA
38,sharp_38_rot249,sharp,landscape,1,NA,NA,area_sd,area_sd,0.21170777028725238,NA
39,sharp_39_rot66,sharp,landscape,1,NA,NA,area_sd,area_sd,0.4326079287299298,NA
40,sharp_40_rot331,sharp,landscape,1,NA,NA,area_sd,area_sd,0.09602510088513318,NA
41,sharp_41_rot185,sharp,landscape,1,NA,NA,area_sd,area_sd,0.4115361466505707,NA
42,random_42,random,landscape,1,NA,NA,area_sd,area_sd,0.03906012788740232,NA
43,random_43,random,landscape,1,NA,NA,area_sd,area_sd,0.04389473722929753,NA
44,random_44,random,landscape,1,NA,NA,area_sd,area_sd,0.04788361870251261,NA
45,sharp_45_rot260,sharp,landscape,1,NA,NA,area_sd,area_sd,0.45947798641501864,NA
46,random_46,random,landscape,1,NA,NA,area_sd,area_sd,0.03636588639628295,NA
47,sharp_47_rot311,sharp,landscape,1,NA,NA,area_sd,area_sd,0.5909998477157165,NA
48,random_48,random,landscape,1,NA,NA,area_sd,area_sd,0.038797150936787775,NA
49,sharp_49_rot290,sharp,landscape,1,NA,NA,area_sd,area_sd,0.5573415649312368,NA
50,sharp_50_rot26,sharp,landscape,1,NA,NA,area_sd,area_sd,0.28369124061204287,NA
51,sharp_51_rot174,sharp,landscape,1,NA,NA,area_sd,area_sd,0.05670996385116111,NA
52,sharp_52_rot258,sharp,landscape,1,NA,NA,area_sd,area_sd,0.10097484835343898,NA
53,sharp_53_rot89,sharp,landscape,1,NA,NA,area_sd,area_sd,0.014142135623730925,NA
54,sharp_54_rot216,sharp,landscape,1,NA,NA,area_sd,area_sd,0.6081118318204309,NA
55,random_55,random,landscape,1,NA,NA,area_sd,area_sd,0.029352962637009216,NA
56,sharp_56_rot328,sharp,landscape,1,NA,NA,area_sd,area_sd,0.28397408332451746,NA
57,sharp_57_rot74,sharp,landscape,1,NA,NA,area_sd,area_sd,0.338562726832119,NA
58,random_58,random,landscape,1,NA,NA,area_sd,area_sd,0.029863360518825325,NA
59,sharp_59_rot291,sharp,landscape,1,NA,NA,area_sd,area_sd,0.12091525958289961,NA
60,random_60,random,landscape,1,NA,NA,area_sd,area_sd,0.032072806646537076,NA
61,random_61,random,landscape,1,NA,NA,area_sd,area_sd,0.033154294944831374,NA
62,sharp_62_rot178,sharp,landscape,1,NA,NA,area_sd,area_sd,0.028284271247461888,NA
63,random_63,random,landscape,1,NA,NA,area_sd,area_sd,0.046603265306625584,NA
64,sharp_64_rot282,sharp,landscape,1,NA,NA,area_sd,area_sd,0.49158063428088783,NA
65,random_65,random,landscape,1,NA,NA,area_sd,area_sd,0.029721084814273033,NA
66,sharp_66_rot51,sharp,landscape,1,NA,NA,area_sd,area_sd,0.591282690428191,NA
67,random_67,random,landscape,1,NA,NA,area_sd,area_sd,0.043285705014783786,NA
68,sharp_68_rot332,sharp,landscape,1,NA,NA,area_sd,area_sd,0.2569626042831914,NA
69,random_69,random,landscape,1,NA,NA,area_sd,area_sd,0.02968379652460302,NA
70,random_70,random,landscape,1,NA,NA,area_sd,area_sd,0.062322029911857216,NA
71,random_71,random,landscape,1,NA,NA,area_sd,area_sd,0.05270817282249741,NA
72,random_72,random,landscape,1,NA,NA,area_sd,area_sd,0.06953570456947028,NA
73,sharp_73_rot288,sharp,landscape,1,NA,NA,area_sd,area_sd,0.20859650045003153,NA
74,sharp_74_rot285,sharp,landscape,1,NA,NA,area_sd,area_sd,0.3365828278447966,NA
75,sharp_75_rot69,sharp,landscape,1,NA,NA,area_sd,area_sd,0.3330472939388639,NA
76,random_76,random,landscape,1,NA,NA,area_sd,area_sd,0.04437124501617266,NA
77,random_77,random,landscape,1,NA,NA,area_sd,area_sd,0.043758258186971544,NA
78,random_78,random,landscape,1,NA,NA,area_sd,area_sd,0.029545282680433514,NA
79,random_79,random,landscape,1,NA,NA,area_sd,area_sd,0.03734059220981177,NA
80,sharp_80_rot260,sharp,landscape,1,NA,NA,area_sd,area_sd,0.502611500067398,NA
81,sharp_81_rot193,sharp,landscape,1,NA,NA,area_sd,area_sd,0.435436355854676,NA
82,random_82,random,landscape,1,NA,NA,area_sd,area_sd,0.06424650504543739,NA
83,random_83,random,landscape,1,NA,NA,area_sd,area_sd,0.03296004921377269,NA
84,sharp_84_rot19,sharp,landscape,1,NA,NA,area_sd,area_sd,0.6279108216936543,NA
85,random_85,random,landscape,1,NA,NA,area_sd,area_sd,0.06773966038863692,NA
86,sharp_86_rot322,sharp,landscape,1,NA,NA,area_sd,area_sd,0.053881536726414915,NA
87,random_87,random,landscape,1,NA,NA,area_sd,area_sd,0.03302816983384593,NA
88,sharp_88_rot76,sharp,landscape,1,NA,NA,area_sd,area_sd,0.24777021612776626,NA
89,sharp_89_rot22,sharp,landscape,1,NA,NA,area_sd,area_sd,0.07693321779309638,NA
90,sharp_90_rot226,sharp,landscape,1,NA,NA,area_sd,area_sd,0.5895856341533434,NA
91,sharp_91_rot271,sharp,landscape,1,NA,NA,area_sd,area_sd,0.45268976131562777,NA
92,random_92,random,landscape,1,NA,NA,area_sd,area_sd,0.03752991259752168,NA
93,sharp_93_rot226,sharp,landscape,1,NA,NA,area_sd,area_sd,0.2373050357662054,NA
94,random_94,random,landscape,1,NA,NA,area_sd,area_sd,0.04072546323523816,NA
95,sharp_95_rot353,sharp,landscape,1,NA,NA,area_sd,area_sd,0.1992626909383691,NA
96,sharp_96_rot338,sharp,landscape,1,NA,NA,area_sd,area_sd,0.24381041815312157,NA
97,sharp_97_rot301,sharp,landscape,1,NA,NA,area_sd,area_sd,0.514915158060044,NA
98,random_98,random,landscape,1,NA,NA,area_sd,area_sd,0.07346521302443769,NA
99,sharp_99_rot291,sharp,landscape,1,NA,NA,area_sd,area_sd,0.5789790324355452,NA
100,random_100,random,landscape,1,NA,NA,area_sd,area_sd,0.03010299268667109,NA
1,random_1,random,landscape,1,NA,NA,cai_cv,cai_cv,1770.9078173996095,NA
2,sharp_2_rot108,sharp,landscape,1,NA,NA,cai_cv,cai_cv,7.693058774508662,NA
3,random_3,random,landscape,1,NA,NA,cai_cv,cai_cv,1823.191137996447,NA
4,sharp_4_rot87,sharp,landscape,1,NA,NA,cai_cv,cai_cv,2.836554980179768,NA
5,sharp_5_rot329,sharp,landscape,1,NA,NA,cai_cv,cai_cv,3.8538517725676615,NA
6,random_6,random,landscape,1,NA,NA,cai_cv,cai_cv,466.99522323538645,NA
7,sharp_7_rot144,sharp,landscape,1,NA,NA,cai_cv,cai_cv,1.878543435224211,NA
8,sharp_8_rot184,sharp,landscape,1,NA,NA,cai_cv,cai_cv,1.2356485741001986,NA
9,sharp_9_rot64,sharp,landscape,1,NA,NA,cai_cv,cai_cv,1.2395826214401808,NA
10,random_10,random,landscape,1,NA,NA,cai_cv,cai_cv,471.3891801462438,NA
11,random_11,random,landscape,1,NA,NA,cai_cv,cai_cv,2145.761034729837,NA
12,sharp_12_rot167,sharp,landscape,1,NA,NA,cai_cv,cai_cv,4.48570017467566,NA
13,random_13,random,landscape,1,NA,NA,cai_cv,cai_cv,1141.39454043252,NA
14,random_14,random,landscape,1,NA,NA,cai_cv,cai_cv,488.7291306913526,NA
15,random_15,random,landscape,1,NA,NA,cai_cv,cai_cv,1366.2235778301292,NA
16,random_16,random,landscape,1,NA,NA,cai_cv,cai_cv,408.3427238444377,NA
17,random_17,random,landscape,1,NA,NA,cai_cv,cai_cv,429.400585566725,NA
18,random_18,random,landscape,1,NA,NA,cai_cv,cai_cv,2410.7086271981457,NA
19,sharp_19_rot112,sharp,landscape,1,NA,NA,cai_cv,cai_cv,0.2700589539893647,NA
20,random_20,random,landscape,1,NA,NA,cai_cv,cai_cv,1979.4912642000952,NA
21,random_21,random,landscape,1,NA,NA,cai_cv,cai_cv,2718.455443813637,NA
22,random_22,random,landscape,1,NA,NA,cai_cv,cai_cv,1562.3665119793457,NA
23,sharp_23_rot279,sharp,landscape,1,NA,NA,cai_cv,cai_cv,5.018427533775044,NA
24,random_24,random,landscape,1,NA,NA,cai_cv,cai_cv,336.1749117138483,NA
25,random_25,random,landscape,1,NA,NA,cai_cv,cai_cv,2760.4347483684523,NA
26,random_26,random,landscape,1,NA,NA,cai_cv,cai_cv,2703.7011669191543,NA
27,sharp_27_rot305,sharp,landscape,1,NA,NA,cai_cv,cai_cv,5.590723437845416,NA
28,random_28,random,landscape,1,NA,NA,cai_cv,cai_cv,464.273646613657,NA
29,sharp_29_rot195,sharp,landscape,1,NA,NA,cai_cv,cai_cv,9.779125010774194,NA
30,sharp_30_rot81,sharp,landscape,1,NA,NA,cai_cv,cai_cv,0.4836094850035052,NA
31,sharp_31_rot308,sharp,landscape,1,NA,NA,cai_cv,cai_cv,7.14844556666982,NA
32,random_32,random,landscape,1,NA,NA,cai_cv,cai_cv,639.6833878820012,NA
33,sharp_33_rot300,sharp,landscape,1,NA,NA,cai_cv,cai_cv,3.4707288595972106,NA
34,sharp_34_rot273,sharp,landscape,1,NA,NA,cai_cv,cai_cv,1.5106503592672726,NA
35,random_35,random,landscape,1,NA,NA,cai_cv,cai_cv,2617.25046566048,NA
36,random_36,random,landscape,1,NA,NA,cai_cv,cai_cv,908.7992571011555,NA
37,random_37,random,landscape,1,NA,NA,cai_cv,cai_cv,511.39840218592036,NA
38,sharp_38_rot249,sharp,landscape,1,NA,NA,cai_cv,cai_cv,1.9439358947234913,NA
39,sharp_39_rot66,sharp,landscape,1,NA,NA,cai_cv,cai_cv,5.359366940620894,NA
40,sharp_40_rot331,sharp,landscape,1,NA,NA,cai_cv,cai_cv,0.833675225987196,NA
41,sharp_41_rot185,sharp,landscape,1,NA,NA,cai_cv,cai_cv,5.308731679514275,NA
42,random_42,random,landscape,1,NA,NA,cai_cv,cai_cv,416.6081472790102,NA
43,random_43,random,landscape,1,NA,NA,cai_cv,cai_cv,403.0162064652324,NA
44,random_44,random,landscape,1,NA,NA,cai_cv,cai_cv,490.9924355800063,NA
45,sharp_45_rot260,sharp,landscape,1,NA,NA,cai_cv,cai_cv,6.8343290842632465,NA
46,random_46,random,landscape,1,NA,NA,cai_cv,cai_cv,2479.9193535274494,NA
47,sharp_47_rot311,sharp,landscape,1,NA,NA,cai_cv,cai_cv,8.342564892093877,NA
48,random_48,random,landscape,1,NA,NA,cai_cv,cai_cv,489.9101160211725,NA
49,sharp_49_rot290,sharp,landscape,1,NA,NA,cai_cv,cai_cv,9.537734746832633,NA
50,sharp_50_rot26,sharp,landscape,1,NA,NA,cai_cv,cai_cv,2.844695323654309,NA
51,sharp_51_rot174,sharp,landscape,1,NA,NA,cai_cv,cai_cv,0.47637621630559884,NA
52,sharp_52_rot258,sharp,landscape,1,NA,NA,cai_cv,cai_cv,0.8375841808374757,NA
53,sharp_53_rot89,sharp,landscape,1,NA,NA,cai_cv,cai_cv,0.11790025530413423,NA
54,sharp_54_rot216,sharp,landscape,1,NA,NA,cai_cv,cai_cv,9.851140070841069,NA
55,random_55,random,landscape,1,NA,NA,cai_cv,cai_cv,1342.3078669350111,NA
56,sharp_56_rot328,sharp,landscape,1,NA,NA,cai_cv,cai_cv,2.7316678710669287,NA
57,sharp_57_rot74,sharp,landscape,1,NA,NA,cai_cv,cai_cv,3.701666721703002,NA
58,random_58,random,landscape,1,NA,NA,cai_cv,cai_cv,1349.1108001951827,NA
59,sharp_59_rot291,sharp,landscape,1,NA,NA,cai_cv,cai_cv,1.07343677030389,NA
60,random_60,random,landscape,1,NA,NA,cai_cv,cai_cv,646.1136613059964,NA
61,random_61,random,landscape,1,NA,NA,cai_cv,cai_cv,2649.5282598983545,NA
62,sharp_62_rot178,sharp,landscape,1,NA,NA,cai_cv,cai_cv,0.23609575331771585,NA
63,random_63,random,landscape,1,NA,NA,cai_cv,cai_cv,494.25619977857343,NA
64,sharp_64_rot282,sharp,landscape,1,NA,NA,cai_cv,cai_cv,8.282545184821572,NA
65,random_65,random,landscape,1,NA,NA,cai_cv,cai_cv,1877.6920602727878,NA
66,sharp_66_rot51,sharp,landscape,1,NA,NA,cai_cv,cai_cv,8.566547740104689,NA
67,random_67,random,landscape,1,NA,NA,cai_cv,cai_cv,412.37311421874494,NA
68,sharp_68_rot332,sharp,landscape,1,NA,NA,cai_cv,cai_cv,2.4948372533808576,NA
69,random_69,random,landscape,1,NA,NA,cai_cv,cai_cv,1388.9612211909814,NA
70,random_70,random,landscape,1,NA,NA,cai_cv,cai_cv,554.728212889277,NA
71,random_71,random,landscape,1,NA,NA,cai_cv,cai_cv,334.1479744589724,NA
72,random_72,random,landscape,1,NA,NA,cai_cv,cai_cv,597.0101960542581,NA
73,sharp_73_rot288,sharp,landscape,1,NA,NA,cai_cv,cai_cv,1.8949960877621952,NA
74,sharp_74_rot285,sharp,landscape,1,NA,NA,cai_cv,cai_cv,3.6952634555074555,NA
75,sharp_75_rot69,sharp,landscape,1,NA,NA,cai_cv,cai_cv,3.573882893830154,NA
76,random_76,random,landscape,1,NA,NA,cai_cv,cai_cv,598.7032380383251,NA
77,random_77,random,landscape,1,NA,NA,cai_cv,cai_cv,363.11972920999636,NA
78,random_78,random,landscape,1,NA,NA,cai_cv,cai_cv,1428.0455810919943,NA
79,random_79,random,landscape,1,NA,NA,cai_cv,cai_cv,461.88010851462275,NA
80,sharp_80_rot260,sharp,landscape,1,NA,NA,cai_cv,cai_cv,8.847026703037693,NA
81,sharp_81_rot193,sharp,landscape,1,NA,NA,cai_cv,cai_cv,6.027424181445687,NA
82,random_82,random,landscape,1,NA,NA,cai_cv,cai_cv,346.14704032828587,NA
83,random_83,random,landscape,1,NA,NA,cai_cv,cai_cv,2653.29983228432,NA
84,sharp_84_rot19,sharp,landscape,1,NA,NA,cai_cv,cai_cv,15.091851691258668,NA
85,random_85,random,landscape,1,NA,NA,cai_cv,cai_cv,585.0446462785675,NA
86,sharp_86_rot322,sharp,landscape,1,NA,NA,cai_cv,cai_cv,0.4705030298233303,NA
87,random_87,random,landscape,1,NA,NA,cai_cv,cai_cv,441.6090805295563,NA
88,sharp_88_rot76,sharp,landscape,1,NA,NA,cai_cv,cai_cv,2.3689392802806766,NA
89,sharp_89_rot22,sharp,landscape,1,NA,NA,cai_cv,cai_cv,0.6759147614555722,NA
90,sharp_90_rot226,sharp,landscape,1,NA,NA,cai_cv,cai_cv,8.012445899805643,NA
91,sharp_91_rot271,sharp,landscape,1,NA,NA,cai_cv,cai_cv,6.583935820685688,NA
92,random_92,random,landscape,1,NA,NA,cai_cv,cai_cv,500.5249103952119,NA
93,sharp_93_rot226,sharp,landscape,1,NA,NA,cai_cv,cai_cv,1.9093883805155616,NA
94,random_94,random,landscape,1,NA,NA,cai_cv,cai_cv,441.4165698915788,NA
95,sharp_95_rot353,sharp,landscape,1,NA,NA,cai_cv,cai_cv,1.8161887492471551,NA
96,sharp_96_rot338,sharp,landscape,1,NA,NA,cai_cv,cai_cv,2.335495758266908,NA
97,sharp_97_rot301,sharp,landscape,1,NA,NA,cai_cv,cai_cv,6.351495579799966,NA
98,random_98,random,landscape,1,NA,NA,cai_cv,cai_cv,442.1577724197948,NA
99,sharp_99_rot291,sharp,landscape,1,NA,NA,cai_cv,cai_cv,10.499798217561773,NA
100,random_100,random,landscape,1,NA,NA,cai_cv,cai_cv,1339.3748331123957,NA
1,random_1,random,landscape,1,NA,NA,cai_mn,cai_mn,0.09612378688534576,NA
2,sharp_2_rot108,sharp,landscape,1,NA,NA,cai_mn,cai_mn,90.75383321372627,NA
3,random_3,random,landscape,1,NA,NA,cai_mn,cai_mn,0.09981227987110772,NA
4,sharp_4_rot87,sharp,landscape,1,NA,NA,cai_mn,cai_mn,93.33009052653014,NA
5,sharp_5_rot329,sharp,landscape,1,NA,NA,cai_mn,cai_mn,92.97963366423247,NA
6,random_6,random,landscape,1,NA,NA,cai_mn,cai_mn,0.3791844466557853,NA
7,sharp_7_rot144,sharp,landscape,1,NA,NA,cai_mn,cai_mn,93.7409258051202,NA
8,sharp_8_rot184,sharp,landscape,1,NA,NA,cai_mn,cai_mn,93.91539323324744,NA
9,sharp_9_rot64,sharp,landscape,1,NA,NA,cai_mn,cai_mn,93.91454138655834,NA
10,random_10,random,landscape,1,NA,NA,cai_mn,cai_mn,0.4189540904498632,NA
11,random_11,random,landscape,1,NA,NA,cai_mn,cai_mn,0.0795886811425102,NA
12,sharp_12_rot167,sharp,landscape,1,NA,NA,cai_mn,cai_mn,92.51418874724747,NA
13,random_13,random,landscape,1,NA,NA,cai_mn,cai_mn,0.16316617611383033,NA
14,random_14,random,landscape,1,NA,NA,cai_mn,cai_mn,0.4281580399795461,NA
15,random_15,random,landscape,1,NA,NA,cai_mn,cai_mn,0.09501889687504161,NA
16,random_16,random,landscape,1,NA,NA,cai_mn,cai_mn,0.5565251166118608,NA
17,random_17,random,landscape,1,NA,NA,cai_mn,cai_mn,0.43744898415036376,NA
18,random_18,random,landscape,1,NA,NA,cai_mn,cai_mn,0.07574229332290053,NA
19,sharp_19_rot112,sharp,landscape,1,NA,NA,cai_mn,cai_mn,94.07213174041608,NA
20,random_20,random,landscape,1,NA,NA,cai_mn,cai_mn,0.08876096058744284,NA
21,random_21,random,landscape,1,NA,NA,cai_mn,cai_mn,0.0703495780682271,NA
22,random_22,random,landscape,1,NA,NA,cai_mn,cai_mn,0.10472109273969268,NA
23,sharp_23_rot279,sharp,landscape,1,NA,NA,cai_mn,cai_mn,92.22312853705388,NA
24,random_24,random,landscape,1,NA,NA,cai_mn,cai_mn,0.5409636617660316,NA
25,random_25,random,landscape,1,NA,NA,cai_mn,cai_mn,0.05934576545770005,NA
26,random_26,random,landscape,1,NA,NA,cai_mn,cai_mn,0.075889927860001,NA
27,sharp_27_rot305,sharp,landscape,1,NA,NA,cai_mn,cai_mn,92.23277751434472,NA
28,random_28,random,landscape,1,NA,NA,cai_mn,cai_mn,0.33033305098587196,NA
29,sharp_29_rot195,sharp,landscape,1,NA,NA,cai_mn,cai_mn,89.56593067026238,NA
30,sharp_30_rot81,sharp,landscape,1,NA,NA,cai_mn,cai_mn,94.05394795251647,NA
31,sharp_31_rot308,sharp,landscape,1,NA,NA,cai_mn,cai_mn,91.40567534360501,NA
32,random_32,random,landscape,1,NA,NA,cai_mn,cai_mn,0.24090666704365318,NA
33,sharp_33_rot300,sharp,landscape,1,NA,NA,cai_mn,cai_mn,93.0991749162969,NA
34,sharp_34_rot273,sharp,landscape,1,NA,NA,cai_mn,cai_mn,93.83882784847026,NA
35,random_35,random,landscape,1,NA,NA,cai_mn,cai_mn,0.08613419522594531,NA
36,random_36,random,landscape,1,NA,NA,cai_mn,cai_mn,0.18224726986114434,NA
37,random_37,random,landscape,1,NA,NA,cai_mn,cai_mn,0.31084634779917397,NA
38,sharp_38_rot249,sharp,landscape,1,NA,NA,cai_mn,cai_mn,93.6944041148397,NA
39,sharp_39_rot66,sharp,landscape,1,NA,NA,cai_mn,cai_mn,92.1045517029578,NA
40,sharp_40_rot331,sharp,landscape,1,NA,NA,cai_mn,cai_mn,94.00474567808683,NA
41,sharp_41_rot185,sharp,landscape,1,NA,NA,cai_mn,cai_mn,92.0685462650996,NA
42,random_42,random,landscape,1,NA,NA,cai_mn,cai_mn,0.41861786514928284,NA
43,random_43,random,landscape,1,NA,NA,cai_mn,cai_mn,0.4252229088217882,NA
44,random_44,random,landscape,1,NA,NA,cai_mn,cai_mn,0.32888733298830547,NA
45,sharp_45_rot260,sharp,landscape,1,NA,NA,cai_mn,cai_mn,91.21562525724352,NA
46,random_46,random,landscape,1,NA,NA,cai_mn,cai_mn,0.1043751014006814,NA
47,sharp_47_rot311,sharp,landscape,1,NA,NA,cai_mn,cai_mn,90.73628850687749,NA
48,random_48,random,landscape,1,NA,NA,cai_mn,cai_mn,0.3913357595697142,NA
49,sharp_49_rot290,sharp,landscape,1,NA,NA,cai_mn,cai_mn,89.8156036862787,NA
50,sharp_50_rot26,sharp,landscape,1,NA,NA,cai_mn,cai_mn,93.32683828023352,NA
51,sharp_51_rot174,sharp,landscape,1,NA,NA,cai_mn,cai_mn,94.05459089079321,NA
52,sharp_52_rot258,sharp,landscape,1,NA,NA,cai_mn,cai_mn,94.00049913834935,NA
53,sharp_53_rot89,sharp,landscape,1,NA,NA,cai_mn,cai_mn,94.07843137254902,NA
54,sharp_54_rot216,sharp,landscape,1,NA,NA,cai_mn,cai_mn,89.82872503840244,NA
55,random_55,random,landscape,1,NA,NA,cai_mn,cai_mn,0.1258623460966089,NA
56,sharp_56_rot328,sharp,landscape,1,NA,NA,cai_mn,cai_mn,93.4153557126462,NA
57,sharp_57_rot74,sharp,landscape,1,NA,NA,cai_mn,cai_mn,92.91553936723705,NA
58,random_58,random,landscape,1,NA,NA,cai_mn,cai_mn,0.12540968484428983,NA
59,sharp_59_rot291,sharp,landscape,1,NA,NA,cai_mn,cai_mn,93.95804725992754,NA
60,random_60,random,landscape,1,NA,NA,cai_mn,cai_mn,0.26516312482737225,NA
61,random_61,random,landscape,1,NA,NA,cai_mn,cai_mn,0.08177993609361693,NA
62,sharp_62_rot178,sharp,landscape,1,NA,NA,cai_mn,cai_mn,94.07371794871794,NA
63,random_63,random,landscape,1,NA,NA,cai_mn,cai_mn,0.3609038979233643,NA
64,sharp_64_rot282,sharp,landscape,1,NA,NA,cai_mn,cai_mn,90.39935516555005,NA
65,random_65,random,landscape,1,NA,NA,cai_mn,cai_mn,0.08551697491789657,NA
66,sharp_66_rot51,sharp,landscape,1,NA,NA,cai_mn,cai_mn,90.59132180796487,NA
67,random_67,random,landscape,1,NA,NA,cai_mn,cai_mn,0.3068001065547522,NA
68,sharp_68_rot332,sharp,landscape,1,NA,NA,cai_mn,cai_mn,93.48071395313714,NA
69,random_69,random,landscape,1,NA,NA,cai_mn,cai_mn,0.11468511890974506,NA
70,random_70,random,landscape,1,NA,NA,cai_mn,cai_mn,0.2195574555425732,NA
71,random_71,random,landscape,1,NA,NA,cai_mn,cai_mn,0.8967794639433635,NA
72,random_72,random,landscape,1,NA,NA,cai_mn,cai_mn,0.18630886694096951,NA
73,sharp_73_rot288,sharp,landscape,1,NA,NA,cai_mn,cai_mn,93.7095758372354,NA
74,sharp_74_rot285,sharp,landscape,1,NA,NA,cai_mn,cai_mn,92.92424336457105,NA
75,sharp_75_rot69,sharp,landscape,1,NA,NA,cai_mn,cai_mn,92.97336405541796,NA
76,random_76,random,landscape,1,NA,NA,cai_mn,cai_mn,0.20331717884330414,NA
77,random_77,random,landscape,1,NA,NA,cai_mn,cai_mn,0.6293386379932946,NA
78,random_78,random,landscape,1,NA,NA,cai_mn,cai_mn,0.10629534354089572,NA
79,random_79,random,landscape,1,NA,NA,cai_mn,cai_mn,0.38420715080655987,NA
80,sharp_80_rot260,sharp,landscape,1,NA,NA,cai_mn,cai_mn,90.07472178214653,NA
81,sharp_81_rot193,sharp,landscape,1,NA,NA,cai_mn,cai_mn,91.67396220521206,NA
82,random_82,random,landscape,1,NA,NA,cai_mn,cai_mn,0.7176790143714935,NA
83,random_83,random,landscape,1,NA,NA,cai_mn,cai_mn,0.08067701133895257,NA
84,sharp_84_rot19,sharp,landscape,1,NA,NA,cai_mn,cai_mn,86.75847457627118,NA
85,random_85,random,landscape,1,NA,NA,cai_mn,cai_mn,0.1586585672938214,NA
86,sharp_86_rot322,sharp,landscape,1,NA,NA,cai_mn,cai_mn,94.05615542309488,NA
87,random_87,random,landscape,1,NA,NA,cai_mn,cai_mn,0.5029971667919512,NA
88,sharp_88_rot76,sharp,landscape,1,NA,NA,cai_mn,cai_mn,93.53101726472579,NA
89,sharp_89_rot22,sharp,landscape,1,NA,NA,cai_mn,cai_mn,94.03110354636388,NA
90,sharp_90_rot226,sharp,landscape,1,NA,NA,cai_mn,cai_mn,90.9533431529539,NA
91,sharp_91_rot271,sharp,landscape,1,NA,NA,cai_mn,cai_mn,91.3571190324476,NA
92,random_92,random,landscape,1,NA,NA,cai_mn,cai_mn,0.3370638082611306,NA
93,sharp_93_rot226,sharp,landscape,1,NA,NA,cai_mn,cai_mn,93.98415078472556,NA
94,random_94,random,landscape,1,NA,NA,cai_mn,cai_mn,0.34281752879851807,NA
95,sharp_95_rot353,sharp,landscape,1,NA,NA,cai_mn,cai_mn,93.7407534717239,NA
96,sharp_96_rot338,sharp,landscape,1,NA,NA,cai_mn,cai_mn,93.54732451103658,NA
97,sharp_97_rot301,sharp,landscape,1,NA,NA,cai_mn,cai_mn,91.75903778204069,NA
98,random_98,random,landscape,1,NA,NA,cai_mn,cai_mn,0.5475457932250182,NA
99,sharp_99_rot291,sharp,landscape,1,NA,NA,cai_mn,cai_mn,89.30123250368604,NA
100,random_100,random,landscape,1,NA,NA,cai_mn,cai_mn,0.09846681196386503,NA
1,random_1,random,landscape,1,NA,NA,cai_sd,cai_sd,1.7022636563331284,NA
2,sharp_2_rot108,sharp,landscape,1,NA,NA,cai_sd,cai_sd,6.981745729251526,NA
3,random_3,random,landscape,1,NA,NA,cai_sd,cai_sd,1.8197686412422474,NA
4,sharp_4_rot87,sharp,landscape,1,NA,NA,cai_sd,cai_sd,2.6473593308365766,NA
5,sharp_5_rot329,sharp,landscape,1,NA,NA,cai_sd,cai_sd,3.583297260095941,NA
6,random_6,random,landscape,1,NA,NA,cai_sd,cai_sd,1.7707732531340497,NA
7,sharp_7_rot144,sharp,landscape,1,NA,NA,cai_sd,cai_sd,1.760964007830484,NA
8,sharp_8_rot184,sharp,landscape,1,NA,NA,cai_sd,cai_sd,1.1604642173472164,NA
9,sharp_9_rot64,sharp,landscape,1,NA,NA,cai_sd,cai_sd,1.1641483340330234,NA
10,random_10,random,landscape,1,NA,NA,cai_sd,cai_sd,1.9749042521607627,NA
11,random_11,random,landscape,1,NA,NA,cai_sd,cai_sd,1.7077829080113576,NA
12,sharp_12_rot167,sharp,landscape,1,NA,NA,cai_sd,cai_sd,4.14990912623505,NA
13,random_13,random,landscape,1,NA,NA,cai_sd,cai_sd,1.8623698259957697,NA
14,random_14,random,landscape,1,NA,NA,cai_sd,cai_sd,2.0925330667771695,NA
15,random_15,random,landscape,1,NA,NA,cai_sd,cai_sd,1.2981705725009145,NA
16,random_16,random,landscape,1,NA,NA,cai_sd,cai_sd,2.272529820051306,NA
17,random_17,random,landscape,1,NA,NA,cai_sd,cai_sd,1.878408499497352,NA
18,random_18,random,landscape,1,NA,NA,cai_sd,cai_sd,1.8259259995728883,NA
19,sharp_19_rot112,sharp,landscape,1,NA,NA,cai_sd,cai_sd,0.2540502149736648,NA
20,random_20,random,landscape,1,NA,NA,cai_sd,cai_sd,1.7570154608485204,NA
21,random_21,random,landscape,1,NA,NA,cai_sd,cai_sd,1.9124219346956441,NA
22,random_22,random,landscape,1,NA,NA,cai_sd,cai_sd,1.6361272839437924,NA
23,sharp_23_rot279,sharp,landscape,1,NA,NA,cai_sd,cai_sd,4.6281508750122615,NA
24,random_24,random,landscape,1,NA,NA,cai_sd,cai_sd,1.8185841123459576,NA
25,random_25,random,landscape,1,NA,NA,cai_sd,cai_sd,1.6382011313795943,NA
26,random_26,random,landscape,1,NA,NA,cai_sd,cai_sd,2.0518368651249514,NA
27,sharp_27_rot305,sharp,landscape,1,NA,NA,cai_sd,cai_sd,5.1564795098702865,NA
28,random_28,random,landscape,1,NA,NA,cai_sd,cai_sd,1.5336493017822583,NA
29,sharp_29_rot195,sharp,landscape,1,NA,NA,cai_sd,cai_sd,8.758764327308302,NA
30,sharp_30_rot81,sharp,landscape,1,NA,NA,cai_sd,cai_sd,0.4548538133186297,NA
31,sharp_31_rot308,sharp,landscape,1,NA,NA,cai_sd,cai_sd,6.5340849467845405,NA
32,random_32,random,landscape,1,NA,NA,cai_sd,cai_sd,1.541039929378453,NA
33,sharp_33_rot300,sharp,landscape,1,NA,NA,cai_sd,cai_sd,3.231219931866804,NA
34,sharp_34_rot273,sharp,landscape,1,NA,NA,cai_sd,cai_sd,1.4175765900251136,NA
35,random_35,random,landscape,1,NA,NA,cai_sd,cai_sd,2.2543476256439607,NA
36,random_36,random,landscape,1,NA,NA,cai_sd,cai_sd,1.6562618345852176,NA
37,random_37,random,landscape,1,NA,NA,cai_sd,cai_sd,1.5896632558982644,NA
38,sharp_38_rot249,sharp,landscape,1,NA,NA,cai_sd,cai_sd,1.8213591529356528,NA
39,sharp_39_rot66,sharp,landscape,1,NA,NA,cai_sd,cai_sd,4.936220894775399,NA
40,sharp_40_rot331,sharp,landscape,1,NA,NA,cai_sd,cai_sd,0.7836942759704794,NA
41,sharp_41_rot185,sharp,landscape,1,NA,NA,cai_sd,cai_sd,4.887672082443599,NA
42,random_42,random,landscape,1,NA,NA,cai_sd,cai_sd,1.7439961321773727,NA
43,random_43,random,landscape,1,NA,NA,cai_sd,cai_sd,1.713717236154685,NA
44,random_44,random,landscape,1,NA,NA,cai_sd,cai_sd,1.6148119265534067,NA
45,sharp_45_rot260,sharp,landscape,1,NA,NA,cai_sd,cai_sd,6.233976006348366,NA
46,random_46,random,landscape,1,NA,NA,cai_sd,cai_sd,2.588418339899398,NA
47,sharp_47_rot311,sharp,landscape,1,NA,NA,cai_sd,cai_sd,7.569733749363773,NA
48,random_48,random,landscape,1,NA,NA,cai_sd,cai_sd,1.9171934737403233,NA
49,sharp_49_rot290,sharp,landscape,1,NA,NA,cai_sd,cai_sd,8.566374040863696,NA
50,sharp_50_rot26,sharp,landscape,1,NA,NA,cai_sd,cai_sd,2.654864204272222,NA
51,sharp_51_rot174,sharp,landscape,1,NA,NA,cai_sd,cai_sd,0.44805370134727107,NA
52,sharp_52_rot258,sharp,landscape,1,NA,NA,cai_sd,cai_sd,0.7873333106910817,NA
53,sharp_53_rot89,sharp,landscape,1,NA,NA,cai_sd,cai_sd,0.11091871077436,NA
54,sharp_54_rot216,sharp,landscape,1,NA,NA,cai_sd,cai_sd,8.849153527383708,NA
55,random_55,random,landscape,1,NA,NA,cai_sd,cai_sd,1.6894601731637522,NA
56,sharp_56_rot328,sharp,landscape,1,NA,NA,cai_sd,cai_sd,2.551797258645241,NA
57,sharp_57_rot74,sharp,landscape,1,NA,NA,cai_sd,cai_sd,3.4394236000478657,NA
58,random_58,random,landscape,1,NA,NA,cai_sd,cai_sd,1.6919156027250553,NA
59,sharp_59_rot291,sharp,landscape,1,NA,NA,cai_sd,cai_sd,1.0085802279475689,NA
60,random_60,random,landscape,1,NA,NA,cai_sd,cai_sd,1.7132551742555242,NA
61,random_61,random,landscape,1,NA,NA,cai_sd,cai_sd,2.166782517727195,NA
62,sharp_62_rot178,sharp,landscape,1,NA,NA,cai_sd,cai_sd,0.2221040530650089,NA
63,random_63,random,landscape,1,NA,NA,cai_sd,cai_sd,1.7837898907287622,NA
64,sharp_64_rot282,sharp,landscape,1,NA,NA,cai_sd,cai_sd,7.487367438374016,NA
65,random_65,random,landscape,1,NA,NA,cai_sd,cai_sd,1.6057454482188154,NA
66,sharp_66_rot51,sharp,landscape,1,NA,NA,cai_sd,cai_sd,7.760548831071182,NA
67,random_67,random,landscape,1,NA,NA,cai_sd,cai_sd,1.2651611538262595,NA
68,sharp_68_rot332,sharp,landscape,1,NA,NA,cai_sd,cai_sd,2.3321916764292627,NA
69,random_69,random,landscape,1,NA,NA,cai_sd,cai_sd,1.5929318281331242,NA
70,random_70,random,landscape,1,NA,NA,cai_sd,cai_sd,1.217947149396485,NA
71,random_71,random,landscape,1,NA,NA,cai_sd,cai_sd,2.9965704141307796,NA
72,random_72,random,landscape,1,NA,NA,cai_sd,cai_sd,1.112282931790749,NA
73,sharp_73_rot288,sharp,landscape,1,NA,NA,cai_sd,cai_sd,1.7757927959741584,NA
74,sharp_74_rot285,sharp,landscape,1,NA,NA,cai_sd,cai_sd,3.4337956063578057,NA
75,sharp_75_rot69,sharp,landscape,1,NA,NA,cai_sd,cai_sd,3.3227591537950154,NA
76,random_76,random,landscape,1,NA,NA,cai_sd,cai_sd,1.2172665332230344,NA
77,random_77,random,landscape,1,NA,NA,cai_sd,cai_sd,2.2852527580951305,NA
78,random_78,random,landscape,1,NA,NA,cai_sd,cai_sd,1.5179459563423159,NA
79,random_79,random,landscape,1,NA,NA,cai_sd,cai_sd,1.774576405066279,NA
80,sharp_80_rot260,sharp,landscape,1,NA,NA,cai_sd,cai_sd,7.9689346887534125,NA
81,sharp_81_rot193,sharp,landscape,1,NA,NA,cai_sd,cai_sd,5.525578566046332,NA
82,random_82,random,landscape,1,NA,NA,cai_sd,cai_sd,2.484224667304138,NA
83,random_83,random,landscape,1,NA,NA,cai_sd,cai_sd,2.1406030065484303,NA
84,sharp_84_rot19,sharp,landscape,1,NA,NA,cai_sd,cai_sd,13.093460312649203,NA
85,random_85,random,landscape,1,NA,NA,cai_sd,cai_sd,0.9282234538147803,NA
86,sharp_86_rot322,sharp,landscape,1,NA,NA,cai_sd,cai_sd,0.44253706100100204,NA
87,random_87,random,landscape,1,NA,NA,cai_sd,cai_sd,2.2212811633596545,NA
88,sharp_88_rot76,sharp,landscape,1,NA,NA,cai_sd,cai_sd,2.2156930072301906,NA
89,sharp_89_rot22,sharp,landscape,1,NA,NA,cai_sd,cai_sd,0.6355701092294475,NA
90,sharp_90_rot226,sharp,landscape,1,NA,NA,cai_sd,cai_sd,7.287587414195012,NA
91,sharp_91_rot271,sharp,landscape,1,NA,NA,cai_sd,cai_sd,6.014894084723779,NA
92,random_92,random,landscape,1,NA,NA,cai_sd,cai_sd,1.6870883242737127,NA
93,sharp_93_rot226,sharp,landscape,1,NA,NA,cai_sd,cai_sd,1.7945224546097747,NA
94,random_94,random,landscape,1,NA,NA,cai_sd,cai_sd,1.5132533766094938,NA
95,sharp_95_rot353,sharp,landscape,1,NA,NA,cai_sd,cai_sd,1.7025090180129616,NA
96,sharp_96_rot338,sharp,landscape,1,NA,NA,cai_sd,cai_sd,2.1847937959274386,NA
97,sharp_97_rot301,sharp,landscape,1,NA,NA,cai_sd,cai_sd,5.828071228793296,NA
98,random_98,random,landscape,1,NA,NA,cai_sd,cai_sd,2.421016282302036,NA
99,sharp_99_rot291,sharp,landscape,1,NA,NA,cai_sd,cai_sd,9.37644921868272,NA
100,random_100,random,landscape,1,NA,NA,cai_sd,cai_sd,1.3188396984121138,NA
1,random_1,random,landscape,1,NA,NA,circle_cv,circle_cv,30.84261268327579,NA
2,sharp_2_rot108,sharp,landscape,1,NA,NA,circle_cv,circle_cv,38.74869874882145,NA
3,random_3,random,landscape,1,NA,NA,circle_cv,circle_cv,31.29206639677155,NA
4,sharp_4_rot87,sharp,landscape,1,NA,NA,circle_cv,circle_cv,31.275063761481402,NA
5,sharp_5_rot329,sharp,landscape,1,NA,NA,circle_cv,circle_cv,23.305496110958842,NA
6,random_6,random,landscape,1,NA,NA,circle_cv,circle_cv,31.01877595132678,NA
7,sharp_7_rot144,sharp,landscape,1,NA,NA,circle_cv,circle_cv,11.786285380471346,NA
8,sharp_8_rot184,sharp,landscape,1,NA,NA,circle_cv,circle_cv,16.259965886978584,NA
9,sharp_9_rot64,sharp,landscape,1,NA,NA,circle_cv,circle_cv,10.381876191877994,NA
10,random_10,random,landscape,1,NA,NA,circle_cv,circle_cv,31.258237211631702,NA
11,random_11,random,landscape,1,NA,NA,circle_cv,circle_cv,30.830647550800606,NA
12,sharp_12_rot167,sharp,landscape,1,NA,NA,circle_cv,circle_cv,34.089944529892385,NA
13,random_13,random,landscape,1,NA,NA,circle_cv,circle_cv,30.887609014933386,NA
14,random_14,random,landscape,1,NA,NA,circle_cv,circle_cv,29.152064494312064,NA
15,random_15,random,landscape,1,NA,NA,circle_cv,circle_cv,31.730705510246764,NA
16,random_16,random,landscape,1,NA,NA,circle_cv,circle_cv,30.57799708564431,NA
17,random_17,random,landscape,1,NA,NA,circle_cv,circle_cv,26.475963467681424,NA
18,random_18,random,landscape,1,NA,NA,circle_cv,circle_cv,30.342348258263424,NA
19,sharp_19_rot112,sharp,landscape,1,NA,NA,circle_cv,circle_cv,2.6376526729170227,NA
20,random_20,random,landscape,1,NA,NA,circle_cv,circle_cv,30.889110221756948,NA
21,random_21,random,landscape,1,NA,NA,circle_cv,circle_cv,31.051760824877416,NA
22,random_22,random,landscape,1,NA,NA,circle_cv,circle_cv,31.30617221558067,NA
23,sharp_23_rot279,sharp,landscape,1,NA,NA,circle_cv,circle_cv,38.5489410143898,NA
24,random_24,random,landscape,1,NA,NA,circle_cv,circle_cv,29.69192264410816,NA
25,random_25,random,landscape,1,NA,NA,circle_cv,circle_cv,31.449014235466866,NA
26,random_26,random,landscape,1,NA,NA,circle_cv,circle_cv,30.675747861590892,NA
27,sharp_27_rot305,sharp,landscape,1,NA,NA,circle_cv,circle_cv,29.108215621986822,NA
28,random_28,random,landscape,1,NA,NA,circle_cv,circle_cv,27.53668890325817,NA
29,sharp_29_rot195,sharp,landscape,1,NA,NA,circle_cv,circle_cv,43.22258724169942,NA
30,sharp_30_rot81,sharp,landscape,1,NA,NA,circle_cv,circle_cv,5.94445613514708,NA
31,sharp_31_rot308,sharp,landscape,1,NA,NA,circle_cv,circle_cv,32.644536810837806,NA
32,random_32,random,landscape,1,NA,NA,circle_cv,circle_cv,28.12239753125188,NA
33,sharp_33_rot300,sharp,landscape,1,NA,NA,circle_cv,circle_cv,21.64559119440469,NA
34,sharp_34_rot273,sharp,landscape,1,NA,NA,circle_cv,circle_cv,19.388693797554012,NA
35,random_35,random,landscape,1,NA,NA,circle_cv,circle_cv,29.924243742678208,NA
36,random_36,random,landscape,1,NA,NA,circle_cv,circle_cv,31.04804450202932,NA
37,random_37,random,landscape,1,NA,NA,circle_cv,circle_cv,30.211308400398078,NA
38,sharp_38_rot249,sharp,landscape,1,NA,NA,circle_cv,circle_cv,16.8887255212333,NA
39,sharp_39_rot66,sharp,landscape,1,NA,NA,circle_cv,circle_cv,30.647777683026916,NA
40,sharp_40_rot331,sharp,landscape,1,NA,NA,circle_cv,circle_cv,6.796264779620148,NA
41,sharp_41_rot185,sharp,landscape,1,NA,NA,circle_cv,circle_cv,42.41466843830553,NA
42,random_42,random,landscape,1,NA,NA,circle_cv,circle_cv,32.009518059760325,NA
43,random_43,random,landscape,1,NA,NA,circle_cv,circle_cv,31.49044024102605,NA
44,random_44,random,landscape,1,NA,NA,circle_cv,circle_cv,31.002485889921953,NA
45,sharp_45_rot260,sharp,landscape,1,NA,NA,circle_cv,circle_cv,42.50865965282687,NA
46,random_46,random,landscape,1,NA,NA,circle_cv,circle_cv,29.058892385751236,NA
47,sharp_47_rot311,sharp,landscape,1,NA,NA,circle_cv,circle_cv,33.645652879503615,NA
48,random_48,random,landscape,1,NA,NA,circle_cv,circle_cv,32.24808015406203,NA
49,sharp_49_rot290,sharp,landscape,1,NA,NA,circle_cv,circle_cv,41.43039803084419,NA
50,sharp_50_rot26,sharp,landscape,1,NA,NA,circle_cv,circle_cv,20.49447310798443,NA
51,sharp_51_rot174,sharp,landscape,1,NA,NA,circle_cv,circle_cv,6.264456884839414,NA
52,sharp_52_rot258,sharp,landscape,1,NA,NA,circle_cv,circle_cv,9.387121328095601,NA
53,sharp_53_rot89,sharp,landscape,1,NA,NA,circle_cv,circle_cv,1.7189216823025666,NA
54,sharp_54_rot216,sharp,landscape,1,NA,NA,circle_cv,circle_cv,36.309211338260795,NA
55,random_55,random,landscape,1,NA,NA,circle_cv,circle_cv,31.198555041948527,NA
56,sharp_56_rot328,sharp,landscape,1,NA,NA,circle_cv,circle_cv,17.45820407447869,NA
57,sharp_57_rot74,sharp,landscape,1,NA,NA,circle_cv,circle_cv,29.22182113659168,NA
58,random_58,random,landscape,1,NA,NA,circle_cv,circle_cv,31.733198253409018,NA
59,sharp_59_rot291,sharp,landscape,1,NA,NA,circle_cv,circle_cv,10.275731523201353,NA
60,random_60,random,landscape,1,NA,NA,circle_cv,circle_cv,31.06422005629054,NA
61,random_61,random,landscape,1,NA,NA,circle_cv,circle_cv,29.730313227569322,NA
62,sharp_62_rot178,sharp,landscape,1,NA,NA,circle_cv,circle_cv,3.3545725508003117,NA
63,random_63,random,landscape,1,NA,NA,circle_cv,circle_cv,29.719246173722468,NA
64,sharp_64_rot282,sharp,landscape,1,NA,NA,circle_cv,circle_cv,43.5794529489814,NA
65,random_65,random,landscape,1,NA,NA,circle_cv,circle_cv,30.541664562152242,NA
66,sharp_66_rot51,sharp,landscape,1,NA,NA,circle_cv,circle_cv,34.726653899645946,NA
67,random_67,random,landscape,1,NA,NA,circle_cv,circle_cv,32.471003541748075,NA
68,sharp_68_rot332,sharp,landscape,1,NA,NA,circle_cv,circle_cv,18.02702392182652,NA
69,random_69,random,landscape,1,NA,NA,circle_cv,circle_cv,31.624619113579595,NA
70,random_70,random,landscape,1,NA,NA,circle_cv,circle_cv,29.05249215986121,NA
71,random_71,random,landscape,1,NA,NA,circle_cv,circle_cv,31.38812982106904,NA
72,random_72,random,landscape,1,NA,NA,circle_cv,circle_cv,28.831039877458746,NA
73,sharp_73_rot288,sharp,landscape,1,NA,NA,circle_cv,circle_cv,17.478027364012426,NA
74,sharp_74_rot285,sharp,landscape,1,NA,NA,circle_cv,circle_cv,29.694201175916284,NA
75,sharp_75_rot69,sharp,landscape,1,NA,NA,circle_cv,circle_cv,25.79182593271504,NA
76,random_76,random,landscape,1,NA,NA,circle_cv,circle_cv,30.039074358418144,NA
77,random_77,random,landscape,1,NA,NA,circle_cv,circle_cv,30.52290343305579,NA
78,random_78,random,landscape,1,NA,NA,circle_cv,circle_cv,30.269306325818018,NA
79,random_79,random,landscape,1,NA,NA,circle_cv,circle_cv,30.417116493002293,NA
80,sharp_80_rot260,sharp,landscape,1,NA,NA,circle_cv,circle_cv,45.74718689582677,NA
81,sharp_81_rot193,sharp,landscape,1,NA,NA,circle_cv,circle_cv,38.721210012387054,NA
82,random_82,random,landscape,1,NA,NA,circle_cv,circle_cv,29.698759856795938,NA
83,random_83,random,landscape,1,NA,NA,circle_cv,circle_cv,30.330886784147793,NA
84,sharp_84_rot19,sharp,landscape,1,NA,NA,circle_cv,circle_cv,46.64633149417513,NA
85,random_85,random,landscape,1,NA,NA,circle_cv,circle_cv,26.87904659176189,NA
86,sharp_86_rot322,sharp,landscape,1,NA,NA,circle_cv,circle_cv,3.2551319208327447,NA
87,random_87,random,landscape,1,NA,NA,circle_cv,circle_cv,30.819968043108947,NA
88,sharp_88_rot76,sharp,landscape,1,NA,NA,circle_cv,circle_cv,22.526520539239193,NA
89,sharp_89_rot22,sharp,landscape,1,NA,NA,circle_cv,circle_cv,6.511515226599124,NA
90,sharp_90_rot226,sharp,landscape,1,NA,NA,circle_cv,circle_cv,32.987227493429764,NA
91,sharp_91_rot271,sharp,landscape,1,NA,NA,circle_cv,circle_cv,48.39548122643412,NA
92,random_92,random,landscape,1,NA,NA,circle_cv,circle_cv,31.817018240461124,NA
93,sharp_93_rot226,sharp,landscape,1,NA,NA,circle_cv,circle_cv,11.611879078423062,NA
94,random_94,random,landscape,1,NA,NA,circle_cv,circle_cv,32.06552111150522,NA
95,sharp_95_rot353,sharp,landscape,1,NA,NA,circle_cv,circle_cv,21.140342828347123,NA
96,sharp_96_rot338,sharp,landscape,1,NA,NA,circle_cv,circle_cv,19.258559809782387,NA
97,sharp_97_rot301,sharp,landscape,1,NA,NA,circle_cv,circle_cv,31.664151904311755,NA
98,random_98,random,landscape,1,NA,NA,circle_cv,circle_cv,27.000868061989546,NA
99,sharp_99_rot291,sharp,landscape,1,NA,NA,circle_cv,circle_cv,42.45793717511589,NA
100,random_100,random,landscape,1,NA,NA,circle_cv,circle_cv,30.860470998715932,NA
1,random_1,random,landscape,1,NA,NA,circle_mn,circle_mn,0.4947281876883645,NA
2,sharp_2_rot108,sharp,landscape,1,NA,NA,circle_mn,circle_mn,0.6346827466320237,NA
3,random_3,random,landscape,1,NA,NA,circle_mn,circle_mn,0.4867444589189512,NA
4,sharp_4_rot87,sharp,landscape,1,NA,NA,circle_mn,circle_mn,0.5371046387859038,NA
5,sharp_5_rot329,sharp,landscape,1,NA,NA,circle_mn,circle_mn,0.6145844748490641,NA
6,random_6,random,landscape,1,NA,NA,circle_mn,circle_mn,0.5137191060384658,NA
7,sharp_7_rot144,sharp,landscape,1,NA,NA,circle_mn,circle_mn,0.6407436820529525,NA
8,sharp_8_rot184,sharp,landscape,1,NA,NA,circle_mn,circle_mn,0.5116710506183918,NA
9,sharp_9_rot64,sharp,landscape,1,NA,NA,circle_mn,circle_mn,0.5954349781063752,NA
10,random_10,random,landscape,1,NA,NA,circle_mn,circle_mn,0.5073356854937414,NA
11,random_11,random,landscape,1,NA,NA,circle_mn,circle_mn,0.48797356378526585,NA
12,sharp_12_rot167,sharp,landscape,1,NA,NA,circle_mn,circle_mn,0.592629150307552,NA
13,random_13,random,landscape,1,NA,NA,circle_mn,circle_mn,0.5144967282312986,NA
14,random_14,random,landscape,1,NA,NA,circle_mn,circle_mn,0.48800516491866824,NA
15,random_15,random,landscape,1,NA,NA,circle_mn,circle_mn,0.5310596064709173,NA
16,random_16,random,landscape,1,NA,NA,circle_mn,circle_mn,0.5391920485258418,NA
17,random_17,random,landscape,1,NA,NA,circle_mn,circle_mn,0.48623467712241225,NA
18,random_18,random,landscape,1,NA,NA,circle_mn,circle_mn,0.4749333109017318,NA
19,sharp_19_rot112,sharp,landscape,1,NA,NA,circle_mn,circle_mn,0.5730538732864591,NA
20,random_20,random,landscape,1,NA,NA,circle_mn,circle_mn,0.5063223258587461,NA
21,random_21,random,landscape,1,NA,NA,circle_mn,circle_mn,0.4734852688870531,NA
22,random_22,random,landscape,1,NA,NA,circle_mn,circle_mn,0.5071310435579263,NA
23,sharp_23_rot279,sharp,landscape,1,NA,NA,circle_mn,circle_mn,0.586180466696601,NA
24,random_24,random,landscape,1,NA,NA,circle_mn,circle_mn,0.5374968518640136,NA
25,random_25,random,landscape,1,NA,NA,circle_mn,circle_mn,0.48578362282396403,NA
26,random_26,random,landscape,1,NA,NA,circle_mn,circle_mn,0.4625009887937295,NA
27,sharp_27_rot305,sharp,landscape,1,NA,NA,circle_mn,circle_mn,0.5783605653818253,NA
28,random_28,random,landscape,1,NA,NA,circle_mn,circle_mn,0.47569987525235957,NA
29,sharp_29_rot195,sharp,landscape,1,NA,NA,circle_mn,circle_mn,0.6402194069806771,NA
30,sharp_30_rot81,sharp,landscape,1,NA,NA,circle_mn,circle_mn,0.5249656954405646,NA
31,sharp_31_rot308,sharp,landscape,1,NA,NA,circle_mn,circle_mn,0.5607453870833745,NA
32,random_32,random,landscape,1,NA,NA,circle_mn,circle_mn,0.4942762415276851,NA
33,sharp_33_rot300,sharp,landscape,1,NA,NA,circle_mn,circle_mn,0.6238066636140058,NA
34,sharp_34_rot273,sharp,landscape,1,NA,NA,circle_mn,circle_mn,0.5154552871954721,NA
35,random_35,random,landscape,1,NA,NA,circle_mn,circle_mn,0.45828958840939943,NA
36,random_36,random,landscape,1,NA,NA,circle_mn,circle_mn,0.5303478651090147,NA
37,random_37,random,landscape,1,NA,NA,circle_mn,circle_mn,0.5633410385798483,NA
38,sharp_38_rot249,sharp,landscape,1,NA,NA,circle_mn,circle_mn,0.5848375395261465,NA
39,sharp_39_rot66,sharp,landscape,1,NA,NA,circle_mn,circle_mn,0.6216722906036871,NA
40,sharp_40_rot331,sharp,landscape,1,NA,NA,circle_mn,circle_mn,0.6051407635220354,NA
41,sharp_41_rot185,sharp,landscape,1,NA,NA,circle_mn,circle_mn,0.5766108865281807,NA
42,random_42,random,landscape,1,NA,NA,circle_mn,circle_mn,0.5474742460593159,NA
43,random_43,random,landscape,1,NA,NA,circle_mn,circle_mn,0.5275450506639083,NA
44,random_44,random,landscape,1,NA,NA,circle_mn,circle_mn,0.5147208224524247,NA
45,sharp_45_rot260,sharp,landscape,1,NA,NA,circle_mn,circle_mn,0.608322066011549,NA
46,random_46,random,landscape,1,NA,NA,circle_mn,circle_mn,0.4452895595637365,NA
47,sharp_47_rot311,sharp,landscape,1,NA,NA,circle_mn,circle_mn,0.5454042028572981,NA
48,random_48,random,landscape,1,NA,NA,circle_mn,circle_mn,0.5306857279077847,NA
49,sharp_49_rot290,sharp,landscape,1,NA,NA,circle_mn,circle_mn,0.6092958353684759,NA
50,sharp_50_rot26,sharp,landscape,1,NA,NA,circle_mn,circle_mn,0.6156389997007858,NA
51,sharp_51_rot174,sharp,landscape,1,NA,NA,circle_mn,circle_mn,0.512598192485979,NA
52,sharp_52_rot258,sharp,landscape,1,NA,NA,circle_mn,circle_mn,0.5382367292584722,NA
53,sharp_53_rot89,sharp,landscape,1,NA,NA,circle_mn,circle_mn,0.49487508393950685,NA
54,sharp_54_rot216,sharp,landscape,1,NA,NA,circle_mn,circle_mn,0.5488608275485849,NA
55,random_55,random,landscape,1,NA,NA,circle_mn,circle_mn,0.5122626018897837,NA
56,sharp_56_rot328,sharp,landscape,1,NA,NA,circle_mn,circle_mn,0.6318586405267709,NA
57,sharp_57_rot74,sharp,landscape,1,NA,NA,circle_mn,circle_mn,0.59169791810327,NA
58,random_58,random,landscape,1,NA,NA,circle_mn,circle_mn,0.5146246929611722,NA
59,sharp_59_rot291,sharp,landscape,1,NA,NA,circle_mn,circle_mn,0.5736810314265494,NA
60,random_60,random,landscape,1,NA,NA,circle_mn,circle_mn,0.5545461466836199,NA
61,random_61,random,landscape,1,NA,NA,circle_mn,circle_mn,0.4660209840790565,NA
62,sharp_62_rot178,sharp,landscape,1,NA,NA,circle_mn,circle_mn,0.4992339801337178,NA
63,random_63,random,landscape,1,NA,NA,circle_mn,circle_mn,0.5044219000032597,NA
64,sharp_64_rot282,sharp,landscape,1,NA,NA,circle_mn,circle_mn,0.6254962291993373,NA
65,random_65,random,landscape,1,NA,NA,circle_mn,circle_mn,0.5015880181280784,NA
66,sharp_66_rot51,sharp,landscape,1,NA,NA,circle_mn,circle_mn,0.5507613214473721,NA
67,random_67,random,landscape,1,NA,NA,circle_mn,circle_mn,0.5165553007224197,NA
68,sharp_68_rot332,sharp,landscape,1,NA,NA,circle_mn,circle_mn,0.6179704907494186,NA
69,random_69,random,landscape,1,NA,NA,circle_mn,circle_mn,0.5120767995688842,NA
70,random_70,random,landscape,1,NA,NA,circle_mn,circle_mn,0.4850968040866529,NA
71,random_71,random,landscape,1,NA,NA,circle_mn,circle_mn,0.525897060402217,NA
72,random_72,random,landscape,1,NA,NA,circle_mn,circle_mn,0.48638938490163247,NA
73,sharp_73_rot288,sharp,landscape,1,NA,NA,circle_mn,circle_mn,0.5730073355885712,NA
74,sharp_74_rot285,sharp,landscape,1,NA,NA,circle_mn,circle_mn,0.588794476564589,NA
75,sharp_75_rot69,sharp,landscape,1,NA,NA,circle_mn,circle_mn,0.6088929356110351,NA
76,random_76,random,landscape,1,NA,NA,circle_mn,circle_mn,0.5367190172694049,NA
77,random_77,random,landscape,1,NA,NA,circle_mn,circle_mn,0.5459643028003671,NA
78,random_78,random,landscape,1,NA,NA,circle_mn,circle_mn,0.5314031829168511,NA
79,random_79,random,landscape,1,NA,NA,circle_mn,circle_mn,0.546118135022353,NA
80,sharp_80_rot260,sharp,landscape,1,NA,NA,circle_mn,circle_mn,0.6234614519346421,NA
81,sharp_81_rot193,sharp,landscape,1,NA,NA,circle_mn,circle_mn,0.6098718331901303,NA
82,random_82,random,landscape,1,NA,NA,circle_mn,circle_mn,0.4942909186591158,NA
83,random_83,random,landscape,1,NA,NA,circle_mn,circle_mn,0.4596977349358698,NA
84,sharp_84_rot19,sharp,landscape,1,NA,NA,circle_mn,circle_mn,0.5954258112305759,NA
85,random_85,random,landscape,1,NA,NA,circle_mn,circle_mn,0.48478244511939295,NA
86,sharp_86_rot322,sharp,landscape,1,NA,NA,circle_mn,circle_mn,0.6437547534951032,NA
87,random_87,random,landscape,1,NA,NA,circle_mn,circle_mn,0.5566912275619377,NA
88,sharp_88_rot76,sharp,landscape,1,NA,NA,circle_mn,circle_mn,0.5659454662920491,NA
89,sharp_89_rot22,sharp,landscape,1,NA,NA,circle_mn,circle_mn,0.5746951360237267,NA
90,sharp_90_rot226,sharp,landscape,1,NA,NA,circle_mn,circle_mn,0.5429227300559398,NA
91,sharp_91_rot271,sharp,landscape,1,NA,NA,circle_mn,circle_mn,0.5803311929980832,NA
92,random_92,random,landscape,1,NA,NA,circle_mn,circle_mn,0.5365849785725794,NA
93,sharp_93_rot226,sharp,landscape,1,NA,NA,circle_mn,circle_mn,0.6262888844766638,NA
94,random_94,random,landscape,1,NA,NA,circle_mn,circle_mn,0.542354236119877,NA
95,sharp_95_rot353,sharp,landscape,1,NA,NA,circle_mn,circle_mn,0.5318377495271205,NA
96,sharp_96_rot338,sharp,landscape,1,NA,NA,circle_mn,circle_mn,0.5935327691036874,NA
97,sharp_97_rot301,sharp,landscape,1,NA,NA,circle_mn,circle_mn,0.5796888117260978,NA
98,random_98,random,landscape,1,NA,NA,circle_mn,circle_mn,0.46462915862165083,NA
99,sharp_99_rot291,sharp,landscape,1,NA,NA,circle_mn,circle_mn,0.6017030435110591,NA
100,random_100,random,landscape,1,NA,NA,circle_mn,circle_mn,0.53300888550159,NA
1,random_1,random,landscape,1,NA,NA,circle_sd,circle_sd,0.15258709876371196,NA
2,sharp_2_rot108,sharp,landscape,1,NA,NA,circle_sd,circle_sd,0.2459313055031886,NA
3,random_3,random,landscape,1,NA,NA,circle_sd,circle_sd,0.15231239926752463,NA
4,sharp_4_rot87,sharp,landscape,1,NA,NA,circle_sd,circle_sd,0.16797981824616579,NA
5,sharp_5_rot329,sharp,landscape,1,NA,NA,circle_sd,circle_sd,0.14323196088450546,NA
6,random_6,random,landscape,1,NA,NA,circle_sd,circle_sd,0.15934937852123057,NA
7,sharp_7_rot144,sharp,landscape,1,NA,NA,circle_sd,circle_sd,0.07551987892410095,NA
8,sharp_8_rot184,sharp,landscape,1,NA,NA,circle_sd,circle_sd,0.08319753828409543,NA
9,sharp_9_rot64,sharp,landscape,1,NA,NA,circle_sd,circle_sd,0.06181732223013972,NA
10,random_10,random,landscape,1,NA,NA,circle_sd,circle_sd,0.15858419203089144,NA
11,random_11,random,landscape,1,NA,NA,circle_sd,circle_sd,0.15044540959171648,NA
12,sharp_12_rot167,sharp,landscape,1,NA,NA,circle_sd,circle_sd,0.20202694860781706,NA
13,random_13,random,landscape,1,NA,NA,circle_sd,circle_sd,0.1589157378107079,NA
14,random_14,random,landscape,1,NA,NA,circle_sd,circle_sd,0.14226358041266413,NA
15,random_15,random,landscape,1,NA,NA,circle_sd,circle_sd,0.16850895981316216,NA
16,random_16,random,landscape,1,NA,NA,circle_sd,circle_sd,0.16487412888425776,NA
17,random_17,random,landscape,1,NA,NA,circle_sd,circle_sd,0.1287353154821286,NA
18,random_18,random,landscape,1,NA,NA,circle_sd,circle_sd,0.14410591918830443,NA
19,sharp_19_rot112,sharp,landscape,1,NA,NA,circle_sd,circle_sd,0.015115170805994815,NA
20,random_20,random,landscape,1,NA,NA,circle_sd,circle_sd,0.1563984613118715,NA
21,random_21,random,landscape,1,NA,NA,circle_sd,circle_sd,0.14702551323583546,NA
22,random_22,random,landscape,1,NA,NA,circle_sd,circle_sd,0.15876331785491582,NA
23,sharp_23_rot279,sharp,landscape,1,NA,NA,circle_sd,circle_sd,0.22596636234474754,NA
24,random_24,random,landscape,1,NA,NA,circle_sd,circle_sd,0.15959314946997954,NA
25,random_25,random,landscape,1,NA,NA,circle_sd,circle_sd,0.15277416069547511,NA
26,random_26,random,landscape,1,NA,NA,circle_sd,circle_sd,0.1418756371797292,NA
27,sharp_27_rot305,sharp,landscape,1,NA,NA,circle_sd,circle_sd,0.16835044044388378,NA
28,random_28,random,landscape,1,NA,NA,circle_sd,circle_sd,0.13099199476142948,NA
29,sharp_29_rot195,sharp,landscape,1,NA,NA,circle_sd,circle_sd,0.27671939172051385,NA
30,sharp_30_rot81,sharp,landscape,1,NA,NA,circle_sd,circle_sd,0.031206355490034178,NA
31,sharp_31_rot308,sharp,landscape,1,NA,NA,circle_sd,circle_sd,0.18305273430150715,NA
32,random_32,random,landscape,1,NA,NA,circle_sd,circle_sd,0.1390023295449463,NA
33,sharp_33_rot300,sharp,landscape,1,NA,NA,circle_sd,circle_sd,0.13502664024934294,NA
34,sharp_34_rot273,sharp,landscape,1,NA,NA,circle_sd,circle_sd,0.09994004729763271,NA
35,random_35,random,landscape,1,NA,NA,circle_sd,circle_sd,0.1371396934829454,NA
36,random_36,random,landscape,1,NA,NA,circle_sd,circle_sd,0.1646626411746093,NA
37,random_37,random,landscape,1,NA,NA,circle_sd,circle_sd,0.17019269851136348,NA
38,sharp_38_rot249,sharp,landscape,1,NA,NA,circle_sd,circle_sd,0.09877160679570518,NA
39,sharp_39_rot66,sharp,landscape,1,NA,NA,circle_sd,circle_sd,0.19052874154119906,NA
40,sharp_40_rot331,sharp,landscape,1,NA,NA,circle_sd,circle_sd,0.04112696857837254,NA
41,sharp_41_rot185,sharp,landscape,1,NA,NA,circle_sd,circle_sd,0.244567595700102,NA
42,random_42,random,landscape,1,NA,NA,circle_sd,circle_sd,0.17524386766489344,NA
43,random_43,random,landscape,1,NA,NA,circle_sd,circle_sd,0.16612625892380867,NA
44,random_44,random,landscape,1,NA,NA,circle_sd,circle_sd,0.1595762503533032,NA
45,sharp_45_rot260,sharp,landscape,1,NA,NA,circle_sd,circle_sd,0.2585895566338942,NA
46,random_46,random,landscape,1,NA,NA,circle_sd,circle_sd,0.12939621391861184,NA
47,sharp_47_rot311,sharp,landscape,1,NA,NA,circle_sd,circle_sd,0.18350480488359025,NA
48,random_48,random,landscape,1,NA,NA,circle_sd,circle_sd,0.17113595890186994,NA
49,sharp_49_rot290,sharp,landscape,1,NA,NA,circle_sd,circle_sd,0.25243368977851666,NA
50,sharp_50_rot26,sharp,landscape,1,NA,NA,circle_sd,circle_sd,0.1261719692359419,NA
51,sharp_51_rot174,sharp,landscape,1,NA,NA,circle_sd,circle_sd,0.03211149276075031,NA
52,sharp_52_rot258,sharp,landscape,1,NA,NA,circle_sd,circle_sd,0.050524934807866226,NA
53,sharp_53_rot89,sharp,landscape,1,NA,NA,circle_sd,circle_sd,0.00850651511814921,NA
54,sharp_54_rot216,sharp,landscape,1,NA,NA,circle_sd,circle_sd,0.1992870378275428,NA
55,random_55,random,landscape,1,NA,NA,circle_sd,circle_sd,0.15981852980990183,NA
56,sharp_56_rot328,sharp,landscape,1,NA,NA,circle_sd,circle_sd,0.11031117092539038,NA
57,sharp_57_rot74,sharp,landscape,1,NA,NA,circle_sd,circle_sd,0.17290490729707428,NA
58,random_58,random,landscape,1,NA,NA,circle_sd,circle_sd,0.16330687407836622,NA
59,sharp_59_rot291,sharp,landscape,1,NA,NA,circle_sd,circle_sd,0.05894992258892459,NA
60,random_60,random,landscape,1,NA,NA,circle_sd,circle_sd,0.1722654353194794,NA
61,random_61,random,landscape,1,NA,NA,circle_sd,circle_sd,0.13854949827290447,NA
62,sharp_62_rot178,sharp,landscape,1,NA,NA,circle_sd,circle_sd,0.016747166061833577,NA
63,random_63,random,landscape,1,NA,NA,circle_sd,circle_sd,0.14991038621613695,NA
64,sharp_64_rot282,sharp,landscape,1,NA,NA,circle_sd,circle_sd,0.27258783490157806,NA
65,random_65,random,landscape,1,NA,NA,circle_sd,circle_sd,0.1531933299806251,NA
66,sharp_66_rot51,sharp,landscape,1,NA,NA,circle_sd,circle_sd,0.19126097791214539,NA
67,random_67,random,landscape,1,NA,NA,circle_sd,circle_sd,0.16773068999266436,NA
68,sharp_68_rot332,sharp,landscape,1,NA,NA,circle_sd,circle_sd,0.11140168819722641,NA
69,random_69,random,landscape,1,NA,NA,circle_sd,circle_sd,0.161942337432668,NA
70,random_70,random,landscape,1,NA,NA,circle_sd,circle_sd,0.14093271097501212,NA
71,random_71,random,landscape,1,NA,NA,circle_sd,circle_sd,0.16506925204423373,NA
72,random_72,random,landscape,1,NA,NA,circle_sd,circle_sd,0.140231117520716,NA
73,sharp_73_rot288,sharp,landscape,1,NA,NA,circle_sd,circle_sd,0.100150378911969,NA
74,sharp_74_rot285,sharp,landscape,1,NA,NA,circle_sd,circle_sd,0.17483781638377233,NA
75,sharp_75_rot69,sharp,landscape,1,NA,NA,circle_sd,circle_sd,0.15704460606939682,NA
76,random_76,random,landscape,1,NA,NA,circle_sd,circle_sd,0.16122542469332765,NA
77,random_77,random,landscape,1,NA,NA,circle_sd,circle_sd,0.16664415692271237,NA
78,random_78,random,landscape,1,NA,NA,circle_sd,circle_sd,0.1608520572622487,NA
79,random_79,random,landscape,1,NA,NA,circle_sd,circle_sd,0.16611338931916067,NA
80,sharp_80_rot260,sharp,landscape,1,NA,NA,circle_sd,circle_sd,0.2852160756399759,NA
81,sharp_81_rot193,sharp,landscape,1,NA,NA,circle_sd,circle_sd,0.2361497533359452,NA
82,random_82,random,landscape,1,NA,NA,circle_sd,circle_sd,0.14679827292652134,NA
83,random_83,random,landscape,1,NA,NA,circle_sd,circle_sd,0.13943039953269049,NA
84,sharp_84_rot19,sharp,landscape,1,NA,NA,circle_sd,circle_sd,0.2777442977084959,NA
85,random_85,random,landscape,1,NA,NA,circle_sd,circle_sd,0.13030489929232414,NA
86,sharp_86_rot322,sharp,landscape,1,NA,NA,circle_sd,circle_sd,0.020955066472897254,NA
87,random_87,random,landscape,1,NA,NA,circle_sd,circle_sd,0.1715720584333801,NA
88,sharp_88_rot76,sharp,landscape,1,NA,NA,circle_sd,circle_sd,0.12748782170517148,NA
89,sharp_89_rot22,sharp,landscape,1,NA,NA,circle_sd,circle_sd,0.03742136128870951,NA
90,sharp_90_rot226,sharp,landscape,1,NA,NA,circle_sd,circle_sd,0.17909515607709245,NA
91,sharp_91_rot271,sharp,landscape,1,NA,NA,circle_sd,circle_sd,0.28085407355852854,NA
92,random_92,random,landscape,1,NA,NA,circle_sd,circle_sd,0.170725340508012,NA
93,sharp_93_rot226,sharp,landscape,1,NA,NA,circle_sd,circle_sd,0.0727239079470349,NA
94,random_94,random,landscape,1,NA,NA,circle_sd,circle_sd,0.17390871208216202,NA
95,sharp_95_rot353,sharp,landscape,1,NA,NA,circle_sd,circle_sd,0.11243232354059934,NA
96,sharp_96_rot338,sharp,landscape,1,NA,NA,circle_sd,circle_sd,0.11430586332849124,NA
97,sharp_97_rot301,sharp,landscape,1,NA,NA,circle_sd,circle_sd,0.18355354591725137,NA
98,random_98,random,landscape,1,NA,NA,circle_sd,circle_sd,0.12545390609696408,NA
99,sharp_99_rot291,sharp,landscape,1,NA,NA,circle_sd,circle_sd,0.25547070019468565,NA
100,random_100,random,landscape,1,NA,NA,circle_sd,circle_sd,0.16448905253079718,NA
1,random_1,random,landscape,1,NA,NA,cohesion,cohesion,98.87085191060862,NA
2,sharp_2_rot108,sharp,landscape,1,NA,NA,cohesion,cohesion,99.59698870226299,NA
3,random_3,random,landscape,1,NA,NA,cohesion,cohesion,98.87987090002042,NA
4,sharp_4_rot87,sharp,landscape,1,NA,NA,cohesion,cohesion,99.58954112998791,NA
5,sharp_5_rot329,sharp,landscape,1,NA,NA,cohesion,cohesion,99.5943606870674,NA
6,random_6,random,landscape,1,NA,NA,cohesion,cohesion,99.36648717619009,NA
7,sharp_7_rot144,sharp,landscape,1,NA,NA,cohesion,cohesion,99.5834497320578,NA
8,sharp_8_rot184,sharp,landscape,1,NA,NA,cohesion,cohesion,99.58373410333469,NA
9,sharp_9_rot64,sharp,landscape,1,NA,NA,cohesion,cohesion,99.58258785516668,NA
10,random_10,random,landscape,1,NA,NA,cohesion,cohesion,99.08543154541334,NA
11,random_11,random,landscape,1,NA,NA,cohesion,cohesion,98.88152549655771,NA
12,sharp_12_rot167,sharp,landscape,1,NA,NA,cohesion,cohesion,99.59044905005499,NA
13,random_13,random,landscape,1,NA,NA,cohesion,cohesion,98.82615455064267,NA
14,random_14,random,landscape,1,NA,NA,cohesion,cohesion,99.49165155661147,NA
15,random_15,random,landscape,1,NA,NA,cohesion,cohesion,98.77548244008179,NA
16,random_16,random,landscape,1,NA,NA,cohesion,cohesion,98.88823021961606,NA
17,random_17,random,landscape,1,NA,NA,cohesion,cohesion,99.47794373091673,NA
18,random_18,random,landscape,1,NA,NA,cohesion,cohesion,98.90547566741935,NA
19,sharp_19_rot112,sharp,landscape,1,NA,NA,cohesion,cohesion,99.58162783191122,NA
20,random_20,random,landscape,1,NA,NA,cohesion,cohesion,98.87606945328284,NA
21,random_21,random,landscape,1,NA,NA,cohesion,cohesion,98.92112683625054,NA
22,random_22,random,landscape,1,NA,NA,cohesion,cohesion,98.84558169133484,NA
23,sharp_23_rot279,sharp,landscape,1,NA,NA,cohesion,cohesion,99.5937898703186,NA
24,random_24,random,landscape,1,NA,NA,cohesion,cohesion,98.91372718223118,NA
25,random_25,random,landscape,1,NA,NA,cohesion,cohesion,98.88419745668612,NA
26,random_26,random,landscape,1,NA,NA,cohesion,cohesion,98.94980697846782,NA
27,sharp_27_rot305,sharp,landscape,1,NA,NA,cohesion,cohesion,99.62868433146856,NA
28,random_28,random,landscape,1,NA,NA,cohesion,cohesion,99.48222341888336,NA
29,sharp_29_rot195,sharp,landscape,1,NA,NA,cohesion,cohesion,99.59828069201345,NA
30,sharp_30_rot81,sharp,landscape,1,NA,NA,cohesion,cohesion,99.58189431262828,NA
31,sharp_31_rot308,sharp,landscape,1,NA,NA,cohesion,cohesion,99.66119737851523,NA
32,random_32,random,landscape,1,NA,NA,cohesion,cohesion,99.44893605000979,NA
33,sharp_33_rot300,sharp,landscape,1,NA,NA,cohesion,cohesion,99.58975661778204,NA
34,sharp_34_rot273,sharp,landscape,1,NA,NA,cohesion,cohesion,99.58464478695764,NA
35,random_35,random,landscape,1,NA,NA,cohesion,cohesion,98.96300426370192,NA
36,random_36,random,landscape,1,NA,NA,cohesion,cohesion,98.77009328031755,NA
37,random_37,random,landscape,1,NA,NA,cohesion,cohesion,98.70025073395323,NA
38,sharp_38_rot249,sharp,landscape,1,NA,NA,cohesion,cohesion,99.58432203376854,NA
39,sharp_39_rot66,sharp,landscape,1,NA,NA,cohesion,cohesion,99.59763563815767,NA
40,sharp_40_rot331,sharp,landscape,1,NA,NA,cohesion,cohesion,99.58185045994591,NA
41,sharp_41_rot185,sharp,landscape,1,NA,NA,cohesion,cohesion,99.59533271261586,NA
42,random_42,random,landscape,1,NA,NA,cohesion,cohesion,98.77034993892444,NA
43,random_43,random,landscape,1,NA,NA,cohesion,cohesion,98.96902677566062,NA
44,random_44,random,landscape,1,NA,NA,cohesion,cohesion,99.08216000320706,NA
45,sharp_45_rot260,sharp,landscape,1,NA,NA,cohesion,cohesion,99.594521180353,NA
46,random_46,random,landscape,1,NA,NA,cohesion,cohesion,98.99846904958342,NA
47,sharp_47_rot311,sharp,landscape,1,NA,NA,cohesion,cohesion,99.6917796347308,NA
48,random_48,random,landscape,1,NA,NA,cohesion,cohesion,98.84169571878792,NA
49,sharp_49_rot290,sharp,landscape,1,NA,NA,cohesion,cohesion,99.63789629608452,NA
50,sharp_50_rot26,sharp,landscape,1,NA,NA,cohesion,cohesion,99.58492292218341,NA
51,sharp_51_rot174,sharp,landscape,1,NA,NA,cohesion,cohesion,99.58193100781074,NA
52,sharp_52_rot258,sharp,landscape,1,NA,NA,cohesion,cohesion,99.58271529568174,NA
53,sharp_53_rot89,sharp,landscape,1,NA,NA,cohesion,cohesion,99.5816256352999,NA
54,sharp_54_rot216,sharp,landscape,1,NA,NA,cohesion,cohesion,99.70423975928028,NA
55,random_55,random,landscape,1,NA,NA,cohesion,cohesion,98.83299832553301,NA
56,sharp_56_rot328,sharp,landscape,1,NA,NA,cohesion,cohesion,99.58558696531097,NA
57,sharp_57_rot74,sharp,landscape,1,NA,NA,cohesion,cohesion,99.58892923937567,NA
58,random_58,random,landscape,1,NA,NA,cohesion,cohesion,98.83672545042431,NA
59,sharp_59_rot291,sharp,landscape,1,NA,NA,cohesion,cohesion,99.58213548753893,NA
60,random_60,random,landscape,1,NA,NA,cohesion,cohesion,98.72634605726479,NA
61,random_61,random,landscape,1,NA,NA,cohesion,cohesion,98.95403803826717,NA
62,sharp_62_rot178,sharp,landscape,1,NA,NA,cohesion,cohesion,99.58169260978791,NA
63,random_63,random,landscape,1,NA,NA,cohesion,cohesion,99.1821808412314,NA
64,sharp_64_rot282,sharp,landscape,1,NA,NA,cohesion,cohesion,99.59243438970108,NA
65,random_65,random,landscape,1,NA,NA,cohesion,cohesion,98.85271441332144,NA
66,sharp_66_rot51,sharp,landscape,1,NA,NA,cohesion,cohesion,99.68879040906853,NA
67,random_67,random,landscape,1,NA,NA,cohesion,cohesion,98.96892639826348,NA
68,sharp_68_rot332,sharp,landscape,1,NA,NA,cohesion,cohesion,99.58398214030998,NA
69,random_69,random,landscape,1,NA,NA,cohesion,cohesion,98.81658266281823,NA
70,random_70,random,landscape,1,NA,NA,cohesion,cohesion,99.475798968639225,NA
71,random_71,random,landscape,1,NA,NA,cohesion,cohesion,99.23570156751956,NA
72,random_72,random,landscape,1,NA,NA,cohesion,cohesion,99.49876781763882,NA
73,sharp_73_rot288,sharp,landscape,1,NA,NA,cohesion,cohesion,99.5848674525703,NA
74,sharp_74_rot285,sharp,landscape,1,NA,NA,cohesion,cohesion,99.5882580202443,NA
75,sharp_75_rot69,sharp,landscape,1,NA,NA,cohesion,cohesion,99.58808819704275,NA
76,random_76,random,landscape,1,NA,NA,cohesion,cohesion,98.97486357925347,NA
77,random_77,random,landscape,1,NA,NA,cohesion,cohesion,99.08288169805483,NA
78,random_78,random,landscape,1,NA,NA,cohesion,cohesion,98.80121358081708,NA
79,random_79,random,landscape,1,NA,NA,cohesion,cohesion,98.76663586490712,NA
80,sharp_80_rot260,sharp,landscape,1,NA,NA,cohesion,cohesion,99.59452287571902,NA
81,sharp_81_rot193,sharp,landscape,1,NA,NA,cohesion,cohesion,99.59151928123786,NA
82,random_82,random,landscape,1,NA,NA,cohesion,cohesion,99.45151831409935,NA
83,random_83,random,landscape,1,NA,NA,cohesion,cohesion,98.94887697975435,NA
84,sharp_84_rot19,sharp,landscape,1,NA,NA,cohesion,cohesion,99.70024592282813,NA
85,random_85,random,landscape,1,NA,NA,cohesion,cohesion,99.51529934555117,NA
86,sharp_86_rot322,sharp,landscape,1,NA,NA,cohesion,cohesion,99.58157505713147,NA
87,random_87,random,landscape,1,NA,NA,cohesion,cohesion,98.71806607859972,NA
88,sharp_88_rot76,sharp,landscape,1,NA,NA,cohesion,cohesion,99.5861540277622,NA
89,sharp_89_rot22,sharp,landscape,1,NA,NA,cohesion,cohesion,99.5817698511302,NA
90,sharp_90_rot226,sharp,landscape,1,NA,NA,cohesion,cohesion,99.69199328278368,NA
91,sharp_91_rot271,sharp,landscape,1,NA,NA,cohesion,cohesion,99.59911735032789,NA
92,random_92,random,landscape,1,NA,NA,cohesion,cohesion,98.78286481814723,NA
93,sharp_93_rot226,sharp,landscape,1,NA,NA,cohesion,cohesion,99.5862583291058,NA
94,random_94,random,landscape,1,NA,NA,cohesion,cohesion,98.82072301023445,NA
95,sharp_95_rot353,sharp,landscape,1,NA,NA,cohesion,cohesion,99.585294713794,NA
96,sharp_96_rot338,sharp,landscape,1,NA,NA,cohesion,cohesion,99.58453944814015,NA
97,sharp_97_rot301,sharp,landscape,1,NA,NA,cohesion,cohesion,99.63630534350882,NA
98,random_98,random,landscape,1,NA,NA,cohesion,cohesion,99.51611060823592,NA
99,sharp_99_rot291,sharp,landscape,1,NA,NA,cohesion,cohesion,99.65419124986305,NA
100,random_100,random,landscape,1,NA,NA,cohesion,cohesion,98.78312550012541,NA
1,random_1,random,landscape,1,NA,NA,condent,condent,0.6782680028130941,NA
2,sharp_2_rot108,sharp,landscape,1,NA,NA,condent,condent,0.052837877342197914,NA
3,random_3,random,landscape,1,NA,NA,condent,condent,0.6612127889999228,NA
4,sharp_4_rot87,sharp,landscape,1,NA,NA,condent,condent,0.047409759291677345,NA
5,sharp_5_rot329,sharp,landscape,1,NA,NA,condent,condent,0.059318606713027466,NA
6,random_6,random,landscape,1,NA,NA,condent,condent,0.9812440337077956,NA
7,sharp_7_rot144,sharp,landscape,1,NA,NA,condent,condent,0.07034195440669289,NA
8,sharp_8_rot184,sharp,landscape,1,NA,NA,condent,condent,0.0479356597609395,NA
9,sharp_9_rot64,sharp,landscape,1,NA,NA,condent,condent,0.0633167960337292,NA
10,random_10,random,landscape,1,NA,NA,condent,condent,0.9717124612889267,NA
11,random_11,random,landscape,1,NA,NA,condent,condent,0.665444057369532,NA
12,sharp_12_rot167,sharp,landscape,1,NA,NA,condent,condent,0.0529423480762109,NA
13,random_13,random,landscape,1,NA,NA,condent,condent,0.7487400792407082,NA
14,random_14,random,landscape,1,NA,NA,condent,condent,0.9999585836420666,NA
15,random_15,random,landscape,1,NA,NA,condent,condent,0.8148351528183898,NA
16,random_16,random,landscape,1,NA,NA,condent,condent,0.9735884916244958,NA
17,random_17,random,landscape,1,NA,NA,condent,condent,0.9993441709521997,NA
18,random_18,random,landscape,1,NA,NA,condent,condent,0.6094595126814663,NA
19,sharp_19_rot112,sharp,landscape,1,NA,NA,condent,condent,0.06066738715083375,NA
20,random_20,random,landscape,1,NA,NA,condent,condent,0.67500359669693355,NA
21,random_21,random,landscape,1,NA,NA,condent,condent,0.5904347842356922,NA
22,random_22,random,landscape,1,NA,NA,condent,condent,0.7162345660481795,NA
23,sharp_23_rot279,sharp,landscape,1,NA,NA,condent,condent,0.04983602979900836,NA
24,random_24,random,landscape,1,NA,NA,condent,condent,0.9714016984253128,NA
25,random_25,random,landscape,1,NA,NA,condent,condent,0.6559413343980056,NA
26,random_26,random,landscape,1,NA,NA,condent,condent,0.5441618968850004,NA
27,sharp_27_rot305,sharp,landscape,1,NA,NA,condent,condent,0.047233707327500984,NA
28,random_28,random,landscape,1,NA,NA,condent,condent,0.9978213879395326,NA
29,sharp_29_rot195,sharp,landscape,1,NA,NA,condent,condent,0.05041526037501587,NA
30,sharp_30_rot81,sharp,landscape,1,NA,NA,condent,condent,0.051841846718214124,NA
31,sharp_31_rot308,sharp,landscape,1,NA,NA,condent,condent,0.039757567613653455,NA
32,random_32,random,landscape,1,NA,NA,condent,condent,0.9922231049251649,NA
33,sharp_33_rot300,sharp,landscape,1,NA,NA,condent,condent,0.062091340420760366,NA
34,sharp_34_rot273,sharp,landscape,1,NA,NA,condent,condent,0.04786281385305413,NA
35,random_35,random,landscape,1,NA,NA,condent,condent,0.5181082832146334,NA
36,random_36,random,landscape,1,NA,NA,condent,condent,0.82015893380648075,NA
37,random_37,random,landscape,1,NA,NA,condent,condent,0.9153127329584919,NA
38,sharp_38_rot249,sharp,landscape,1,NA,NA,condent,condent,0.05947504389685798,NA
39,sharp_39_rot66,sharp,landscape,1,NA,NA,condent,condent,0.05582378254383136,NA
40,sharp_40_rot331,sharp,landscape,1,NA,NA,condent,condent,0.06591761317436218,NA
41,sharp_41_rot185,sharp,landscape,1,NA,NA,condent,condent,0.04719771643583637,NA
42,random_42,random,landscape,1,NA,NA,condent,condent,0.9469562884017227,NA
43,random_43,random,landscape,1,NA,NA,condent,condent,0.9638240792182214,NA
44,random_44,random,landscape,1,NA,NA,condent,condent,0.9780550936530873,NA
45,sharp_45_rot260,sharp,landscape,1,NA,NA,condent,condent,0.04985493016441045,NA
46,random_46,random,landscape,1,NA,NA,condent,condent,0.46230416676005315,NA
47,sharp_47_rot311,sharp,landscape,1,NA,NA,condent,condent,0.034381686690097,NA
48,random_48,random,landscape,1,NA,NA,condent,condent,0.9545618911031846,NA
49,sharp_49_rot290,sharp,landscape,1,NA,NA,condent,condent,0.04288118161523913,NA
50,sharp_50_rot26,sharp,landscape,1,NA,NA,condent,condent,0.06257851752943744,NA
51,sharp_51_rot174,sharp,landscape,1,NA,NA,condent,condent,0.04958780401951157,NA
52,sharp_52_rot258,sharp,landscape,1,NA,NA,condent,condent,0.053640449442558635,NA
53,sharp_53_rot89,sharp,landscape,1,NA,NA,condent,condent,0.04656695146394407,NA
54,sharp_54_rot216,sharp,landscape,1,NA,NA,condent,condent,0.03217545872674926,NA
55,random_55,random,landscape,1,NA,NA,condent,condent,0.7329911041053299,NA
56,sharp_56_rot328,sharp,landscape,1,NA,NA,condent,condent,0.0660488886619458,NA
57,sharp_57_rot74,sharp,landscape,1,NA,NA,condent,condent,0.05507759661771339,NA
58,random_58,random,landscape,1,NA,NA,condent,condent,0.7335886093689625,NA
59,sharp_59_rot291,sharp,landscape,1,NA,NA,condent,condent,0.05980382051094346,NA
60,random_60,random,landscape,1,NA,NA,condent,condent,0.8791008353250377,NA
61,random_61,random,landscape,1,NA,NA,condent,condent,0.5329738728290706,NA
62,sharp_62_rot178,sharp,landscape,1,NA,NA,condent,condent,0.04732787685806239,NA
63,random_63,random,landscape,1,NA,NA,condent,condent,0.9740519767449204,NA
64,sharp_64_rot282,sharp,landscape,1,NA,NA,condent,condent,0.050753740448413076,NA
65,random_65,random,landscape,1,NA,NA,condent,condent,0.7103009479092932,NA
66,sharp_66_rot51,sharp,landscape,1,NA,NA,condent,condent,0.034729954560520415,NA
67,random_67,random,landscape,1,NA,NA,condent,condent,0.9780734252395343,NA
68,sharp_68_rot332,sharp,landscape,1,NA,NA,condent,condent,0.06416457338428627,NA
69,random_69,random,landscape,1,NA,NA,condent,condent,0.7575663341437188,NA
70,random_70,random,landscape,1,NA,NA,condent,condent,0.996246484477831,NA
71,random_71,random,landscape,1,NA,NA,condent,condent,0.9862757451863284,NA
72,random_72,random,landscape,1,NA,NA,condent,condent,0.9920588256067846,NA
73,sharp_73_rot288,sharp,landscape,1,NA,NA,condent,condent,0.05733244109509705,NA
74,sharp_74_rot285,sharp,landscape,1,NA,NA,condent,condent,0.05473634442331832,NA
75,sharp_75_rot69,sharp,landscape,1,NA,NA,condent,condent,0.058670234857947645,NA
76,random_76,random,landscape,1,NA,NA,condent,condent,0.9597778186441331,NA
77,random_77,random,landscape,1,NA,NA,condent,condent,0.9719610994464537,NA
78,random_78,random,landscape,1,NA,NA,condent,condent,0.7762463071406239,NA
79,random_79,random,landscape,1,NA,NA,condent,condent,0.9542090592190243,NA
80,sharp_80_rot260,sharp,landscape,1,NA,NA,condent,condent,0.04917358080833889,NA
81,sharp_81_rot193,sharp,landscape,1,NA,NA,condent,condent,0.05229156339526009,NA
82,random_82,random,landscape,1,NA,NA,condent,condent,0.9879312327064094,NA
83,random_83,random,landscape,1,NA,NA,condent,condent,0.5439755033413441,NA
84,sharp_84_rot19,sharp,landscape,1,NA,NA,condent,condent,0.03157817305633415,NA
85,random_85,random,landscape,1,NA,NA,condent,condent,0.9990899951950626,NA
86,sharp_86_rot322,sharp,landscape,1,NA,NA,condent,condent,0.07363869879034013,NA
87,random_87,random,landscape,1,NA,NA,condent,condent,0.9121485775960092,NA
88,sharp_88_rot76,sharp,landscape,1,NA,NA,condent,condent,0.05460474494803613,NA
89,sharp_89_rot22,sharp,landscape,1,NA,NA,condent,condent,0.060615514731170106,NA
90,sharp_90_rot226,sharp,landscape,1,NA,NA,condent,condent,0.03441509543601551,NA
91,sharp_91_rot271,sharp,landscape,1,NA,NA,condent,condent,0.044568803928462075,NA
92,random_92,random,landscape,1,NA,NA,condent,condent,0.9459920535867491,NA
93,sharp_93_rot226,sharp,landscape,1,NA,NA,condent,condent,0.067764909231671,NA
94,random_94,random,landscape,1,NA,NA,condent,condent,0.9619980666497353,NA
95,sharp_95_rot353,sharp,landscape,1,NA,NA,condent,condent,0.05002546057332102,NA
96,sharp_96_rot338,sharp,landscape,1,NA,NA,condent,condent,0.06001976822020627,NA
97,sharp_97_rot301,sharp,landscape,1,NA,NA,condent,condent,0.045123483332519365,NA
98,random_98,random,landscape,1,NA,NA,condent,condent,0.9998625975365457,NA
99,sharp_99_rot291,sharp,landscape,1,NA,NA,condent,condent,0.03959136069446484,NA
100,random_100,random,landscape,1,NA,NA,condent,condent,0.819518774902212,NA
1,random_1,random,landscape,1,NA,NA,contag,contag,32.17129629461801,NA
2,sharp_2_rot108,sharp,landscape,1,NA,NA,contag,contag,66.6991310784005,NA
3,random_3,random,landscape,1,NA,NA,contag,contag,33.8785370881889,NA
4,sharp_4_rot87,sharp,landscape,1,NA,NA,contag,contag,53.64552155966209,NA
5,sharp_5_rot329,sharp,landscape,1,NA,NA,contag,contag,57.76090745981253,NA
6,random_6,random,landscape,1,NA,NA,contag,contag,1.875126155753215,NA
7,sharp_7_rot144,sharp,landscape,1,NA,NA,contag,contag,49.73119816250022,NA
8,sharp_8_rot184,sharp,landscape,1,NA,NA,contag,contag,49.0794202923193,NA
9,sharp_9_rot64,sharp,landscape,1,NA,NA,contag,contag,48.31632741141296,NA
10,random_10,random,landscape,1,NA,NA,contag,contag,2.8286996209755944,NA
11,random_11,random,landscape,1,NA,NA,contag,contag,33.45558548094305,NA
12,sharp_12_rot167,sharp,landscape,1,NA,NA,contag,contag,58.29233219671981,NA
13,random_13,random,landscape,1,NA,NA,contag,contag,25.12520141822302,NA
14,random_14,random,landscape,1,NA,NA,contag,contag,0.002071645889689666,NA
15,random_15,random,landscape,1,NA,NA,contag,contag,18.51521835600164,NA
16,random_16,random,landscape,1,NA,NA,contag,contag,2.640385691950231,NA
17,random_17,random,landscape,1,NA,NA,contag,contag,0.06547598575883384,NA
18,random_18,random,landscape,1,NA,NA,contag,contag,39.050812254176016,NA
19,sharp_19_rot112,sharp,landscape,1,NA,NA,contag,contag,47.036608011974344,NA
20,random_20,random,landscape,1,NA,NA,contag,contag,32.49303802905772,NA
21,random_21,random,landscape,1,NA,NA,contag,contag,40.95389915240275,NA
22,random_22,random,landscape,1,NA,NA,contag,contag,28.376504844991135,NA
23,sharp_23_rot279,sharp,landscape,1,NA,NA,contag,contag,59.97339811244663,NA
24,random_24,random,landscape,1,NA,NA,contag,contag,2.8581162559922046,NA
25,random_25,random,landscape,1,NA,NA,contag,contag,34.404491848222726,NA
26,random_26,random,landscape,1,NA,NA,contag,contag,45.57825761150826,NA
27,sharp_27_rot305,sharp,landscape,1,NA,NA,contag,contag,67.2190685470867,NA
28,random_28,random,landscape,1,NA,NA,contag,contag,0.21708891198557456,NA
29,sharp_29_rot195,sharp,landscape,1,NA,NA,contag,contag,70.20192949671733,NA
30,sharp_30_rot81,sharp,landscape,1,NA,NA,contag,contag,47.64723649646645,NA
31,sharp_31_rot308,sharp,landscape,1,NA,NA,contag,contag,73.71344735959187,NA
32,random_32,random,landscape,1,NA,NA,contag,contag,0.7716359701618991,NA
33,sharp_33_rot300,sharp,landscape,1,NA,NA,contag,contag,55.71130633288928,NA
34,sharp_34_rot273,sharp,landscape,1,NA,NA,contag,contag,49.73698788077148,NA
35,random_35,random,landscape,1,NA,NA,contag,contag,48.186984303198614,NA
36,random_36,random,landscape,1,NA,NA,contag,contag,17.98405264378875,NA
37,random_37,random,landscape,1,NA,NA,contag,contag,8.468717828612437,NA
38,sharp_38_rot249,sharp,landscape,1,NA,NA,contag,contag,50.343175180431146,NA
39,sharp_39_rot66,sharp,landscape,1,NA,NA,contag,contag,61.854321888069784,NA
40,sharp_40_rot331,sharp,landscape,1,NA,NA,contag,contag,47.378388414531415,NA
41,sharp_41_rot185,sharp,landscape,1,NA,NA,contag,contag,60.80383196398343,NA
42,random_42,random,landscape,1,NA,NA,contag,contag,5.304336400338794,NA
43,random_43,random,landscape,1,NA,NA,contag,contag,3.609801257838774,NA
44,random_44,random,landscape,1,NA,NA,contag,contag,2.1921110140732614,NA
45,sharp_45_rot260,sharp,landscape,1,NA,NA,contag,contag,64.22935310428635,NA
46,random_46,random,landscape,1,NA,NA,contag,contag,53.76494028413301,NA
47,sharp_47_rot311,sharp,landscape,1,NA,NA,contag,contag,78.01219785216483,NA
48,random_48,random,landscape,1,NA,NA,contag,contag,4.538125223571909,NA
49,sharp_49_rot290,sharp,landscape,1,NA,NA,contag,contag,73.71737691357363,NA
50,sharp_50_rot26,sharp,landscape,1,NA,NA,contag,contag,52.90575741527199,NA
51,sharp_51_rot174,sharp,landscape,1,NA,NA,contag,contag,47.75520612418545,NA
52,sharp_52_rot258,sharp,landscape,1,NA,NA,contag,contag,48.063098268523774,NA
53,sharp_53_rot89,sharp,landscape,1,NA,NA,contag,contag,47.686226453513655,NA
54,sharp_54_rot216,sharp,landscape,1,NA,NA,contag,contag,80.31728713061386,NA
55,random_55,random,landscape,1,NA,NA,contag,contag,26.700469601336994,NA
56,sharp_56_rot328,sharp,landscape,1,NA,NA,contag,contag,52.7415876063875,NA
57,sharp_57_rot74,sharp,landscape,1,NA,NA,contag,contag,55.95459812149113,NA
58,random_58,random,landscape,1,NA,NA,contag,contag,26.641069580644494,NA
59,sharp_59_rot291,sharp,landscape,1,NA,NA,contag,contag,48.08113817239361,NA
60,random_60,random,landscape,1,NA,NA,contag,contag,12.087431599199139,NA
61,random_61,random,landscape,1,NA,NA,contag,contag,46.702336946689215,NA
62,sharp_62_rot178,sharp,landscape,1,NA,NA,contag,contag,47.691914049961106,NA
63,random_63,random,landscape,1,NA,NA,contag,contag,2.594800707616607,NA
64,sharp_64_rot282,sharp,landscape,1,NA,NA,contag,contag,66.89141728962802,NA
65,random_65,random,landscape,1,NA,NA,contag,contag,28.966650244882565,NA
66,sharp_66_rot51,sharp,landscape,1,NA,NA,contag,contag,78.03464855373441,NA
67,random_67,random,landscape,1,NA,NA,contag,contag,2.1924740757891636,NA
68,sharp_68_rot332,sharp,landscape,1,NA,NA,contag,contag,51.71664148651005,NA
69,random_69,random,landscape,1,NA,NA,contag,contag,24.242838148754274,NA
70,random_70,random,landscape,1,NA,NA,contag,contag,0.37308072757554767,NA
71,random_71,random,landscape,1,NA,NA,contag,contag,1.367506803170615,NA
72,random_72,random,landscape,1,NA,NA,contag,contag,0.7889352176712827,NA
73,sharp_73_rot288,sharp,landscape,1,NA,NA,contag,contag,50.35153591129862,NA
74,sharp_74_rot285,sharp,landscape,1,NA,NA,contag,contag,55.866914030918146,NA
75,sharp_75_rot69,sharp,landscape,1,NA,NA,contag,contag,55.47974452089149,NA
76,random_76,random,landscape,1,NA,NA,contag,contag,4.01819210881521,NA
77,random_77,random,landscape,1,NA,NA,contag,contag,2.803183423808575,NA
78,random_78,random,landscape,1,NA,NA,contag,contag,22.375369115642883,NA
79,random_79,random,landscape,1,NA,NA,contag,contag,4.575297270643064,NA
80,sharp_80_rot260,sharp,landscape,1,NA,NA,contag,contag,67.96467683921014,NA
81,sharp_81_rot193,sharp,landscape,1,NA,NA,contag,contag,62.25644705329083,NA
82,random_82,random,landscape,1,NA,NA,contag,contag,1.2056895379385035,NA
83,random_83,random,landscape,1,NA,NA,contag,contag,45.598200492334215,NA
84,sharp_84_rot19,sharp,landscape,1,NA,NA,contag,contag,83.12509239678182,NA
85,random_85,random,landscape,1,NA,NA,contag,contag,0.08075649942531626,NA
86,sharp_86_rot322,sharp,landscape,1,NA,NA,contag,contag,46.52998948288808,NA
87,random_87,random,landscape,1,NA,NA,contag,contag,8.7828529168956,NA
88,sharp_88_rot76,sharp,landscape,1,NA,NA,contag,contag,51.84039965087439,NA
89,sharp_89_rot22,sharp,landscape,1,NA,NA,contag,contag,47.40170879272354,NA
90,sharp_90_rot226,sharp,landscape,1,NA,NA,contag,contag,77.83395809967377,NA
91,sharp_91_rot271,sharp,landscape,1,NA,NA,contag,contag,63.95625641138813,NA
92,random_92,random,landscape,1,NA,NA,contag,contag,5.399065312399309,NA
93,sharp_93_rot226,sharp,landscape,1,NA,NA,contag,contag,50.790964472132025,NA
94,random_94,random,landscape,1,NA,NA,contag,contag,3.7980464295019445,NA
95,sharp_95_rot353,sharp,landscape,1,NA,NA,contag,contag,50.43205343029522,NA
96,sharp_96_rot338,sharp,landscape,1,NA,NA,contag,contag,51.422156417158085,NA
97,sharp_97_rot301,sharp,landscape,1,NA,NA,contag,contag,69.24836446964477,NA
98,random_98,random,landscape,1,NA,NA,contag,contag,0.012302721768608915,NA
99,sharp_99_rot291,sharp,landscape,1,NA,NA,contag,contag,76.34055906736367,NA
100,random_100,random,landscape,1,NA,NA,contag,contag,18.047234365035724,NA
1,random_1,random,landscape,1,NA,NA,contig_cv,contig_cv,118.93699209918869,NA
2,sharp_2_rot108,sharp,landscape,1,NA,NA,contig_cv,contig_cv,2.6892964611050525,NA
3,random_3,random,landscape,1,NA,NA,contig_cv,contig_cv,127.02933398754756,NA
4,sharp_4_rot87,sharp,landscape,1,NA,NA,contig_cv,contig_cv,0.9305793402792794,NA
5,sharp_5_rot329,sharp,landscape,1,NA,NA,contig_cv,contig_cv,1.4414582474594626,NA
6,random_6,random,landscape,1,NA,NA,contig_cv,contig_cv,110.8629137048298,NA
7,sharp_7_rot144,sharp,landscape,1,NA,NA,contig_cv,contig_cv,0.7185852685814454,NA
8,sharp_8_rot184,sharp,landscape,1,NA,NA,contig_cv,contig_cv,0.4070707069646855,NA
9,sharp_9_rot64,sharp,landscape,1,NA,NA,contig_cv,contig_cv,0.45137259889062675,NA
10,random_10,random,landscape,1,NA,NA,contig_cv,contig_cv,108.5422208140395,NA
11,random_11,random,landscape,1,NA,NA,contig_cv,contig_cv,124.77849918871802,NA
12,sharp_12_rot167,sharp,landscape,1,NA,NA,contig_cv,contig_cv,1.5254129131847336,NA
13,random_13,random,landscape,1,NA,NA,contig_cv,contig_cv,105.42386434745725,NA
14,random_14,random,landscape,1,NA,NA,contig_cv,contig_cv,115.17215509863408,NA
15,random_15,random,landscape,1,NA,NA,contig_cv,contig_cv,101.80278587926708,NA
16,random_16,random,landscape,1,NA,NA,contig_cv,contig_cv,97.00233770023111,NA
17,random_17,random,landscape,1,NA,NA,contig_cv,contig_cv,103.99628695752654,NA
18,random_18,random,landscape,1,NA,NA,contig_cv,contig_cv,131.69208001559903,NA
19,sharp_19_rot112,sharp,landscape,1,NA,NA,contig_cv,contig_cv,0.09624922766363042,NA
20,random_20,random,landscape,1,NA,NA,contig_cv,contig_cv,112.26960163501758,NA
21,random_21,random,landscape,1,NA,NA,contig_cv,contig_cv,137.0830743025615,NA
22,random_22,random,landscape,1,NA,NA,contig_cv,contig_cv,112.67347855203175,NA
23,sharp_23_rot279,sharp,landscape,1,NA,NA,contig_cv,contig_cv,1.6705873057576766,NA
24,random_24,random,landscape,1,NA,NA,contig_cv,contig_cv,92.08525519309953,NA
25,random_25,random,landscape,1,NA,NA,contig_cv,contig_cv,127.55455997128806,NA
26,random_26,random,landscape,1,NA,NA,contig_cv,contig_cv,150.57026275797114,NA
27,sharp_27_rot305,sharp,landscape,1,NA,NA,contig_cv,contig_cv,2.123426826281145,NA
28,random_28,random,landscape,1,NA,NA,contig_cv,contig_cv,115.22969991804344,NA
29,sharp_29_rot195,sharp,landscape,1,NA,NA,contig_cv,contig_cv,3.343769416445859,NA
30,sharp_30_rot81,sharp,landscape,1,NA,NA,contig_cv,contig_cv,0.16343377427786016,NA
31,sharp_31_rot308,sharp,landscape,1,NA,NA,contig_cv,contig_cv,2.7360240680802237,NA
32,random_32,random,landscape,1,NA,NA,contig_cv,contig_cv,105.01099586101594,NA
33,sharp_33_rot300,sharp,landscape,1,NA,NA,contig_cv,contig_cv,1.2922237281996585,NA
34,sharp_34_rot273,sharp,landscape,1,NA,NA,contig_cv,contig_cv,0.4973985954583109,NA
35,random_35,random,landscape,1,NA,NA,contig_cv,contig_cv,152.49791969704313,NA
36,random_36,random,landscape,1,NA,NA,contig_cv,contig_cv,99.86987967908486,NA
37,random_37,random,landscape,1,NA,NA,contig_cv,contig_cv,84.94048854689318,NA
38,sharp_38_rot249,sharp,landscape,1,NA,NA,contig_cv,contig_cv,0.6909720727609234,NA
39,sharp_39_rot66,sharp,landscape,1,NA,NA,contig_cv,contig_cv,1.923642360052108,NA
40,sharp_40_rot331,sharp,landscape,1,NA,NA,contig_cv,contig_cv,0.3078041544528425,NA
41,sharp_41_rot185,sharp,landscape,1,NA,NA,contig_cv,contig_cv,1.734386756630394,NA
42,random_42,random,landscape,1,NA,NA,contig_cv,contig_cv,96.37518582915722,NA
43,random_43,random,landscape,1,NA,NA,contig_cv,contig_cv,101.21003467195597,NA
44,random_44,random,landscape,1,NA,NA,contig_cv,contig_cv,109.3655457106269,NA
45,sharp_45_rot260,sharp,landscape,1,NA,NA,contig_cv,contig_cv,2.26939631751468,NA
46,random_46,random,landscape,1,NA,NA,contig_cv,contig_cv,163.81407337259856,NA
47,sharp_47_rot311,sharp,landscape,1,NA,NA,contig_cv,contig_cv,3.184066364129094,NA
48,random_48,random,landscape,1,NA,NA,contig_cv,contig_cv,105.71916556817355,NA
49,sharp_49_rot290,sharp,landscape,1,NA,NA,contig_cv,contig_cv,3.336326953384837,NA
50,sharp_50_rot26,sharp,landscape,1,NA,NA,contig_cv,contig_cv,1.0318417941314246,NA
51,sharp_51_rot174,sharp,landscape,1,NA,NA,contig_cv,contig_cv,0.15866913743293934,NA
52,sharp_52_rot258,sharp,landscape,1,NA,NA,contig_cv,contig_cv,0.2870014865551126,NA
53,sharp_53_rot89,sharp,landscape,1,NA,NA,contig_cv,contig_cv,0.038497610252136466,NA
54,sharp_54_rot216,sharp,landscape,1,NA,NA,contig_cv,contig_cv,3.666187378525342,NA
55,random_55,random,landscape,1,NA,NA,contig_cv,contig_cv,107.89916640878057,NA
56,sharp_56_rot328,sharp,landscape,1,NA,NA,contig_cv,contig_cv,1.0311786514170584,NA
57,sharp_57_rot74,sharp,landscape,1,NA,NA,contig_cv,contig_cv,1.278102549304045,NA
58,random_58,random,landscape,1,NA,NA,contig_cv,contig_cv,111.49833986286069,NA
59,sharp_59_rot291,sharp,landscape,1,NA,NA,contig_cv,contig_cv,0.38097871060308097,NA
60,random_60,random,landscape,1,NA,NA,contig_cv,contig_cv,91.24690027118132,NA
61,random_61,random,landscape,1,NA,NA,contig_cv,contig_cv,141.06614402812752,NA
62,sharp_62_rot178,sharp,landscape,1,NA,NA,contig_cv,contig_cv,0.07747974837398225,NA
63,random_63,random,landscape,1,NA,NA,contig_cv,contig_cv,107.30206309087735,NA
64,sharp_64_rot282,sharp,landscape,1,NA,NA,contig_cv,contig_cv,2.7601788841435373,NA
65,random_65,random,landscape,1,NA,NA,contig_cv,contig_cv,111.73744550978135,NA
66,sharp_66_rot51,sharp,landscape,1,NA,NA,contig_cv,contig_cv,3.2697918244133657,NA
67,random_67,random,landscape,1,NA,NA,contig_cv,contig_cv,113.24164467598288,NA
68,sharp_68_rot332,sharp,landscape,1,NA,NA,contig_cv,contig_cv,0.9137662510461031,NA
69,random_69,random,landscape,1,NA,NA,contig_cv,contig_cv,111.59363317253153,NA
70,random_70,random,landscape,1,NA,NA,contig_cv,contig_cv,115.88585563051448,NA
71,random_71,random,landscape,1,NA,NA,contig_cv,contig_cv,103.48806601182945,NA
72,random_72,random,landscape,1,NA,NA,contig_cv,contig_cv,113.960667514722,NA
73,sharp_73_rot288,sharp,landscape,1,NA,NA,contig_cv,contig_cv,0.6646715806865778,NA
74,sharp_74_rot285,sharp,landscape,1,NA,NA,contig_cv,contig_cv,1.2721534663196956,NA
75,sharp_75_rot69,sharp,landscape,1,NA,NA,contig_cv,contig_cv,1.2651482509588339,NA
76,random_76,random,landscape,1,NA,NA,contig_cv,contig_cv,94.68357468131202,NA
77,random_77,random,landscape,1,NA,NA,contig_cv,contig_cv,93.06683626916089,NA
78,random_78,random,landscape,1,NA,NA,contig_cv,contig_cv,98.43269633086321,NA
79,random_79,random,landscape,1,NA,NA,contig_cv,contig_cv,89.62342208041255,NA
80,sharp_80_rot260,sharp,landscape,1,NA,NA,contig_cv,contig_cv,2.912964220075842,NA
81,sharp_81_rot193,sharp,landscape,1,NA,NA,contig_cv,contig_cv,2.0371788441365277,NA
82,random_82,random,landscape,1,NA,NA,contig_cv,contig_cv,116.97376721605262,NA
83,random_83,random,landscape,1,NA,NA,contig_cv,contig_cv,149.79973370499997,NA
84,sharp_84_rot19,sharp,landscape,1,NA,NA,contig_cv,contig_cv,5.149396208780795,NA
85,random_85,random,landscape,1,NA,NA,contig_cv,contig_cv,116.46774433844693,NA
86,sharp_86_rot322,sharp,landscape,1,NA,NA,contig_cv,contig_cv,0.18160439851604052,NA
87,random_87,random,landscape,1,NA,NA,contig_cv,contig_cv,88.73893049199565,NA
88,sharp_88_rot76,sharp,landscape,1,NA,NA,contig_cv,contig_cv,0.8154822896605487,NA
89,sharp_89_rot22,sharp,landscape,1,NA,NA,contig_cv,contig_cv,0.24089898811355753,NA
90,sharp_90_rot226,sharp,landscape,1,NA,NA,contig_cv,contig_cv,3.1039230003720775,NA
91,sharp_91_rot271,sharp,landscape,1,NA,NA,contig_cv,contig_cv,2.107545707227661,NA
92,random_92,random,landscape,1,NA,NA,contig_cv,contig_cv,94.3582457399363,NA
93,sharp_93_rot226,sharp,landscape,1,NA,NA,contig_cv,contig_cv,0.7639054232512238,NA
94,random_94,random,landscape,1,NA,NA,contig_cv,contig_cv,103.19657214866358,NA
95,sharp_95_rot353,sharp,landscape,1,NA,NA,contig_cv,contig_cv,0.6065271542665908,NA
96,sharp_96_rot338,sharp,landscape,1,NA,NA,contig_cv,contig_cv,0.8324758636749505,NA
97,sharp_97_rot301,sharp,landscape,1,NA,NA,contig_cv,contig_cv,2.3602162673648692,NA
98,random_98,random,landscape,1,NA,NA,contig_cv,contig_cv,124.36020850097597,NA
99,sharp_99_rot291,sharp,landscape,1,NA,NA,contig_cv,contig_cv,3.6835933923024213,NA
100,random_100,random,landscape,1,NA,NA,contig_cv,contig_cv,100.09236286082756,NA
1,random_1,random,landscape,1,NA,NA,contig_mn,contig_mn,0.09613609821290596,NA
2,sharp_2_rot108,sharp,landscape,1,NA,NA,contig_mn,contig_mn,0.9665278324369233,NA
3,random_3,random,landscape,1,NA,NA,contig_mn,contig_mn,0.08784933188855719,NA
4,sharp_4_rot87,sharp,landscape,1,NA,NA,contig_mn,contig_mn,0.9772905054768384,NA
5,sharp_5_rot329,sharp,landscape,1,NA,NA,contig_mn,contig_mn,0.9738325147641006,NA
6,random_6,random,landscape,1,NA,NA,contig_mn,contig_mn,0.1448273342227754,NA
7,sharp_7_rot144,sharp,landscape,1,NA,NA,contig_mn,contig_mn,0.97634623324181,NA
8,sharp_8_rot184,sharp,landscape,1,NA,NA,contig_mn,contig_mn,0.9793012064284483,NA
9,sharp_9_rot64,sharp,landscape,1,NA,NA,contig_mn,contig_mn,0.9778393544247823,NA
10,random_10,random,landscape,1,NA,NA,contig_mn,contig_mn,0.15248570451038748,NA
11,random_11,random,landscape,1,NA,NA,contig_mn,contig_mn,0.08915606069243029,NA
12,sharp_12_rot167,sharp,landscape,1,NA,NA,contig_mn,contig_mn,0.9736958267829028,NA
13,random_13,random,landscape,1,NA,NA,contig_mn,contig_mn,0.11700322467828539,NA
14,random_14,random,landscape,1,NA,NA,contig_mn,contig_mn,0.1317581561913243,NA
15,random_15,random,landscape,1,NA,NA,contig_mn,contig_mn,0.12936975406286452,NA
16,random_16,random,landscape,1,NA,NA,contig_mn,contig_mn,0.17138996521547842,NA
17,random_17,random,landscape,1,NA,NA,contig_mn,contig_mn,0.1566498857229656,NA
18,random_18,random,landscape,1,NA,NA,contig_mn,contig_mn,0.07713608508410179,NA
19,sharp_19_rot112,sharp,landscape,1,NA,NA,contig_mn,contig_mn,0.9787041585392413,NA
20,random_20,random,landscape,1,NA,NA,contig_mn,contig_mn,0.1037452582316501,NA
21,random_21,random,landscape,1,NA,NA,contig_mn,contig_mn,0.07427298223844853,NA
22,random_22,random,landscape,1,NA,NA,contig_mn,contig_mn,0.10451355183863527,NA
23,sharp_23_rot279,sharp,landscape,1,NA,NA,contig_mn,contig_mn,0.9730447339027994,NA
24,random_24,random,landscape,1,NA,NA,contig_mn,contig_mn,0.17491765284321267,NA
25,random_25,random,landscape,1,NA,NA,contig_mn,contig_mn,0.08632773413234361,NA
26,random_26,random,landscape,1,NA,NA,contig_mn,contig_mn,0.0621450489034215,NA
27,sharp_27_rot305,sharp,landscape,1,NA,NA,contig_mn,contig_mn,0.9706682667457147,NA
28,random_28,random,landscape,1,NA,NA,contig_mn,contig_mn,0.13811403448083806,NA
29,sharp_29_rot195,sharp,landscape,1,NA,NA,contig_mn,contig_mn,0.9624958330992377,NA
30,sharp_30_rot81,sharp,landscape,1,NA,NA,contig_mn,contig_mn,0.9794416499989766,NA
31,sharp_31_rot308,sharp,landscape,1,NA,NA,contig_mn,contig_mn,0.967164973458388,NA
32,random_32,random,landscape,1,NA,NA,contig_mn,contig_mn,0.13850128493188055,NA
33,sharp_33_rot300,sharp,landscape,1,NA,NA,contig_mn,contig_mn,0.9743604753499804,NA
34,sharp_34_rot273,sharp,landscape,1,NA,NA,contig_mn,contig_mn,0.9790381813631627,NA
35,random_35,random,landscape,1,NA,NA,contig_mn,contig_mn,0.0629777894216089,NA
36,random_36,random,landscape,1,NA,NA,contig_mn,contig_mn,0.1345386398374729,NA
37,random_37,random,landscape,1,NA,NA,contig_mn,contig_mn,0.17470860216143008,NA
38,sharp_38_rot249,sharp,landscape,1,NA,NA,contig_mn,contig_mn,0.9773702621526588,NA
39,sharp_39_rot66,sharp,landscape,1,NA,NA,contig_mn,contig_mn,0.971135046514354,NA
40,sharp_40_rot331,sharp,landscape,1,NA,NA,contig_mn,contig_mn,0.9779442830751977,NA
41,sharp_41_rot185,sharp,landscape,1,NA,NA,contig_mn,contig_mn,0.9728561145421882,NA
42,random_42,random,landscape,1,NA,NA,contig_mn,contig_mn,0.16625293807374708,NA
43,random_43,random,landscape,1,NA,NA,contig_mn,contig_mn,0.15572894891840325,NA
44,random_44,random,landscape,1,NA,NA,contig_mn,contig_mn,0.14045669969957766,NA
45,sharp_45_rot260,sharp,landscape,1,NA,NA,contig_mn,contig_mn,0.9693917868590272,NA
46,random_46,random,landscape,1,NA,NA,contig_mn,contig_mn,0.056507035168546174,NA
47,sharp_47_rot311,sharp,landscape,1,NA,NA,contig_mn,contig_mn,0.9644674840543409,NA
48,random_48,random,landscape,1,NA,NA,contig_mn,contig_mn,0.14885142170151897,NA
49,sharp_49_rot290,sharp,landscape,1,NA,NA,contig_mn,contig_mn,0.9629115792378231,NA
50,sharp_50_rot26,sharp,landscape,1,NA,NA,contig_mn,contig_mn,0.9756108149944067,NA
51,sharp_51_rot174,sharp,landscape,1,NA,NA,contig_mn,contig_mn,0.9796451836738642,NA
52,sharp_52_rot258,sharp,landscape,1,NA,NA,contig_mn,contig_mn,0.9790829291036802,NA
53,sharp_53_rot89,sharp,landscape,1,NA,NA,contig_mn,contig_mn,0.9799946645324796,NA
54,sharp_54_rot216,sharp,landscape,1,NA,NA,contig_mn,contig_mn,0.9613504864311315,NA
55,random_55,random,landscape,1,NA,NA,contig_mn,contig_mn,0.11075113270439055,NA
56,sharp_56_rot328,sharp,landscape,1,NA,NA,contig_mn,contig_mn,0.9753605377912893,NA
57,sharp_57_rot74,sharp,landscape,1,NA,NA,contig_mn,contig_mn,0.9749147030568922,NA
58,random_58,random,landscape,1,NA,NA,contig_mn,contig_mn,0.1099545519029488,NA
59,sharp_59_rot291,sharp,landscape,1,NA,NA,contig_mn,contig_mn,0.978349312239186,NA
60,random_60,random,landscape,1,NA,NA,contig_mn,contig_mn,0.15796940776364574,NA
61,random_61,random,landscape,1,NA,NA,contig_mn,contig_mn,0.06827515055756955,NA
62,sharp_62_rot178,sharp,landscape,1,NA,NA,contig_mn,contig_mn,0.979911858974359,NA
63,random_63,random,landscape,1,NA,NA,contig_mn,contig_mn,0.14833940621088026,NA
64,sharp_64_rot282,sharp,landscape,1,NA,NA,contig_mn,contig_mn,0.9662560171955854,NA
65,random_65,random,landscape,1,NA,NA,contig_mn,contig_mn,0.10986013419953974,NA
66,sharp_66_rot51,sharp,landscape,1,NA,NA,contig_mn,contig_mn,0.9638812628955316,NA
67,random_67,random,landscape,1,NA,NA,contig_mn,contig_mn,0.14059607593469473,NA
68,sharp_68_rot332,sharp,landscape,1,NA,NA,contig_mn,contig_mn,0.9760415511153431,NA
69,random_69,random,landscape,1,NA,NA,contig_mn,contig_mn,0.11280320479822156,NA
70,random_70,random,landscape,1,NA,NA,contig_mn,contig_mn,0.1353627075976638,NA
71,random_71,random,landscape,1,NA,NA,contig_mn,contig_mn,0.16831462390097957,NA
72,random_72,random,landscape,1,NA,NA,contig_mn,contig_mn,0.13061155793110565,NA
73,sharp_73_rot288,sharp,landscape,1,NA,NA,contig_mn,contig_mn,0.9776445138147265,NA
74,sharp_74_rot285,sharp,landscape,1,NA,NA,contig_mn,contig_mn,0.9749918975016723,NA
75,sharp_75_rot69,sharp,landscape,1,NA,NA,contig_mn,contig_mn,0.974693089715598,NA
76,random_76,random,landscape,1,NA,NA,contig_mn,contig_mn,0.15776324033495417,NA
77,random_77,random,landscape,1,NA,NA,contig_mn,contig_mn,0.1770428272377687,NA
78,random_78,random,landscape,1,NA,NA,contig_mn,contig_mn,0.12718418320624958,NA
79,random_79,random,landscape,1,NA,NA,contig_mn,contig_mn,0.18260838635168128,NA
80,sharp_80_rot260,sharp,landscape,1,NA,NA,contig_mn,contig_mn,0.9653661769402919,NA
81,sharp_81_rot193,sharp,landscape,1,NA,NA,contig_mn,contig_mn,0.9706893859198028,NA
82,random_82,random,landscape,1,NA,NA,contig_mn,contig_mn,0.1383775012430617,NA
83,random_83,random,landscape,1,NA,NA,contig_mn,contig_mn,0.06757940118395846,NA
84,sharp_84_rot19,sharp,landscape,1,NA,NA,contig_mn,contig_mn,0.9516142050040355,NA
85,random_85,random,landscape,1,NA,NA,contig_mn,contig_mn,0.11709041709075531,NA
86,sharp_86_rot322,sharp,landscape,1,NA,NA,contig_mn,contig_mn,0.9774043597707471,NA
87,random_87,random,landscape,1,NA,NA,contig_mn,contig_mn,0.17049457757359246,NA
88,sharp_88_rot76,sharp,landscape,1,NA,NA,contig_mn,contig_mn,0.9772587602821812,NA
89,sharp_89_rot22,sharp,landscape,1,NA,NA,contig_mn,contig_mn,0.9785519769810613,NA
90,sharp_90_rot226,sharp,landscape,1,NA,NA,contig_mn,contig_mn,0.9650231357802939,NA
91,sharp_91_rot271,sharp,landscape,1,NA,NA,contig_mn,contig_mn,0.970738529629279,NA
92,random_92,random,landscape,1,NA,NA,contig_mn,contig_mn,0.1680801692783747,NA
93,sharp_93_rot226,sharp,landscape,1,NA,NA,contig_mn,contig_mn,0.9767793081081848,NA
94,random_94,random,landscape,1,NA,NA,contig_mn,contig_mn,0.15157705888825632,NA
95,sharp_95_rot353,sharp,landscape,1,NA,NA,contig_mn,contig_mn,0.9784840880887284,NA
96,sharp_96_rot338,sharp,landscape,1,NA,NA,contig_mn,contig_mn,0.9767508583689428,NA
97,sharp_97_rot301,sharp,landscape,1,NA,NA,contig_mn,contig_mn,0.9692044833517682,NA
98,random_98,random,landscape,1,NA,NA,contig_mn,contig_mn,0.12118289925882288,NA
99,sharp_99_rot291,sharp,landscape,1,NA,NA,contig_mn,contig_mn,0.9608249291635251,NA
100,random_100,random,landscape,1,NA,NA,contig_mn,contig_mn,0.13210148655338133,NA
1,random_1,random,landscape,1,NA,NA,contig_sd,contig_sd,0.11434138353595223,NA
2,sharp_2_rot108,sharp,landscape,1,NA,NA,contig_sd,contig_sd,0.02599279879332155,NA
3,random_3,random,landscape,1,NA,NA,contig_sd,contig_sd,0.11159442121054444,NA
4,sharp_4_rot87,sharp,landscape,1,NA,NA,contig_sd,contig_sd,0.009094463538478398,NA
5,sharp_5_rot329,sharp,landscape,1,NA,NA,contig_sd,contig_sd,0.014037389100509017,NA
6,random_6,random,landscape,1,NA,NA,contig_sd,contig_sd,0.16055980256040092,NA
7,sharp_7_rot144,sharp,landscape,1,NA,NA,contig_sd,contig_sd,0.0070158802024254865,NA
8,sharp_8_rot184,sharp,landscape,1,NA,NA,contig_sd,contig_sd,0.003986448344321979,NA
9,sharp_9_rot64,sharp,landscape,1,NA,NA,contig_sd,contig_sd,0.004413698907042467,NA
10,random_10,random,landscape,1,NA,NA,contig_sd,contig_sd,0.16551137009950856,NA
11,random_11,random,landscape,1,NA,NA,contig_sd,contig_sd,0.11124759446779707,NA
12,sharp_12_rot167,sharp,landscape,1,NA,NA,contig_sd,contig_sd,0.014852881876887254,NA
13,random_13,random,landscape,1,NA,NA,contig_sd,contig_sd,0.1233493208669862,NA
14,random_14,random,landscape,1,NA,NA,contig_sd,contig_sd,0.15174870800377258,NA
15,random_15,random,landscape,1,NA,NA,contig_sd,contig_sd,0.1317020137211524,NA
16,random_16,random,landscape,1,NA,NA,contig_sd,contig_sd,0.166252272842627,NA
17,random_17,random,landscape,1,NA,NA,contig_sd,contig_sd,0.1629100646750927,NA
18,random_18,random,landscape,1,NA,NA,contig_sd,contig_sd,0.10158211488985587,NA
19,sharp_19_rot112,sharp,landscape,1,NA,NA,contig_sd,contig_sd,9.419951937058527e-4,NA
20,random_20,random,landscape,1,NA,NA,contig_sd,contig_sd,0.11647438813189386,NA
21,random_21,random,landscape,1,NA,NA,contig_sd,contig_sd,0.1018156874286607,NA
22,random_22,random,landscape,1,NA,NA,contig_sd,contig_sd,0.11775905441487129,NA
23,sharp_23_rot279,sharp,landscape,1,NA,NA,contig_sd,contig_sd,0.01625556180392373,NA
24,random_24,random,landscape,1,NA,NA,contig_sd,contig_sd,0.1610733669984523,NA
25,random_25,random,landscape,1,NA,NA,contig_sd,contig_sd,0.11011496140569434,NA
26,random_26,random,landscape,1,NA,NA,contig_sd,contig_sd,0.09357196342495142,NA
27,sharp_27_rot305,sharp,landscape,1,NA,NA,contig_sd,contig_sd,0.02061143037027673,NA
28,random_28,random,landscape,1,NA,NA,contig_sd,contig_sd,0.15914838747697274,NA
29,sharp_29_rot195,sharp,landscape,1,NA,NA,contig_sd,contig_sd,0.03218364130173809,NA
30,sharp_30_rot81,sharp,landscape,1,NA,NA,contig_sd,contig_sd,0.0016007384554426764,NA
31,sharp_31_rot308,sharp,landscape,1,NA,NA,contig_sd,contig_sd,0.026461866451863207,NA
32,random_32,random,landscape,1,NA,NA,contig_sd,contig_sd,0.14544157858727097,NA
33,sharp_33_rot300,sharp,landscape,1,NA,NA,contig_sd,contig_sd,0.01259091726067143,NA
34,sharp_34_rot273,sharp,landscape,1,NA,NA,contig_sd,contig_sd,0.0048697221631009615,NA
35,random_35,random,landscape,1,NA,NA,contig_sd,contig_sd,0.09603981873913807,NA
36,random_36,random,landscape,1,NA,NA,contig_sd,contig_sd,0.13436357772756152,NA
37,random_37,random,landscape,1,NA,NA,contig_sd,contig_sd,0.14839834020936668,NA
38,sharp_38_rot249,sharp,landscape,1,NA,NA,contig_sd,contig_sd,0.006753355558945098,NA
39,sharp_39_rot66,sharp,landscape,1,NA,NA,contig_sd,contig_sd,0.018681165128061856,NA
40,sharp_40_rot331,sharp,landscape,1,NA,NA,contig_sd,contig_sd,0.0030101531315395247,NA
41,sharp_41_rot185,sharp,landscape,1,NA,NA,contig_sd,contig_sd,0.01687308761168873,NA
42,random_42,random,landscape,1,NA,NA,contig_sd,contig_sd,0.16022657801500742,NA
43,random_43,random,landscape,1,NA,NA,contig_sd,contig_sd,0.15761332319458854,NA
44,random_44,random,landscape,1,NA,NA,contig_sd,contig_sd,0.15361123611357957,NA
45,sharp_45_rot260,sharp,landscape,1,NA,NA,contig_sd,contig_sd,0.021999341513268517,NA
46,random_46,random,landscape,1,NA,NA,contig_sd,contig_sd,0.09256647605168229,NA
47,sharp_47_rot311,sharp,landscape,1,NA,NA,contig_sd,contig_sd,0.030709284752736404,NA
48,random_48,random,landscape,1,NA,NA,contig_sd,contig_sd,0.15736448095920905,NA
49,sharp_49_rot290,sharp,landscape,1,NA,NA,contig_sd,contig_sd,0.03212587855537508,NA
50,sharp_50_rot26,sharp,landscape,1,NA,NA,contig_sd,contig_sd,0.0100667601371785,NA
51,sharp_51_rot174,sharp,landscape,1,NA,NA,contig_sd,contig_sd,0.0015543945628386545,NA
52,sharp_52_rot258,sharp,landscape,1,NA,NA,contig_sd,contig_sd,0.0028099825611349015,NA
53,sharp_53_rot89,sharp,landscape,1,NA,NA,contig_sd,contig_sd,3.772745264434462e-4,NA
54,sharp_54_rot216,sharp,landscape,1,NA,NA,contig_sd,contig_sd,0.03524491019693013,NA
55,random_55,random,landscape,1,NA,NA,contig_sd,contig_sd,0.11949954897631976,NA
56,sharp_56_rot328,sharp,landscape,1,NA,NA,contig_sd,contig_sd,0.010057709640050386,NA
57,sharp_57_rot74,sharp,landscape,1,NA,NA,contig_sd,contig_sd,0.012460409673310099,NA
58,random_58,random,landscape,1,NA,NA,contig_sd,contig_sd,0.12259749997543541,NA
59,sharp_59_rot291,sharp,landscape,1,NA,NA,contig_sd,contig_sd,0.0037273025949629613,NA
60,random_60,random,landscape,1,NA,NA,contig_sd,contig_sd,0.1441421879610696,NA
61,random_61,random,landscape,1,NA,NA,contig_sd,contig_sd,0.09631312222096197,NA
62,sharp_62_rot178,sharp,landscape,1,NA,NA,contig_sd,contig_sd,7.59233242620145e-4,NA
63,random_63,random,landscape,1,NA,NA,contig_sd,contig_sd,0.15917124324103157,NA
64,sharp_64_rot282,sharp,landscape,1,NA,NA,contig_sd,contig_sd,0.026670394553398896,NA
65,random_65,random,landscape,1,NA,NA,contig_sd,contig_sd,0.1227549075881834,NA
66,sharp_66_rot51,sharp,landscape,1,NA,NA,contig_sd,contig_sd,0.03151691073121039,NA
67,random_67,random,landscape,1,NA,NA,contig_sd,contig_sd,0.15921330873834208,NA
68,sharp_68_rot332,sharp,landscape,1,NA,NA,contig_sd,contig_sd,0.008918738290278904,NA
69,random_69,random,landscape,1,NA,NA,contig_sd,contig_sd,0.12588119456938685,NA
70,random_70,random,landscape,1,NA,NA,contig_sd,contig_sd,0.15686623190418414,NA
71,random_71,random,landscape,1,NA,NA,contig_sd,contig_sd,0.1741855490902082,NA
72,random_72,random,landscape,1,NA,NA,contig_sd,contig_sd,0.14884580326966584,NA
73,sharp_73_rot288,sharp,landscape,1,NA,NA,contig_sd,contig_sd,0.006498125243467951,NA
74,sharp_74_rot285,sharp,landscape,1,NA,NA,contig_sd,contig_sd,0.012403393220403697,NA
75,sharp_75_rot69,sharp,landscape,1,NA,NA,contig_sd,contig_sd,0.012331312576753505,NA
76,random_76,random,landscape,1,NA,NA,contig_sd,contig_sd,0.1493758754822041,NA
77,random_77,random,landscape,1,NA,NA,contig_sd,contig_sd,0.1647681581516676,NA
78,random_78,random,landscape,1,NA,NA,contig_sd,contig_sd,0.12519082083629637,NA
79,random_79,random,landscape,1,NA,NA,contig_sd,contig_sd,0.16365988485419777,NA
80,sharp_80_rot260,sharp,landscape,1,NA,NA,contig_sd,contig_sd,0.028120771326984748,NA
81,sharp_81_rot193,sharp,landscape,1,NA,NA,contig_sd,contig_sd,0.019774678812236997,NA
82,random_82,random,landscape,1,NA,NA,contig_sd,contig_sd,0.16186537618344932,NA
83,random_83,random,landscape,1,NA,NA,contig_sd,contig_sd,0.10123376301300337,NA
84,sharp_84_rot19,sharp,landscape,1,NA,NA,contig_sd,contig_sd,0.049002385794697303,NA
85,random_85,random,landscape,1,NA,NA,contig_sd,contig_sd,0.13637256762208205,NA
86,sharp_86_rot322,sharp,landscape,1,NA,NA,contig_sd,contig_sd,0.001775009308631222,NA
87,random_87,random,landscape,1,NA,NA,contig_sd,contig_sd,0.15129506468565182,NA
88,sharp_88_rot76,sharp,landscape,1,NA,NA,contig_sd,contig_sd,0.007969372114257424,NA
89,sharp_89_rot22,sharp,landscape,1,NA,NA,contig_sd,contig_sd,0.0023573218107125894,NA
90,sharp_90_rot226,sharp,landscape,1,NA,NA,contig_sd,contig_sd,0.029953575070396404,NA
91,sharp_91_rot271,sharp,landscape,1,NA,NA,contig_sd,contig_sd,0.020458758209606787,NA
92,random_92,random,landscape,1,NA,NA,contig_sd,contig_sd,0.15859749916778973,NA
93,sharp_93_rot226,sharp,landscape,1,NA,NA,contig_sd,contig_sd,0.007461670107834204,NA
94,random_94,random,landscape,1,NA,NA,contig_sd,contig_sd,0.1564223289364417,NA
95,sharp_95_rot353,sharp,landscape,1,NA,NA,contig_sd,contig_sd,0.0059347716944359655,NA
96,sharp_96_rot338,sharp,landscape,1,NA,NA,contig_sd,contig_sd,0.00813121514415935,NA
97,sharp_97_rot301,sharp,landscape,1,NA,NA,contig_sd,contig_sd,0.022875321880098068,NA
98,random_98,random,landscape,1,NA,NA,contig_sd,contig_sd,0.1507033061857998,NA
99,sharp_99_rot291,sharp,landscape,1,NA,NA,contig_sd,contig_sd,0.03539288360226203,NA
100,random_100,random,landscape,1,NA,NA,contig_sd,contig_sd,0.13222349926555776,NA
1,random_1,random,landscape,1,NA,NA,core_cv,core_cv,2752.678258950474,NA
2,sharp_2_rot108,sharp,landscape,1,NA,NA,core_cv,core_cv,101.98915391418626,NA
3,random_3,random,landscape,1,NA,NA,core_cv,core_cv,2762.581058877787,NA
4,sharp_4_rot87,sharp,landscape,1,NA,NA,core_cv,core_cv,59.01575729035683,NA
5,sharp_5_rot329,sharp,landscape,1,NA,NA,core_cv,core_cv,77.54784292402086,NA
6,random_6,random,landscape,1,NA,NA,core_cv,core_cv,1041.2650188768798,NA
7,sharp_7_rot144,sharp,landscape,1,NA,NA,core_cv,core_cv,43.62407790425135,NA
8,sharp_8_rot184,sharp,landscape,1,NA,NA,core_cv,core_cv,29.55297474091736,NA
9,sharp_9_rot64,sharp,landscape,1,NA,NA,core_cv,core_cv,29.613102868569268,NA
10,random_10,random,landscape,1,NA,NA,core_cv,core_cv,1229.6514316454898,NA
11,random_11,random,landscape,1,NA,NA,core_cv,core_cv,2765.106130375153,NA
12,sharp_12_rot167,sharp,landscape,1,NA,NA,core_cv,core_cv,78.61752690488188,NA
13,random_13,random,landscape,1,NA,NA,core_cv,core_cv,2633.771172436305,NA
14,random_14,random,landscape,1,NA,NA,core_cv,core_cv,735.0040293248268,NA
15,random_15,random,landscape,1,NA,NA,core_cv,core_cv,2507.973880258761,NA
16,random_16,random,landscape,1,NA,NA,core_cv,core_cv,1168.3770931767838,NA
17,random_17,random,landscape,1,NA,NA,core_cv,core_cv,717.0700760026497,NA
18,random_18,random,landscape,1,NA,NA,core_cv,core_cv,2774.2335443843517,NA
19,sharp_19_rot112,sharp,landscape,1,NA,NA,core_cv,core_cv,6.463773722581107,NA
20,random_20,random,landscape,1,NA,NA,core_cv,core_cv,2657.499442701949,NA
21,random_21,random,landscape,1,NA,NA,core_cv,core_cv,2718.4554438136365,NA
22,random_22,random,landscape,1,NA,NA,core_cv,core_cv,2690.262908358743,NA
23,sharp_23_rot279,sharp,landscape,1,NA,NA,core_cv,core_cv,83.57809743616505,NA
24,random_24,random,landscape,1,NA,NA,core_cv,core_cv,1306.349277877981,NA
25,random_25,random,landscape,1,NA,NA,core_cv,core_cv,2760.434748368452,NA
26,random_26,random,landscape,1,NA,NA,core_cv,core_cv,2703.701166919155,NA
27,sharp_27_rot305,sharp,landscape,1,NA,NA,core_cv,core_cv,101.58225292926811,NA
28,random_28,random,landscape,1,NA,NA,core_cv,core_cv,720.2999499285013,NA
29,sharp_29_rot195,sharp,landscape,1,NA,NA,core_cv,core_cv,109.49718939079007,NA
30,sharp_30_rot81,sharp,landscape,1,NA,NA,core_cv,core_cv,11.935433338905579,NA
31,sharp_31_rot308,sharp,landscape,1,NA,NA,core_cv,core_cv,113.86323841833882,NA
32,random_32,random,landscape,1,NA,NA,core_cv,core_cv,911.3952178859682,NA
33,sharp_33_rot300,sharp,landscape,1,NA,NA,core_cv,core_cv,70.77072964996572,NA
34,sharp_34_rot273,sharp,landscape,1,NA,NA,core_cv,core_cv,35.44553125080526,NA
35,random_35,random,landscape,1,NA,NA,core_cv,core_cv,2617.2504656604806,NA
36,random_36,random,landscape,1,NA,NA,core_cv,core_cv,2495.5712145593375,NA
37,random_37,random,landscape,1,NA,NA,core_cv,core_cv,2001.014903251266,NA
38,sharp_38_rot249,sharp,landscape,1,NA,NA,core_cv,core_cv,44.10398163268135,NA
39,sharp_39_rot66,sharp,landscape,1,NA,NA,core_cv,core_cv,89.79895964813882,NA
40,sharp_40_rot331,sharp,landscape,1,NA,NA,core_cv,core_cv,20.022666508088466,NA
41,sharp_41_rot185,sharp,landscape,1,NA,NA,core_cv,core_cv,85.74271003163409,NA
42,random_42,random,landscape,1,NA,NA,core_cv,core_cv,1535.5680169776797,NA
43,random_43,random,landscape,1,NA,NA,core_cv,core_cv,1301.7433081543113,NA
44,random_44,random,landscape,1,NA,NA,core_cv,core_cv,1103.8712281062499,NA
45,sharp_45_rot260,sharp,landscape,1,NA,NA,core_cv,core_cv,95.72397922185235,NA
46,random_46,random,landscape,1,NA,NA,core_cv,core_cv,2479.9193535274485,NA
47,sharp_47_rot311,sharp,landscape,1,NA,NA,core_cv,core_cv,120.59657507517237,NA
48,random_48,random,landscape,1,NA,NA,core_cv,core_cv,1492.9605404658353,NA
49,sharp_49_rot290,sharp,landscape,1,NA,NA,core_cv,core_cv,114.89831088737958,NA
50,sharp_50_rot26,sharp,landscape,1,NA,NA,core_cv,core_cv,59.105949481834706,NA
51,sharp_51_rot174,sharp,landscape,1,NA,NA,core_cv,core_cv,11.815177083601759,NA
52,sharp_52_rot258,sharp,landscape,1,NA,NA,core_cv,core_cv,21.014780614345092,NA
53,sharp_53_rot89,sharp,landscape,1,NA,NA,core_cv,core_cv,2.9462782549439486,NA
54,sharp_54_rot216,sharp,landscape,1,NA,NA,core_cv,core_cv,124.04261589515508,NA
55,random_55,random,landscape,1,NA,NA,core_cv,core_cv,2701.0857665692,NA
56,sharp_56_rot328,sharp,landscape,1,NA,NA,core_cv,core_cv,59.068278385925325,NA
57,sharp_57_rot74,sharp,landscape,1,NA,NA,core_cv,core_cv,70.53029373569899,NA
58,random_58,random,landscape,1,NA,NA,core_cv,core_cv,2653.759489915036,NA
59,sharp_59_rot291,sharp,landscape,1,NA,NA,core_cv,core_cv,25.223749549979306,NA
60,random_60,random,landscape,1,NA,NA,core_cv,core_cv,2153.266825423541,NA
61,random_61,random,landscape,1,NA,NA,core_cv,core_cv,2649.528259898354,NA
62,sharp_62_rot178,sharp,landscape,1,NA,NA,core_cv,core_cv,5.892556509887898,NA
63,random_63,random,landscape,1,NA,NA,core_cv,core_cv,1229.7300401051075,NA
64,sharp_64_rot282,sharp,landscape,1,NA,NA,core_cv,core_cv,102.42826545504113,NA
65,random_65,random,landscape,1,NA,NA,core_cv,core_cv,2709.4317243520923,NA
66,sharp_66_rot51,sharp,landscape,1,NA,NA,core_cv,core_cv,120.70887771295466,NA
67,random_67,random,landscape,1,NA,NA,core_cv,core_cv,1189.9727544852165,NA
68,sharp_68_rot332,sharp,landscape,1,NA,NA,core_cv,core_cv,53.54409767403235,NA
69,random_69,random,landscape,1,NA,NA,core_cv,core_cv,2626.0085213595103,NA
70,random_70,random,landscape,1,NA,NA,core_cv,core_cv,800.1967833994687,NA
71,random_71,random,landscape,1,NA,NA,core_cv,core_cv,969.5161391895069,NA
72,random_72,random,landscape,1,NA,NA,core_cv,core_cv,784.924207108994,NA
73,sharp_73_rot288,sharp,landscape,1,NA,NA,core_cv,core_cv,43.442572228510244,NA
74,sharp_74_rot285,sharp,landscape,1,NA,NA,core_cv,core_cv,70.13946090596154,NA
75,sharp_75_rot69,sharp,landscape,1,NA,NA,core_cv,core_cv,69.3577952464866,NA
76,random_76,random,landscape,1,NA,NA,core_cv,core_cv,1326.7580037060306,NA
77,random_77,random,landscape,1,NA,NA,core_cv,core_cv,1266.8793891020628,NA
78,random_78,random,landscape,1,NA,NA,core_cv,core_cv,2601.7695643768675,NA
79,random_79,random,landscape,1,NA,NA,core_cv,core_cv,1549.1045595004935,NA
80,sharp_80_rot260,sharp,landscape,1,NA,NA,core_cv,core_cv,104.713134305814,NA
81,sharp_81_rot193,sharp,landscape,1,NA,NA,core_cv,core_cv,90.7333446267432,NA
82,random_82,random,landscape,1,NA,NA,core_cv,core_cv,857.0553362819984,NA
83,random_83,random,landscape,1,NA,NA,core_cv,core_cv,2653.29983228432,NA
84,sharp_84_rot19,sharp,landscape,1,NA,NA,core_cv,core_cv,128.49718933754275,NA
85,random_85,random,landscape,1,NA,NA,core_cv,core_cv,720.7369363110809,NA
86,sharp_86_rot322,sharp,landscape,1,NA,NA,core_cv,core_cv,11.24395987090854,NA
87,random_87,random,landscape,1,NA,NA,core_cv,core_cv,1972.8838032394585,NA
88,sharp_88_rot76,sharp,landscape,1,NA,NA,core_cv,core_cv,51.61999758917101,NA
89,sharp_89_rot22,sharp,landscape,1,NA,NA,core_cv,core_cv,16.05421008306193,NA
90,sharp_90_rot226,sharp,landscape,1,NA,NA,core_cv,core_cv,120.2489831145375,NA
91,sharp_91_rot271,sharp,landscape,1,NA,NA,core_cv,core_cv,94.3109682220323,NA
92,random_92,random,landscape,1,NA,NA,core_cv,core_cv,1627.1591262224072,NA
93,sharp_93_rot226,sharp,landscape,1,NA,NA,core_cv,core_cv,49.147703613453295,NA
94,random_94,random,landscape,1,NA,NA,core_cv,core_cv,1382.562938476454,NA
95,sharp_95_rot353,sharp,landscape,1,NA,NA,core_cv,core_cv,41.51847214364891,NA
96,sharp_96_rot338,sharp,landscape,1,NA,NA,core_cv,core_cv,50.80826786587013,NA
97,sharp_97_rot301,sharp,landscape,1,NA,NA,core_cv,core_cv,105.87200307592587,NA
98,random_98,random,landscape,1,NA,NA,core_cv,core_cv,646.8328834171679,NA
99,sharp_99_rot291,sharp,landscape,1,NA,NA,core_cv,core_cv,119.0578819795781,NA
100,random_100,random,landscape,1,NA,NA,core_cv,core_cv,2463.789278250836,NA
1,random_1,random,landscape,1,NA,NA,core_mn,core_mn,4.704874835309618e-4,NA
2,sharp_2_rot108,sharp,landscape,1,NA,NA,core_mn,core_mn,0.4709,NA
3,random_3,random,landscape,1,NA,NA,core_mn,core_mn,4.914921465968586e-4,NA
4,sharp_4_rot87,sharp,landscape,1,NA,NA,core_mn,core_mn,0.4704,NA
5,sharp_5_rot329,sharp,landscape,1,NA,NA,core_mn,core_mn,0.47159999999999996,NA
6,random_6,random,landscape,1,NA,NA,core_mn,core_mn,5.371621621621622e-4,NA
7,sharp_7_rot144,sharp,landscape,1,NA,NA,core_mn,core_mn,0.47055,NA
8,sharp_8_rot184,sharp,landscape,1,NA,NA,core_mn,core_mn,0.4704,NA
9,sharp_9_rot64,sharp,landscape,1,NA,NA,core_mn,core_mn,0.4704,NA
10,random_10,random,landscape,1,NA,NA,core_mn,core_mn,4.4293193717277485e-4,NA
11,random_11,random,landscape,1,NA,NA,core_mn,core_mn,4.780392156862745e-4,NA
12,sharp_12_rot167,sharp,landscape,1,NA,NA,core_mn,core_mn,0.4704,NA
13,random_13,random,landscape,1,NA,NA,core_mn,core_mn,4.21090387374462e-4,NA
14,random_14,random,landscape,1,NA,NA,core_mn,core_mn,5.45045045045045e-4,NA
15,random_15,random,landscape,1,NA,NA,core_mn,core_mn,3.492890995260664e-4,NA
16,random_16,random,landscape,1,NA,NA,core_mn,core_mn,4.831395348837209e-4,NA
17,random_17,random,landscape,1,NA,NA,core_mn,core_mn,5.865384615384615e-4,NA
18,random_18,random,landscape,1,NA,NA,core_mn,core_mn,5.518181818181819e-4,NA
19,sharp_19_rot112,sharp,landscape,1,NA,NA,core_mn,core_mn,0.47040000000000004,NA
20,random_20,random,landscape,1,NA,NA,core_mn,core_mn,5.202263083451202e-4,NA
21,random_21,random,landscape,1,NA,NA,core_mn,core_mn,6.032476319350474e-4,NA
22,random_22,random,landscape,1,NA,NA,core_mn,core_mn,4.4490358126721765e-4,NA
23,sharp_23_rot279,sharp,landscape,1,NA,NA,core_mn,core_mn,0.4704,NA
24,random_24,random,landscape,1,NA,NA,core_mn,core_mn,4.0416666666666666e-4,NA
25,random_25,random,landscape,1,NA,NA,core_mn,core_mn,4.930446194225721e-4,NA
26,random_26,random,landscape,1,NA,NA,core_mn,core_mn,6.638850889192886e-4,NA
27,sharp_27_rot305,sharp,landscape,1,NA,NA,core_mn,core_mn,0.4739,NA
28,random_28,random,landscape,1,NA,NA,core_mn,core_mn,6.242424242424243e-4,NA
29,sharp_29_rot195,sharp,landscape,1,NA,NA,core_mn,core_mn,0.4709,NA
30,sharp_30_rot81,sharp,landscape,1,NA,NA,core_mn,core_mn,0.47040000000000004,NA
31,sharp_31_rot308,sharp,landscape,1,NA,NA,core_mn,core_mn,0.4752,NA
32,random_32,random,landscape,1,NA,NA,core_mn,core_mn,4.5323741007194244e-4,NA
33,sharp_33_rot300,sharp,landscape,1,NA,NA,core_mn,core_mn,0.471,NA
34,sharp_34_rot273,sharp,landscape,1,NA,NA,core_mn,core_mn,0.47040000000000004,NA
35,random_35,random,landscape,1,NA,NA,core_mn,core_mn,7.611678832116788e-4,NA
36,random_36,random,landscape,1,NA,NA,core_mn,core_mn,3.537360890302067e-4,NA
37,random_37,random,landscape,1,NA,NA,core_mn,core_mn,3.129411764705882e-4,NA
38,sharp_38_rot249,sharp,landscape,1,NA,NA,core_mn,core_mn,0.4704,NA
39,sharp_39_rot66,sharp,landscape,1,NA,NA,core_mn,core_mn,0.47119999999999995,NA
40,sharp_40_rot331,sharp,landscape,1,NA,NA,core_mn,core_mn,0.47040000000000004,NA
41,sharp_41_rot185,sharp,landscape,1,NA,NA,core_mn,core_mn,0.47040000000000004,NA
42,random_42,random,landscape,1,NA,NA,core_mn,core_mn,4.1165413533834585e-4,NA
43,random_43,random,landscape,1,NA,NA,core_mn,core_mn,4.300970873786408e-4,NA
44,random_44,random,landscape,1,NA,NA,core_mn,core_mn,5.053892215568862e-4,NA
45,sharp_45_rot260,sharp,landscape,1,NA,NA,core_mn,core_mn,0.4704,NA
46,random_46,random,landscape,1,NA,NA,core_mn,core_mn,9.414634146341463e-4,NA
47,sharp_47_rot311,sharp,landscape,1,NA,NA,core_mn,core_mn,0.47605,NA
48,random_48,random,landscape,1,NA,NA,core_mn,core_mn,3.675471698113208e-4,NA
49,sharp_49_rot290,sharp,landscape,1,NA,NA,core_mn,core_mn,0.47295,NA
50,sharp_50_rot26,sharp,landscape,1,NA,NA,core_mn,core_mn,0.47040000000000004,NA
51,sharp_51_rot174,sharp,landscape,1,NA,NA,core_mn,core_mn,0.47040000000000004,NA
52,sharp_52_rot258,sharp,landscape,1,NA,NA,core_mn,core_mn,0.47040000000000004,NA
53,sharp_53_rot89,sharp,landscape,1,NA,NA,core_mn,core_mn,0.47040000000000004,NA
54,sharp_54_rot216,sharp,landscape,1,NA,NA,core_mn,core_mn,0.47605,NA
55,random_55,random,landscape,1,NA,NA,core_mn,core_mn,4.1448087431693987e-4,NA
56,sharp_56_rot328,sharp,landscape,1,NA,NA,core_mn,core_mn,0.4707,NA
57,sharp_57_rot74,sharp,landscape,1,NA,NA,core_mn,core_mn,0.4704,NA
58,random_58,random,landscape,1,NA,NA,core_mn,core_mn,4.355021216407355e-4,NA
59,sharp_59_rot291,sharp,landscape,1,NA,NA,core_mn,core_mn,0.47040000000000004,NA
60,random_60,random,landscape,1,NA,NA,core_mn,core_mn,3.4644351464435143e-4,NA
61,random_61,random,landscape,1,NA,NA,core_mn,core_mn,7.185185185185185e-4,NA
62,sharp_62_rot178,sharp,landscape,1,NA,NA,core_mn,core_mn,0.4704,NA
63,random_63,random,landscape,1,NA,NA,core_mn,core_mn,4.404255319148936e-4,NA
64,sharp_64_rot282,sharp,landscape,1,NA,NA,core_mn,core_mn,0.47040000000000004,NA
65,random_65,random,landscape,1,NA,NA,core_mn,core_mn,4.4585034013605444e-4,NA
66,sharp_66_rot51,sharp,landscape,1,NA,NA,core_mn,core_mn,0.4759,NA
67,random_67,random,landscape,1,NA,NA,core_mn,core_mn,3.934343434343434e-4,NA
68,sharp_68_rot332,sharp,landscape,1,NA,NA,core_mn,core_mn,0.4704,NA
69,random_69,random,landscape,1,NA,NA,core_mn,core_mn,4.154624277456647e-4,NA
70,random_70,random,landscape,1,NA,NA,core_mn,core_mn,5.504201680672269e-4,NA
71,random_71,random,landscape,1,NA,NA,core_mn,core_mn,4.541095890410959e-4,NA
72,random_72,random,landscape,1,NA,NA,core_mn,core_mn,6.285714285714285e-4,NA
73,sharp_73_rot288,sharp,landscape,1,NA,NA,core_mn,core_mn,0.47040000000000004,NA
74,sharp_74_rot285,sharp,landscape,1,NA,NA,core_mn,core_mn,0.4704,NA
75,sharp_75_rot69,sharp,landscape,1,NA,NA,core_mn,core_mn,0.4704,NA
76,random_76,random,landscape,1,NA,NA,core_mn,core_mn,4.630541871921182e-4,NA
77,random_77,random,landscape,1,NA,NA,core_mn,core_mn,3.8815165876777253e-4,NA
78,random_78,random,landscape,1,NA,NA,core_mn,core_mn,3.897058823529412e-4,NA
79,random_79,random,landscape,1,NA,NA,core_mn,core_mn,3.4346289752650174e-4,NA
80,sharp_80_rot260,sharp,landscape,1,NA,NA,core_mn,core_mn,0.4704,NA
81,sharp_81_rot193,sharp,landscape,1,NA,NA,core_mn,core_mn,0.4704,NA
82,random_82,random,landscape,1,NA,NA,core_mn,core_mn,6.696428571428571e-4,NA
83,random_83,random,landscape,1,NA,NA,core_mn,core_mn,7.056818181818182e-4,NA
84,sharp_84_rot19,sharp,landscape,1,NA,NA,core_mn,core_mn,0.4749,NA
85,random_85,random,landscape,1,NA,NA,core_mn,core_mn,5.524271844660194e-4,NA
86,sharp_86_rot322,sharp,landscape,1,NA,NA,core_mn,core_mn,0.47040000000000004,NA
87,random_87,random,landscape,1,NA,NA,core_mn,core_mn,3.2657004830917875e-4,NA
88,sharp_88_rot76,sharp,landscape,1,NA,NA,core_mn,core_mn,0.47040000000000004,NA
89,sharp_89_rot22,sharp,landscape,1,NA,NA,core_mn,core_mn,0.47040000000000004,NA
90,sharp_90_rot226,sharp,landscape,1,NA,NA,core_mn,core_mn,0.47625,NA
91,sharp_91_rot271,sharp,landscape,1,NA,NA,core_mn,core_mn,0.47040000000000004,NA
92,random_92,random,landscape,1,NA,NA,core_mn,core_mn,3.489655172413793e-4,NA
93,sharp_93_rot226,sharp,landscape,1,NA,NA,core_mn,core_mn,0.47204999999999997,NA
94,random_94,random,landscape,1,NA,NA,core_mn,core_mn,4.099137931034483e-4,NA
95,sharp_95_rot353,sharp,landscape,1,NA,NA,core_mn,core_mn,0.47040000000000004,NA
96,sharp_96_rot338,sharp,landscape,1,NA,NA,core_mn,core_mn,0.4704,NA
97,sharp_97_rot301,sharp,landscape,1,NA,NA,core_mn,core_mn,0.4738,NA
98,random_98,random,landscape,1,NA,NA,core_mn,core_mn,6.89655172413793e-4,NA
99,sharp_99_rot291,sharp,landscape,1,NA,NA,core_mn,core_mn,0.47364999999999996,NA
100,random_100,random,landscape,1,NA,NA,core_mn,core_mn,3.616013071895425e-4,NA
1,random_1,random,landscape,1,NA,NA,core_sd,core_sd,0.012951006670239977,NA
2,sharp_2_rot108,sharp,landscape,1,NA,NA,core_sd,core_sd,0.48026692578190305,NA
3,random_3,random,landscape,1,NA,NA,core_sd,core_sd,0.013577868947756663,NA
4,sharp_4_rot87,sharp,landscape,1,NA,NA,core_sd,core_sd,0.2776101222938385,NA
5,sharp_5_rot329,sharp,landscape,1,NA,NA,core_sd,core_sd,0.36571562722968237,NA
6,random_6,random,landscape,1,NA,NA,core_sd,core_sd,0.005593281689237294,NA
7,sharp_7_rot144,sharp,landscape,1,NA,NA,core_sd,core_sd,0.20527309857845474,NA
8,sharp_8_rot184,sharp,landscape,1,NA,NA,core_sd,core_sd,0.13901719318127526,NA
9,sharp_9_rot64,sharp,landscape,1,NA,NA,core_sd,core_sd,0.13930003589374984,NA
10,random_10,random,landscape,1,NA,NA,core_sd,core_sd,0.005446518906660127,NA
11,random_11,random,landscape,1,NA,NA,core_sd,core_sd,0.013218291658538476,NA
12,sharp_12_rot167,sharp,landscape,1,NA,NA,core_sd,core_sd,0.36981684656056435,NA
13,random_13,random,landscape,1,NA,NA,core_sd,core_sd,0.011090557232568946,NA
14,random_14,random,landscape,1,NA,NA,core_sd,core_sd,0.004006103042716399,NA
15,random_15,random,landscape,1,NA,NA,core_sd,core_sd,0.008760079382704773,NA
16,random_16,random,landscape,1,NA,NA,core_sd,core_sd,0.005644891653662251,NA
17,random_17,random,landscape,1,NA,NA,core_sd,core_sd,0.004205891791938618,NA
18,random_18,random,landscape,1,NA,NA,core_sd,core_sd,0.015308725104011834,NA
19,sharp_19_rot112,sharp,landscape,1,NA,NA,core_sd,core_sd,0.03040559159102153,NA
20,random_20,random,landscape,1,NA,NA,core_sd,core_sd,0.013825011245060493,NA
21,random_21,random,landscape,1,NA,NA,core_sd,core_sd,0.016399018090015146,NA
22,random_22,random,landscape,1,NA,NA,core_sd,core_sd,0.011969076024791653,NA
23,sharp_23_rot279,sharp,landscape,1,NA,NA,core_sd,core_sd,0.3931513703397204,NA
24,random_24,random,landscape,1,NA,NA,core_sd,core_sd,0.005279828331423506,NA
25,random_25,random,landscape,1,NA,NA,core_sd,core_sd,0.013610174999501672,NA
26,random_26,random,landscape,1,NA,NA,core_sd,core_sd,0.017949468896113076,NA
27,sharp_27_rot305,sharp,landscape,1,NA,NA,core_sd,core_sd,0.48139829663180156,NA
28,random_28,random,landscape,1,NA,NA,core_sd,core_sd,0.004496417869250645,NA
29,sharp_29_rot195,sharp,landscape,1,NA,NA,core_sd,core_sd,0.5156222648412304,NA
30,sharp_30_rot81,sharp,landscape,1,NA,NA,core_sd,core_sd,0.05614427842621185,NA
31,sharp_31_rot308,sharp,landscape,1,NA,NA,core_sd,core_sd,0.5410781089639461,NA
32,random_32,random,landscape,1,NA,NA,core_sd,core_sd,0.004130784081065899,NA
33,sharp_33_rot300,sharp,landscape,1,NA,NA,core_sd,core_sd,0.3333301366513385,NA
34,sharp_34_rot273,sharp,landscape,1,NA,NA,core_sd,core_sd,0.16673577900378794,NA
35,random_35,random,landscape,1,NA,NA,core_sd,core_sd,0.019921669967815685,NA
36,random_36,random,landscape,1,NA,NA,core_sd,core_sd,0.008827736013345829,NA
37,random_37,random,landscape,1,NA,NA,core_sd,core_sd,0.006261999579586315,NA
38,sharp_38_rot249,sharp,landscape,1,NA,NA,core_sd,core_sd,0.20746512960013305,NA
39,sharp_39_rot66,sharp,landscape,1,NA,NA,core_sd,core_sd,0.42313269786203006,NA
40,sharp_40_rot331,sharp,landscape,1,NA,NA,core_sd,core_sd,0.09418662325404815,NA
41,sharp_41_rot185,sharp,landscape,1,NA,NA,core_sd,core_sd,0.40333370798880674,NA
42,random_42,random,landscape,1,NA,NA,core_sd,core_sd,0.006321229242821651,NA
43,random_43,random,landscape,1,NA,NA,core_sd,core_sd,0.0055987600535180575,NA
44,random_44,random,landscape,1,NA,NA,core_sd,core_sd,0.005578846206716616,NA
45,sharp_45_rot260,sharp,landscape,1,NA,NA,core_sd,core_sd,0.4502855982595934,NA
46,random_46,random,landscape,1,NA,NA,core_sd,core_sd,0.023347533425892564,NA
47,sharp_47_rot311,sharp,landscape,1,NA,NA,core_sd,core_sd,0.574099995645358,NA
48,random_48,random,landscape,1,NA,NA,core_sd,core_sd,0.005487334212881977,NA
49,sharp_49_rot290,sharp,landscape,1,NA,NA,core_sd,core_sd,0.5434115613418617,NA
50,sharp_50_rot26,sharp,landscape,1,NA,NA,core_sd,core_sd,0.2780343863625505,NA
51,sharp_51_rot174,sharp,landscape,1,NA,NA,core_sd,core_sd,0.05557859300126268,NA
52,sharp_52_rot258,sharp,landscape,1,NA,NA,core_sd,core_sd,0.09885352800987933,NA
53,sharp_53_rot89,sharp,landscape,1,NA,NA,core_sd,core_sd,0.013859292911256337,NA
54,sharp_54_rot216,sharp,landscape,1,NA,NA,core_sd,core_sd,0.5905048729688858,NA
55,random_55,random,landscape,1,NA,NA,core_sd,core_sd,0.011195483901326438,NA
56,sharp_56_rot328,sharp,landscape,1,NA,NA,core_sd,core_sd,0.2780343863625505,NA
57,sharp_57_rot74,sharp,landscape,1,NA,NA,core_sd,core_sd,0.33177450173272804,NA
58,random_58,random,landscape,1,NA,NA,core_sd,core_sd,0.01155717888182234,NA
59,sharp_59_rot291,sharp,landscape,1,NA,NA,core_sd,core_sd,0.11865251788310267,NA
60,random_60,random,landscape,1,NA,NA,core_sd,core_sd,0.007459853269668165,NA
61,random_61,random,landscape,1,NA,NA,core_sd,core_sd,0.019037351200751135,NA
62,sharp_62_rot178,sharp,landscape,1,NA,NA,core_sd,core_sd,0.027718585822512673,NA
63,random_63,random,landscape,1,NA,NA,core_sd,core_sd,0.005416045070250154,NA
64,sharp_64_rot282,sharp,landscape,1,NA,NA,core_sd,core_sd,0.48182256070051355,NA
65,random_65,random,landscape,1,NA,NA,core_sd,core_sd,0.012080010558777969,NA
66,sharp_66_rot51,sharp,landscape,1,NA,NA,core_sd,core_sd,0.5744535490359512,NA
67,random_67,random,landscape,1,NA,NA,core_sd,core_sd,0.004681761493656483,NA
68,sharp_68_rot332,sharp,landscape,1,NA,NA,core_sd,core_sd,0.2518714354586482,NA
69,random_69,random,landscape,1,NA,NA,core_sd,core_sd,0.010910078755648252,NA
70,random_70,random,landscape,1,NA,NA,core_sd,core_sd,0.0044044444800559,NA
71,random_71,random,landscape,1,NA,NA,core_sd,core_sd,0.004402665755360569,NA
72,random_72,random,landscape,1,NA,NA,core_sd,core_sd,0.004933809301827962,NA
73,sharp_73_rot288,sharp,landscape,1,NA,NA,core_sd,core_sd,0.2043538597629122,NA
74,sharp_74_rot285,sharp,landscape,1,NA,NA,core_sd,core_sd,0.3299360241016431,NA
75,sharp_75_rot69,sharp,landscape,1,NA,NA,core_sd,core_sd,0.326259068839473,NA
76,random_76,random,landscape,1,NA,NA,core_sd,core_sd,0.006143608490067334,NA
77,random_77,random,landscape,1,NA,NA,core_sd,core_sd,0.00491741336338668,NA
78,random_78,random,landscape,1,NA,NA,core_sd,core_sd,0.010139249037645147,NA
79,random_79,random,landscape,1,NA,NA,core_sd,core_sd,0.005320599405775546,NA
80,sharp_80_rot260,sharp,landscape,1,NA,NA,core_sd,core_sd,0.492570583774549,NA
81,sharp_81_rot193,sharp,landscape,1,NA,NA,core_sd,core_sd,0.42680965312420005,NA
82,random_82,random,landscape,1,NA,NA,core_sd,core_sd,0.005739209841174097,NA
83,random_83,random,landscape,1,NA,NA,core_sd,core_sd,0.01872385449827912,NA
84,sharp_84_rot19,sharp,landscape,1,NA,NA,core_sd,core_sd,0.6102331521639905,NA
85,random_85,random,landscape,1,NA,NA,core_sd,core_sd,0.003981546764669951,NA
86,sharp_86_rot322,sharp,landscape,1,NA,NA,core_sd,core_sd,0.05289158723275378,NA
87,random_87,random,landscape,1,NA,NA,core_sd,core_sd,0.006442847589323062,NA
88,sharp_88_rot76,sharp,landscape,1,NA,NA,core_sd,core_sd,0.24282046865946041,NA
89,sharp_89_rot22,sharp,landscape,1,NA,NA,core_sd,core_sd,0.07551900423072332,NA
90,sharp_90_rot226,sharp,landscape,1,NA,NA,core_sd,core_sd,0.5726857820829848,NA
91,sharp_91_rot271,sharp,landscape,1,NA,NA,core_sd,core_sd,0.44363879451643995,NA
92,random_92,random,landscape,1,NA,NA,core_sd,core_sd,0.005678224261162331,NA
93,sharp_93_rot226,sharp,landscape,1,NA,NA,core_sd,core_sd,0.23200173490730625,NA
94,random_94,random,landscape,1,NA,NA,core_sd,core_sd,0.005667316183151327,NA
95,sharp_95_rot353,sharp,landscape,1,NA,NA,core_sd,core_sd,0.19530289296372447,NA
96,sharp_96_rot338,sharp,landscape,1,NA,NA,core_sd,core_sd,0.23900209204105305,NA
97,sharp_97_rot301,sharp,landscape,1,NA,NA,core_sd,core_sd,0.5016215505737368,NA
98,random_98,random,landscape,1,NA,NA,core_sd,core_sd,0.004460916437359778,NA
99,sharp_99_rot291,sharp,landscape,1,NA,NA,core_sd,core_sd,0.5639176579962716,NA
100,random_100,random,landscape,1,NA,NA,core_sd,core_sd,0.008909094236550816,NA
1,random_1,random,landscape,1,NA,NA,dcad,dcad,15500,NA
2,sharp_2_rot108,sharp,landscape,1,NA,NA,dcad,dcad,200,NA
3,random_3,random,landscape,1,NA,NA,dcad,dcad,15000,NA
4,sharp_4_rot87,sharp,landscape,1,NA,NA,dcad,dcad,200,NA
5,sharp_5_rot329,sharp,landscape,1,NA,NA,dcad,dcad,200,NA
6,random_6,random,landscape,1,NA,NA,dcad,dcad,36700,NA
7,sharp_7_rot144,sharp,landscape,1,NA,NA,dcad,dcad,200,NA
8,sharp_8_rot184,sharp,landscape,1,NA,NA,dcad,dcad,200,NA
9,sharp_9_rot64,sharp,landscape,1,NA,NA,dcad,dcad,200,NA
10,random_10,random,landscape,1,NA,NA,dcad,dcad,38900,NA
11,random_11,random,landscape,1,NA,NA,dcad,dcad,14200,NA
12,sharp_12_rot167,sharp,landscape,1,NA,NA,dcad,dcad,200,NA
13,random_13,random,landscape,1,NA,NA,dcad,dcad,24000,NA
14,random_14,random,landscape,1,NA,NA,dcad,dcad,36300,NA
15,random_15,random,landscape,1,NA,NA,dcad,dcad,32600,NA
16,random_16,random,landscape,1,NA,NA,dcad,dcad,40300,NA
17,random_17,random,landscape,1,NA,NA,dcad,dcad,36500,NA
18,random_18,random,landscape,1,NA,NA,dcad,dcad,10000,NA
19,sharp_19_rot112,sharp,landscape,1,NA,NA,dcad,dcad,200,NA
20,random_20,random,landscape,1,NA,NA,dcad,dcad,14300,NA
21,random_21,random,landscape,1,NA,NA,dcad,dcad,7400,NA
22,random_22,random,landscape,1,NA,NA,dcad,dcad,19700,NA
23,sharp_23_rot279,sharp,landscape,1,NA,NA,dcad,dcad,200,NA
24,random_24,random,landscape,1,NA,NA,dcad,dcad,41300,NA
25,random_25,random,landscape,1,NA,NA,dcad,dcad,12500,NA
26,random_26,random,landscape,1,NA,NA,dcad,dcad,4900,NA
27,sharp_27_rot305,sharp,landscape,1,NA,NA,dcad,dcad,200,NA
28,random_28,random,landscape,1,NA,NA,dcad,dcad,38500,NA
29,sharp_29_rot195,sharp,landscape,1,NA,NA,dcad,dcad,200,NA
30,sharp_30_rot81,sharp,landscape,1,NA,NA,dcad,dcad,200,NA
31,sharp_31_rot308,sharp,landscape,1,NA,NA,dcad,dcad,200,NA
32,random_32,random,landscape,1,NA,NA,dcad,dcad,37800,NA
33,sharp_33_rot300,sharp,landscape,1,NA,NA,dcad,dcad,200,NA
34,sharp_34_rot273,sharp,landscape,1,NA,NA,dcad,dcad,200,NA
35,random_35,random,landscape,1,NA,NA,dcad,dcad,3900,NA
36,random_36,random,landscape,1,NA,NA,dcad,dcad,32500,NA
37,random_37,random,landscape,1,NA,NA,dcad,dcad,40900,NA
38,sharp_38_rot249,sharp,landscape,1,NA,NA,dcad,dcad,200,NA
39,sharp_39_rot66,sharp,landscape,1,NA,NA,dcad,dcad,200,NA
40,sharp_40_rot331,sharp,landscape,1,NA,NA,dcad,dcad,200,NA
41,sharp_41_rot185,sharp,landscape,1,NA,NA,dcad,dcad,200,NA
42,random_42,random,landscape,1,NA,NA,dcad,dcad,40300,NA
43,random_43,random,landscape,1,NA,NA,dcad,dcad,39500,NA
44,random_44,random,landscape,1,NA,NA,dcad,dcad,40000,NA
45,sharp_45_rot260,sharp,landscape,1,NA,NA,dcad,dcad,200,NA
46,random_46,random,landscape,1,NA,NA,dcad,dcad,1400,NA
47,sharp_47_rot311,sharp,landscape,1,NA,NA,dcad,dcad,200,NA
48,random_48,random,landscape,1,NA,NA,dcad,dcad,36600,NA
49,sharp_49_rot290,sharp,landscape,1,NA,NA,dcad,dcad,200,NA
50,sharp_50_rot26,sharp,landscape,1,NA,NA,dcad,dcad,200,NA
51,sharp_51_rot174,sharp,landscape,1,NA,NA,dcad,dcad,200,NA
52,sharp_52_rot258,sharp,landscape,1,NA,NA,dcad,dcad,200,NA
53,sharp_53_rot89,sharp,landscape,1,NA,NA,dcad,dcad,200,NA
54,sharp_54_rot216,sharp,landscape,1,NA,NA,dcad,dcad,200,NA
55,random_55,random,landscape,1,NA,NA,dcad,dcad,24900,NA
56,sharp_56_rot328,sharp,landscape,1,NA,NA,dcad,dcad,200,NA
57,sharp_57_rot74,sharp,landscape,1,NA,NA,dcad,dcad,200,NA
58,random_58,random,landscape,1,NA,NA,dcad,dcad,22500,NA
59,sharp_59_rot291,sharp,landscape,1,NA,NA,dcad,dcad,200,NA
60,random_60,random,landscape,1,NA,NA,dcad,dcad,37500,NA
61,random_61,random,landscape,1,NA,NA,dcad,dcad,4000,NA
62,sharp_62_rot178,sharp,landscape,1,NA,NA,dcad,dcad,200,NA
63,random_63,random,landscape,1,NA,NA,dcad,dcad,40200,NA
64,sharp_64_rot282,sharp,landscape,1,NA,NA,dcad,dcad,200,NA
65,random_65,random,landscape,1,NA,NA,dcad,dcad,19600,NA
66,sharp_66_rot51,sharp,landscape,1,NA,NA,dcad,dcad,200,NA
67,random_67,random,landscape,1,NA,NA,dcad,dcad,38700,NA
68,sharp_68_rot332,sharp,landscape,1,NA,NA,dcad,dcad,200,NA
69,random_69,random,landscape,1,NA,NA,dcad,dcad,26600,NA
70,random_70,random,landscape,1,NA,NA,dcad,dcad,39500,NA
71,random_71,random,landscape,1,NA,NA,dcad,dcad,35500,NA
72,random_72,random,landscape,1,NA,NA,dcad,dcad,37100,NA
73,sharp_73_rot288,sharp,landscape,1,NA,NA,dcad,dcad,200,NA
74,sharp_74_rot285,sharp,landscape,1,NA,NA,dcad,dcad,200,NA
75,sharp_75_rot69,sharp,landscape,1,NA,NA,dcad,dcad,200,NA
76,random_76,random,landscape,1,NA,NA,dcad,dcad,37300,NA
77,random_77,random,landscape,1,NA,NA,dcad,dcad,39200,NA
78,random_78,random,landscape,1,NA,NA,dcad,dcad,27800,NA
79,random_79,random,landscape,1,NA,NA,dcad,dcad,39000,NA
80,sharp_80_rot260,sharp,landscape,1,NA,NA,dcad,dcad,200,NA
81,sharp_81_rot193,sharp,landscape,1,NA,NA,dcad,dcad,200,NA
82,random_82,random,landscape,1,NA,NA,dcad,dcad,36400,NA
83,random_83,random,landscape,1,NA,NA,dcad,dcad,3400,NA
84,sharp_84_rot19,sharp,landscape,1,NA,NA,dcad,dcad,200,NA
85,random_85,random,landscape,1,NA,NA,dcad,dcad,35000,NA
86,sharp_86_rot322,sharp,landscape,1,NA,NA,dcad,dcad,200,NA
87,random_87,random,landscape,1,NA,NA,dcad,dcad,39900,NA
88,sharp_88_rot76,sharp,landscape,1,NA,NA,dcad,dcad,200,NA
89,sharp_89_rot22,sharp,landscape,1,NA,NA,dcad,dcad,200,NA
90,sharp_90_rot226,sharp,landscape,1,NA,NA,dcad,dcad,200,NA
91,sharp_91_rot271,sharp,landscape,1,NA,NA,dcad,dcad,200,NA
92,random_92,random,landscape,1,NA,NA,dcad,dcad,39500,NA
93,sharp_93_rot226,sharp,landscape,1,NA,NA,dcad,dcad,200,NA
94,random_94,random,landscape,1,NA,NA,dcad,dcad,39300,NA
95,sharp_95_rot353,sharp,landscape,1,NA,NA,dcad,dcad,200,NA
96,sharp_96_rot338,sharp,landscape,1,NA,NA,dcad,dcad,200,NA
97,sharp_97_rot301,sharp,landscape,1,NA,NA,dcad,dcad,200,NA
98,random_98,random,landscape,1,NA,NA,dcad,dcad,39500,NA
99,sharp_99_rot291,sharp,landscape,1,NA,NA,dcad,dcad,200,NA
100,random_100,random,landscape,1,NA,NA,dcad,dcad,32300,NA
1,random_1,random,landscape,1,NA,NA,dcore_cv,dcore_cv,2701.7775617741413,NA
2,sharp_2_rot108,sharp,landscape,1,NA,NA,dcore_cv,dcore_cv,0,NA
3,random_3,random,landscape,1,NA,NA,dcore_cv,dcore_cv,2727.2769668659207,NA
4,sharp_4_rot87,sharp,landscape,1,NA,NA,dcore_cv,dcore_cv,0,NA
5,sharp_5_rot329,sharp,landscape,1,NA,NA,dcore_cv,dcore_cv,0,NA
6,random_6,random,landscape,1,NA,NA,dcore_cv,dcore_cv,913.7852083184289,NA
7,sharp_7_rot144,sharp,landscape,1,NA,NA,dcore_cv,dcore_cv,0,NA
8,sharp_8_rot184,sharp,landscape,1,NA,NA,dcore_cv,dcore_cv,0,NA
9,sharp_9_rot64,sharp,landscape,1,NA,NA,dcore_cv,dcore_cv,0,NA
10,random_10,random,landscape,1,NA,NA,dcore_cv,dcore_cv,1125.3932679208108,NA
11,random_11,random,landscape,1,NA,NA,dcore_cv,dcore_cv,2746.4290019749888,NA
12,sharp_12_rot167,sharp,landscape,1,NA,NA,dcore_cv,dcore_cv,0,NA
13,random_13,random,landscape,1,NA,NA,dcore_cv,dcore_cv,2563.12672731774,NA
14,random_14,random,landscape,1,NA,NA,dcore_cv,dcore_cv,734.3468364586658,NA
15,random_15,random,landscape,1,NA,NA,dcore_cv,dcore_cv,2469.6659803607167,NA
16,random_16,random,landscape,1,NA,NA,dcore_cv,dcore_cv,1060.7181325239044,NA
17,random_17,random,landscape,1,NA,NA,dcore_cv,dcore_cv,710.7723387137736,NA
18,random_18,random,landscape,1,NA,NA,dcore_cv,dcore_cv,2747.2425707466673,NA
19,sharp_19_rot112,sharp,landscape,1,NA,NA,dcore_cv,dcore_cv,0,NA
20,random_20,random,landscape,1,NA,NA,dcore_cv,dcore_cv,2621.838098187208,NA
21,random_21,random,landscape,1,NA,NA,dcore_cv,dcore_cv,2718.4554438136374,NA
22,random_22,random,landscape,1,NA,NA,dcore_cv,dcore_cv,2639.7949871572782,NA
23,sharp_23_rot279,sharp,landscape,1,NA,NA,dcore_cv,dcore_cv,0,NA
24,random_24,random,landscape,1,NA,NA,dcore_cv,dcore_cv,1206.8036786227185,NA
25,random_25,random,landscape,1,NA,NA,dcore_cv,dcore_cv,2760.434748368452,NA
26,random_26,random,landscape,1,NA,NA,dcore_cv,dcore_cv,2703.701166919155,NA
27,sharp_27_rot305,sharp,landscape,1,NA,NA,dcore_cv,dcore_cv,0,NA
28,random_28,random,landscape,1,NA,NA,dcore_cv,dcore_cv,705.8214528939061,NA
29,sharp_29_rot195,sharp,landscape,1,NA,NA,dcore_cv,dcore_cv,0,NA
30,sharp_30_rot81,sharp,landscape,1,NA,NA,dcore_cv,dcore_cv,0,NA
31,sharp_31_rot308,sharp,landscape,1,NA,NA,dcore_cv,dcore_cv,0,NA
32,random_32,random,landscape,1,NA,NA,dcore_cv,dcore_cv,865.0575804162925,NA
33,sharp_33_rot300,sharp,landscape,1,NA,NA,dcore_cv,dcore_cv,0,NA
34,sharp_34_rot273,sharp,landscape,1,NA,NA,dcore_cv,dcore_cv,0,NA
35,random_35,random,landscape,1,NA,NA,dcore_cv,dcore_cv,2617.2504656604806,NA
36,random_36,random,landscape,1,NA,NA,dcore_cv,dcore_cv,2423.0993664375164,NA
37,random_37,random,landscape,1,NA,NA,dcore_cv,dcore_cv,1915.2805006232388,NA
38,sharp_38_rot249,sharp,landscape,1,NA,NA,dcore_cv,dcore_cv,0,NA
39,sharp_39_rot66,sharp,landscape,1,NA,NA,dcore_cv,dcore_cv,0,NA
40,sharp_40_rot331,sharp,landscape,1,NA,NA,dcore_cv,dcore_cv,0,NA
41,sharp_41_rot185,sharp,landscape,1,NA,NA,dcore_cv,dcore_cv,0,NA
42,random_42,random,landscape,1,NA,NA,dcore_cv,dcore_cv,1432.953706854019,NA
43,random_43,random,landscape,1,NA,NA,dcore_cv,dcore_cv,1204.0233679083956,NA
44,random_44,random,landscape,1,NA,NA,dcore_cv,dcore_cv,997.0304727310078,NA
45,sharp_45_rot260,sharp,landscape,1,NA,NA,dcore_cv,dcore_cv,0,NA
46,random_46,random,landscape,1,NA,NA,dcore_cv,dcore_cv,2479.9193535274485,NA
47,sharp_47_rot311,sharp,landscape,1,NA,NA,dcore_cv,dcore_cv,0,NA
48,random_48,random,landscape,1,NA,NA,dcore_cv,dcore_cv,1351.8360075927892,NA
49,sharp_49_rot290,sharp,landscape,1,NA,NA,dcore_cv,dcore_cv,0,NA
50,sharp_50_rot26,sharp,landscape,1,NA,NA,dcore_cv,dcore_cv,0,NA
51,sharp_51_rot174,sharp,landscape,1,NA,NA,dcore_cv,dcore_cv,0,NA
52,sharp_52_rot258,sharp,landscape,1,NA,NA,dcore_cv,dcore_cv,0,NA
53,sharp_53_rot89,sharp,landscape,1,NA,NA,dcore_cv,dcore_cv,0,NA
54,sharp_54_rot216,sharp,landscape,1,NA,NA,dcore_cv,dcore_cv,0,NA
55,random_55,random,landscape,1,NA,NA,dcore_cv,dcore_cv,2651.257939954971,NA
56,sharp_56_rot328,sharp,landscape,1,NA,NA,dcore_cv,dcore_cv,0,NA
57,sharp_57_rot74,sharp,landscape,1,NA,NA,dcore_cv,dcore_cv,0,NA
58,random_58,random,landscape,1,NA,NA,dcore_cv,dcore_cv,2599.909280678432,NA
59,sharp_59_rot291,sharp,landscape,1,NA,NA,dcore_cv,dcore_cv,0,NA
60,random_60,random,landscape,1,NA,NA,dcore_cv,dcore_cv,2069.71284243204,NA
61,random_61,random,landscape,1,NA,NA,dcore_cv,dcore_cv,2649.528259898354,NA
62,sharp_62_rot178,sharp,landscape,1,NA,NA,dcore_cv,dcore_cv,0,NA
63,random_63,random,landscape,1,NA,NA,dcore_cv,dcore_cv,1131.8018720263415,NA
64,sharp_64_rot282,sharp,landscape,1,NA,NA,dcore_cv,dcore_cv,0,NA
65,random_65,random,landscape,1,NA,NA,dcore_cv,dcore_cv,2683.4576880375325,NA
66,sharp_66_rot51,sharp,landscape,1,NA,NA,dcore_cv,dcore_cv,0,NA
67,random_67,random,landscape,1,NA,NA,dcore_cv,dcore_cv,1092.6512853631043,NA
68,sharp_68_rot332,sharp,landscape,1,NA,NA,dcore_cv,dcore_cv,0,NA
69,random_69,random,landscape,1,NA,NA,dcore_cv,dcore_cv,2581.1647396115577,NA
70,random_70,random,landscape,1,NA,NA,dcore_cv,dcore_cv,781.471737091832,NA
71,random_71,random,landscape,1,NA,NA,dcore_cv,dcore_cv,876.6041098502936,NA
72,random_72,random,landscape,1,NA,NA,dcore_cv,dcore_cv,749.047612927472,NA
73,sharp_73_rot288,sharp,landscape,1,NA,NA,dcore_cv,dcore_cv,0,NA
74,sharp_74_rot285,sharp,landscape,1,NA,NA,dcore_cv,dcore_cv,0,NA
75,sharp_75_rot69,sharp,landscape,1,NA,NA,dcore_cv,dcore_cv,0,NA
76,random_76,random,landscape,1,NA,NA,dcore_cv,dcore_cv,1229.437298706737,NA
77,random_77,random,landscape,1,NA,NA,dcore_cv,dcore_cv,1157.8260327984763,NA
78,random_78,random,landscape,1,NA,NA,dcore_cv,dcore_cv,2560.7965448050954,NA
79,random_79,random,landscape,1,NA,NA,dcore_cv,dcore_cv,1450.3202850643684,NA
80,sharp_80_rot260,sharp,landscape,1,NA,NA,dcore_cv,dcore_cv,0,NA
81,sharp_81_rot193,sharp,landscape,1,NA,NA,dcore_cv,dcore_cv,0,NA
82,random_82,random,landscape,1,NA,NA,dcore_cv,dcore_cv,803.0168607708263,NA
83,random_83,random,landscape,1,NA,NA,dcore_cv,dcore_cv,2653.29983228432,NA
84,sharp_84_rot19,sharp,landscape,1,NA,NA,dcore_cv,dcore_cv,0,NA
85,random_85,random,landscape,1,NA,NA,dcore_cv,dcore_cv,715.6762520854802,NA
86,sharp_86_rot322,sharp,landscape,1,NA,NA,dcore_cv,dcore_cv,0,NA
87,random_87,random,landscape,1,NA,NA,dcore_cv,dcore_cv,1845.8975158457433,NA
88,sharp_88_rot76,sharp,landscape,1,NA,NA,dcore_cv,dcore_cv,0,NA
89,sharp_89_rot22,sharp,landscape,1,NA,NA,dcore_cv,dcore_cv,0,NA
90,sharp_90_rot226,sharp,landscape,1,NA,NA,dcore_cv,dcore_cv,0,NA
91,sharp_91_rot271,sharp,landscape,1,NA,NA,dcore_cv,dcore_cv,0,NA
92,random_92,random,landscape,1,NA,NA,dcore_cv,dcore_cv,1543.7063814347548,NA
93,sharp_93_rot226,sharp,landscape,1,NA,NA,dcore_cv,dcore_cv,0,NA
94,random_94,random,landscape,1,NA,NA,dcore_cv,dcore_cv,1231.6016732542573,NA
95,sharp_95_rot353,sharp,landscape,1,NA,NA,dcore_cv,dcore_cv,0,NA
96,sharp_96_rot338,sharp,landscape,1,NA,NA,dcore_cv,dcore_cv,0,NA
97,sharp_97_rot301,sharp,landscape,1,NA,NA,dcore_cv,dcore_cv,0,NA
98,random_98,random,landscape,1,NA,NA,dcore_cv,dcore_cv,647.2508852424543,NA
99,sharp_99_rot291,sharp,landscape,1,NA,NA,dcore_cv,dcore_cv,0,NA
100,random_100,random,landscape,1,NA,NA,dcore_cv,dcore_cv,2404.9765696047293,NA
1,random_1,random,landscape,1,NA,NA,dcore_mn,dcore_mn,0.20421607378129117,NA
2,sharp_2_rot108,sharp,landscape,1,NA,NA,dcore_mn,dcore_mn,1,NA
3,random_3,random,landscape,1,NA,NA,dcore_mn,dcore_mn,0.19633507853403143,NA
4,sharp_4_rot87,sharp,landscape,1,NA,NA,dcore_mn,dcore_mn,1,NA
5,sharp_5_rot329,sharp,landscape,1,NA,NA,dcore_mn,dcore_mn,1,NA
6,random_6,random,landscape,1,NA,NA,dcore_mn,dcore_mn,2.47972972972973,NA
7,sharp_7_rot144,sharp,landscape,1,NA,NA,dcore_mn,dcore_mn,1,NA
8,sharp_8_rot184,sharp,landscape,1,NA,NA,dcore_mn,dcore_mn,1,NA
9,sharp_9_rot64,sharp,landscape,1,NA,NA,dcore_mn,dcore_mn,1,NA
10,random_10,random,landscape,1,NA,NA,dcore_mn,dcore_mn,2.0366492146596857,NA
11,random_11,random,landscape,1,NA,NA,dcore_mn,dcore_mn,0.18562091503267975,NA
12,sharp_12_rot167,sharp,landscape,1,NA,NA,dcore_mn,dcore_mn,1,NA
13,random_13,random,landscape,1,NA,NA,dcore_mn,dcore_mn,0.34433285509325684,NA
14,random_14,random,landscape,1,NA,NA,dcore_mn,dcore_mn,3.27027027027027,NA
15,random_15,random,landscape,1,NA,NA,dcore_mn,dcore_mn,0.5150078988941548,NA
16,random_16,random,landscape,1,NA,NA,dcore_mn,dcore_mn,2.3430232558139537,NA
17,random_17,random,landscape,1,NA,NA,dcore_mn,dcore_mn,3.5096153846153846,NA
18,random_18,random,landscape,1,NA,NA,dcore_mn,dcore_mn,0.12987012987012986,NA
19,sharp_19_rot112,sharp,landscape,1,NA,NA,dcore_mn,dcore_mn,1,NA
20,random_20,random,landscape,1,NA,NA,dcore_mn,dcore_mn,0.20226308345120225,NA
21,random_21,random,landscape,1,NA,NA,dcore_mn,dcore_mn,0.10013531799729364,NA
22,random_22,random,landscape,1,NA,NA,dcore_mn,dcore_mn,0.2713498622589532,NA
23,sharp_23_rot279,sharp,landscape,1,NA,NA,dcore_mn,dcore_mn,1,NA
24,random_24,random,landscape,1,NA,NA,dcore_mn,dcore_mn,1.912037037037037,NA
25,random_25,random,landscape,1,NA,NA,dcore_mn,dcore_mn,0.16404199475065617,NA
26,random_26,random,landscape,1,NA,NA,dcore_mn,dcore_mn,0.06703146374829001,NA
27,sharp_27_rot305,sharp,landscape,1,NA,NA,dcore_mn,dcore_mn,1,NA
28,random_28,random,landscape,1,NA,NA,dcore_mn,dcore_mn,3.888888888888889,NA
29,sharp_29_rot195,sharp,landscape,1,NA,NA,dcore_mn,dcore_mn,1,NA
30,sharp_30_rot81,sharp,landscape,1,NA,NA,dcore_mn,dcore_mn,1,NA
31,sharp_31_rot308,sharp,landscape,1,NA,NA,dcore_mn,dcore_mn,1,NA
32,random_32,random,landscape,1,NA,NA,dcore_mn,dcore_mn,2.7194244604316546,NA
33,sharp_33_rot300,sharp,landscape,1,NA,NA,dcore_mn,dcore_mn,1,NA
34,sharp_34_rot273,sharp,landscape,1,NA,NA,dcore_mn,dcore_mn,1,NA
35,random_35,random,landscape,1,NA,NA,dcore_mn,dcore_mn,0.05693430656934306,NA
36,random_36,random,landscape,1,NA,NA,dcore_mn,dcore_mn,0.5166931637519873,NA
37,random_37,random,landscape,1,NA,NA,dcore_mn,dcore_mn,0.9623529411764706,NA
38,sharp_38_rot249,sharp,landscape,1,NA,NA,dcore_mn,dcore_mn,1,NA
39,sharp_39_rot66,sharp,landscape,1,NA,NA,dcore_mn,dcore_mn,1,NA
40,sharp_40_rot331,sharp,landscape,1,NA,NA,dcore_mn,dcore_mn,1,NA
41,sharp_41_rot185,sharp,landscape,1,NA,NA,dcore_mn,dcore_mn,1,NA
42,random_42,random,landscape,1,NA,NA,dcore_mn,dcore_mn,1.5150375939849625,NA
43,random_43,random,landscape,1,NA,NA,dcore_mn,dcore_mn,1.9174757281553398,NA
44,random_44,random,landscape,1,NA,NA,dcore_mn,dcore_mn,2.395209580838323,NA
45,sharp_45_rot260,sharp,landscape,1,NA,NA,dcore_mn,dcore_mn,1,NA
46,random_46,random,landscape,1,NA,NA,dcore_mn,dcore_mn,0.022764227642276424,NA
47,sharp_47_rot311,sharp,landscape,1,NA,NA,dcore_mn,dcore_mn,1,NA
48,random_48,random,landscape,1,NA,NA,dcore_mn,dcore_mn,1.381132075471698,NA
49,sharp_49_rot290,sharp,landscape,1,NA,NA,dcore_mn,dcore_mn,1,NA
50,sharp_50_rot26,sharp,landscape,1,NA,NA,dcore_mn,dcore_mn,1,NA
51,sharp_51_rot174,sharp,landscape,1,NA,NA,dcore_mn,dcore_mn,1,NA
52,sharp_52_rot258,sharp,landscape,1,NA,NA,dcore_mn,dcore_mn,1,NA
53,sharp_53_rot89,sharp,landscape,1,NA,NA,dcore_mn,dcore_mn,1,NA
54,sharp_54_rot216,sharp,landscape,1,NA,NA,dcore_mn,dcore_mn,1,NA
55,random_55,random,landscape,1,NA,NA,dcore_mn,dcore_mn,0.3401639344262295,NA
56,sharp_56_rot328,sharp,landscape,1,NA,NA,dcore_mn,dcore_mn,1,NA
57,sharp_57_rot74,sharp,landscape,1,NA,NA,dcore_mn,dcore_mn,1,NA
58,random_58,random,landscape,1,NA,NA,dcore_mn,dcore_mn,0.31824611032531824,NA
59,sharp_59_rot291,sharp,landscape,1,NA,NA,dcore_mn,dcore_mn,1,NA
60,random_60,random,landscape,1,NA,NA,dcore_mn,dcore_mn,0.7845188284518828,NA
61,random_61,random,landscape,1,NA,NA,dcore_mn,dcore_mn,0.05698005698005698,NA
62,sharp_62_rot178,sharp,landscape,1,NA,NA,dcore_mn,dcore_mn,1,NA
63,random_63,random,landscape,1,NA,NA,dcore_mn,dcore_mn,2.1382978723404253,NA
64,sharp_64_rot282,sharp,landscape,1,NA,NA,dcore_mn,dcore_mn,1,NA
65,random_65,random,landscape,1,NA,NA,dcore_mn,dcore_mn,0.26666666666666666,NA
66,sharp_66_rot51,sharp,landscape,1,NA,NA,dcore_mn,dcore_mn,1,NA
67,random_67,random,landscape,1,NA,NA,dcore_mn,dcore_mn,1.9545454545454546,NA
68,sharp_68_rot332,sharp,landscape,1,NA,NA,dcore_mn,dcore_mn,1,NA
69,random_69,random,landscape,1,NA,NA,dcore_mn,dcore_mn,0.38439306358381503,NA
70,random_70,random,landscape,1,NA,NA,dcore_mn,dcore_mn,3.319327731092437,NA
71,random_71,random,landscape,1,NA,NA,dcore_mn,dcore_mn,2.4315068493150687,NA
72,random_72,random,landscape,1,NA,NA,dcore_mn,dcore_mn,3.7857142857142856,NA
73,sharp_73_rot288,sharp,landscape,1,NA,NA,dcore_mn,dcore_mn,1,NA
74,sharp_74_rot285,sharp,landscape,1,NA,NA,dcore_mn,dcore_mn,1,NA
75,sharp_75_rot69,sharp,landscape,1,NA,NA,dcore_mn,dcore_mn,1,NA
76,random_76,random,landscape,1,NA,NA,dcore_mn,dcore_mn,1.8374384236453203,NA
77,random_77,random,landscape,1,NA,NA,dcore_mn,dcore_mn,1.8578199052132702,NA
78,random_78,random,landscape,1,NA,NA,dcore_mn,dcore_mn,0.4088235294117647,NA
79,random_79,random,landscape,1,NA,NA,dcore_mn,dcore_mn,1.3780918727915195,NA
80,sharp_80_rot260,sharp,landscape,1,NA,NA,dcore_mn,dcore_mn,1,NA
81,sharp_81_rot193,sharp,landscape,1,NA,NA,dcore_mn,dcore_mn,1,NA
82,random_82,random,landscape,1,NA,NA,dcore_mn,dcore_mn,3.25,NA
83,random_83,random,landscape,1,NA,NA,dcore_mn,dcore_mn,0.048295454545454544,NA
84,sharp_84_rot19,sharp,landscape,1,NA,NA,dcore_mn,dcore_mn,1,NA
85,random_85,random,landscape,1,NA,NA,dcore_mn,dcore_mn,3.3980582524271843,NA
86,sharp_86_rot322,sharp,landscape,1,NA,NA,dcore_mn,dcore_mn,1,NA
87,random_87,random,landscape,1,NA,NA,dcore_mn,dcore_mn,0.9637681159420289,NA
88,sharp_88_rot76,sharp,landscape,1,NA,NA,dcore_mn,dcore_mn,1,NA
89,sharp_89_rot22,sharp,landscape,1,NA,NA,dcore_mn,dcore_mn,1,NA
90,sharp_90_rot226,sharp,landscape,1,NA,NA,dcore_mn,dcore_mn,1,NA
91,sharp_91_rot271,sharp,landscape,1,NA,NA,dcore_mn,dcore_mn,1,NA
92,random_92,random,landscape,1,NA,NA,dcore_mn,dcore_mn,1.3620689655172413,NA
93,sharp_93_rot226,sharp,landscape,1,NA,NA,dcore_mn,dcore_mn,1,NA
94,random_94,random,landscape,1,NA,NA,dcore_mn,dcore_mn,1.6939655172413792,NA
95,sharp_95_rot353,sharp,landscape,1,NA,NA,dcore_mn,dcore_mn,1,NA
96,sharp_96_rot338,sharp,landscape,1,NA,NA,dcore_mn,dcore_mn,1,NA
97,sharp_97_rot301,sharp,landscape,1,NA,NA,dcore_mn,dcore_mn,1,NA
98,random_98,random,landscape,1,NA,NA,dcore_mn,dcore_mn,4.540229885057471,NA
99,sharp_99_rot291,sharp,landscape,1,NA,NA,dcore_mn,dcore_mn,1,NA
100,random_100,random,landscape,1,NA,NA,dcore_mn,dcore_mn,0.5277777777777778,NA
1,random_1,random,landscape,1,NA,NA,dcore_sd,dcore_sd,5.5174640589590505,NA
2,sharp_2_rot108,sharp,landscape,1,NA,NA,dcore_sd,dcore_sd,0,NA
3,random_3,random,landscape,1,NA,NA,dcore_sd,dcore_sd,5.354601374736756,NA
4,sharp_4_rot87,sharp,landscape,1,NA,NA,dcore_sd,dcore_sd,0,NA
5,sharp_5_rot329,sharp,landscape,1,NA,NA,dcore_sd,dcore_sd,0,NA
6,random_6,random,landscape,1,NA,NA,dcore_sd,dcore_sd,22.659403476544824,NA
7,sharp_7_rot144,sharp,landscape,1,NA,NA,dcore_sd,dcore_sd,0,NA
8,sharp_8_rot184,sharp,landscape,1,NA,NA,dcore_sd,dcore_sd,0,NA
9,sharp_9_rot64,sharp,landscape,1,NA,NA,dcore_sd,dcore_sd,0,NA
10,random_10,random,landscape,1,NA,NA,dcore_sd,dcore_sd,22.920313152942164,NA
11,random_11,random,landscape,1,NA,NA,dcore_sd,dcore_sd,5.097946644188869,NA
12,sharp_12_rot167,sharp,landscape,1,NA,NA,dcore_sd,dcore_sd,0,NA
13,random_13,random,landscape,1,NA,NA,dcore_sd,dcore_sd,8.82568743983153,NA
14,random_14,random,landscape,1,NA,NA,dcore_sd,dcore_sd,24.01512627337799,NA
15,random_15,random,landscape,1,NA,NA,dcore_sd,dcore_sd,12.718974875159457,NA
16,random_16,random,landscape,1,NA,NA,dcore_sd,dcore_sd,24.852872523670552,NA
17,random_17,random,landscape,1,NA,NA,dcore_sd,dcore_sd,24.94537534908917,NA
18,random_18,random,landscape,1,NA,NA,dcore_sd,dcore_sd,3.567847494476191,NA
19,sharp_19_rot112,sharp,landscape,1,NA,NA,dcore_sd,dcore_sd,0,NA
20,random_20,random,landscape,1,NA,NA,dcore_sd,dcore_sd,5.303010580491806,NA
21,random_21,random,landscape,1,NA,NA,dcore_sd,dcore_sd,2.722134003277526,NA
22,random_22,random,landscape,1,NA,NA,dcore_sd,dcore_sd,7.163080061570026,NA
23,sharp_23_rot279,sharp,landscape,1,NA,NA,dcore_sd,dcore_sd,0,NA
24,random_24,random,landscape,1,NA,NA,dcore_sd,dcore_sd,23.074533299591796,NA
25,random_25,random,landscape,1,NA,NA,dcore_sd,dcore_sd,4.528272225013865,NA
26,random_26,random,landscape,1,NA,NA,dcore_sd,dcore_sd,1.8123304675655074,NA
27,sharp_27_rot305,sharp,landscape,1,NA,NA,dcore_sd,dcore_sd,0,NA
28,random_28,random,landscape,1,NA,NA,dcore_sd,dcore_sd,27.448612056985237,NA
29,sharp_29_rot195,sharp,landscape,1,NA,NA,dcore_sd,dcore_sd,0,NA
30,sharp_30_rot81,sharp,landscape,1,NA,NA,dcore_sd,dcore_sd,0,NA
31,sharp_31_rot308,sharp,landscape,1,NA,NA,dcore_sd,dcore_sd,0,NA
32,random_32,random,landscape,1,NA,NA,dcore_sd,dcore_sd,23.524587438658887,NA
33,sharp_33_rot300,sharp,landscape,1,NA,NA,dcore_sd,dcore_sd,0,NA
34,sharp_34_rot273,sharp,landscape,1,NA,NA,dcore_sd,dcore_sd,0,NA
35,random_35,random,landscape,1,NA,NA,dcore_sd,dcore_sd,1.4901134038066968,NA
36,random_36,random,landscape,1,NA,NA,dcore_sd,dcore_sd,12.519988777300364,NA
37,random_37,random,landscape,1,NA,NA,dcore_sd,dcore_sd,18.43175822952717,NA
38,sharp_38_rot249,sharp,landscape,1,NA,NA,dcore_sd,dcore_sd,0,NA
39,sharp_39_rot66,sharp,landscape,1,NA,NA,dcore_sd,dcore_sd,0,NA
40,sharp_40_rot331,sharp,landscape,1,NA,NA,dcore_sd,dcore_sd,0,NA
41,sharp_41_rot185,sharp,landscape,1,NA,NA,dcore_sd,dcore_sd,0,NA
42,random_42,random,landscape,1,NA,NA,dcore_sd,dcore_sd,21.709787363239464,NA
43,random_43,random,landscape,1,NA,NA,dcore_sd,dcore_sd,23.086855840961956,NA
44,random_44,random,landscape,1,NA,NA,dcore_sd,dcore_sd,23.880969406730724,NA
45,sharp_45_rot260,sharp,landscape,1,NA,NA,dcore_sd,dcore_sd,0,NA
46,random_46,random,landscape,1,NA,NA,dcore_sd,dcore_sd,0.5645344869818583,NA
47,sharp_47_rot311,sharp,landscape,1,NA,NA,dcore_sd,dcore_sd,0,NA
48,random_48,random,landscape,1,NA,NA,dcore_sd,dcore_sd,18.670640708640033,NA
49,sharp_49_rot290,sharp,landscape,1,NA,NA,dcore_sd,dcore_sd,0,NA
50,sharp_50_rot26,sharp,landscape,1,NA,NA,dcore_sd,dcore_sd,0,NA
51,sharp_51_rot174,sharp,landscape,1,NA,NA,dcore_sd,dcore_sd,0,NA
52,sharp_52_rot258,sharp,landscape,1,NA,NA,dcore_sd,dcore_sd,0,NA
53,sharp_53_rot89,sharp,landscape,1,NA,NA,dcore_sd,dcore_sd,0,NA
54,sharp_54_rot216,sharp,landscape,1,NA,NA,dcore_sd,dcore_sd,0,NA
55,random_55,random,landscape,1,NA,NA,dcore_sd,dcore_sd,9.01862332033863,NA
56,sharp_56_rot328,sharp,landscape,1,NA,NA,dcore_sd,dcore_sd,0,NA
57,sharp_57_rot74,sharp,landscape,1,NA,NA,dcore_sd,dcore_sd,0,NA
58,random_58,random,landscape,1,NA,NA,dcore_sd,dcore_sd,8.27411015774607,NA
59,sharp_59_rot291,sharp,landscape,1,NA,NA,dcore_sd,dcore_sd,0,NA
60,random_60,random,landscape,1,NA,NA,dcore_sd,dcore_sd,16.237286943766005,NA
61,random_61,random,landscape,1,NA,NA,dcore_sd,dcore_sd,1.5097027121927944,NA
62,sharp_62_rot178,sharp,landscape,1,NA,NA,dcore_sd,dcore_sd,0,NA
63,random_63,random,landscape,1,NA,NA,dcore_sd,dcore_sd,24.20129534864836,NA
64,sharp_64_rot282,sharp,landscape,1,NA,NA,dcore_sd,dcore_sd,0,NA
65,random_65,random,landscape,1,NA,NA,dcore_sd,dcore_sd,7.155887168100086,NA
66,sharp_66_rot51,sharp,landscape,1,NA,NA,dcore_sd,dcore_sd,0,NA
67,random_67,random,landscape,1,NA,NA,dcore_sd,dcore_sd,21.35636603209704,NA
68,sharp_68_rot332,sharp,landscape,1,NA,NA,dcore_sd,dcore_sd,0,NA
69,random_69,random,landscape,1,NA,NA,dcore_sd,dcore_sd,9.921818218738068,NA
70,random_70,random,landscape,1,NA,NA,dcore_sd,dcore_sd,25.939608079938964,NA
71,random_71,random,landscape,1,NA,NA,dcore_sd,dcore_sd,21.31468897238728,NA
72,random_72,random,landscape,1,NA,NA,dcore_sd,dcore_sd,28.35680248939715,NA
73,sharp_73_rot288,sharp,landscape,1,NA,NA,dcore_sd,dcore_sd,0,NA
74,sharp_74_rot285,sharp,landscape,1,NA,NA,dcore_sd,dcore_sd,0,NA
75,sharp_75_rot69,sharp,landscape,1,NA,NA,dcore_sd,dcore_sd,0,NA
76,random_76,random,landscape,1,NA,NA,dcore_sd,dcore_sd,22.590153321064676,NA
77,random_77,random,landscape,1,NA,NA,dcore_sd,dcore_sd,21.51032250507122,NA
78,random_78,random,landscape,1,NA,NA,dcore_sd,dcore_sd,10.469138815526714,NA
79,random_79,random,landscape,1,NA,NA,dcore_sd,dcore_sd,19.986745977918858,NA
80,sharp_80_rot260,sharp,landscape,1,NA,NA,dcore_sd,dcore_sd,0,NA
81,sharp_81_rot193,sharp,landscape,1,NA,NA,dcore_sd,dcore_sd,0,NA
82,random_82,random,landscape,1,NA,NA,dcore_sd,dcore_sd,26.098047975051852,NA
83,random_83,random,landscape,1,NA,NA,dcore_sd,dcore_sd,1.2814232144554953,NA
84,sharp_84_rot19,sharp,landscape,1,NA,NA,dcore_sd,dcore_sd,0,NA
85,random_85,random,landscape,1,NA,NA,dcore_sd,dcore_sd,24.319095944652236,NA
86,sharp_86_rot322,sharp,landscape,1,NA,NA,dcore_sd,dcore_sd,0,NA
87,random_87,random,landscape,1,NA,NA,dcore_sd,dcore_sd,17.790171710687236,NA
88,sharp_88_rot76,sharp,landscape,1,NA,NA,dcore_sd,dcore_sd,0,NA
89,sharp_89_rot22,sharp,landscape,1,NA,NA,dcore_sd,dcore_sd,0,NA
90,sharp_90_rot226,sharp,landscape,1,NA,NA,dcore_sd,dcore_sd,0,NA
91,sharp_91_rot271,sharp,landscape,1,NA,NA,dcore_sd,dcore_sd,0,NA
92,random_92,random,landscape,1,NA,NA,dcore_sd,dcore_sd,21.026345540232004,NA
93,sharp_93_rot226,sharp,landscape,1,NA,NA,dcore_sd,dcore_sd,0,NA
94,random_94,random,landscape,1,NA,NA,dcore_sd,dcore_sd,20.86290765469496,NA
95,sharp_95_rot353,sharp,landscape,1,NA,NA,dcore_sd,dcore_sd,0,NA
96,sharp_96_rot338,sharp,landscape,1,NA,NA,dcore_sd,dcore_sd,0,NA
97,sharp_97_rot301,sharp,landscape,1,NA,NA,dcore_sd,dcore_sd,0,NA
98,random_98,random,landscape,1,NA,NA,dcore_sd,dcore_sd,29.386678123076944,NA
99,sharp_99_rot291,sharp,landscape,1,NA,NA,dcore_sd,dcore_sd,0,NA
100,random_100,random,landscape,1,NA,NA,dcore_sd,dcore_sd,12.692931895136073,NA
1,random_1,random,landscape,1,NA,NA,division,division,0.32604091999999985,NA
2,sharp_2_rot108,sharp,landscape,1,NA,NA,division,division,0.2591819999999998,NA
3,random_3,random,landscape,1,NA,NA,division,division,0.31367659999999997,NA
4,sharp_4_rot87,sharp,landscape,1,NA,NA,division,division,0.4197598199999999,NA
5,sharp_5_rot329,sharp,landscape,1,NA,NA,division,division,0.3600794999999999,NA
6,random_6,random,landscape,1,NA,NA,division,division,0.54797886,NA
7,sharp_7_rot144,sharp,landscape,1,NA,NA,division,division,0.45607352,NA
8,sharp_8_rot184,sharp,landscape,1,NA,NA,division,division,0.47987981999999996,NA
9,sharp_9_rot64,sharp,landscape,1,NA,NA,division,division,0.47979949999999993,NA
10,random_10,random,landscape,1,NA,NA,division,division,0.59954802,NA
11,random_11,random,landscape,1,NA,NA,division,division,0.3163187599999998,NA
12,sharp_12_rot167,sharp,landscape,1,NA,NA,division,division,0.3576355199999999,NA
13,random_13,random,landscape,1,NA,NA,division,division,0.3817265999999999,NA
14,random_14,random,landscape,1,NA,NA,division,division,0.53204036,NA
15,random_15,random,landscape,1,NA,NA,division,division,0.4406600399999999,NA
16,random_16,random,landscape,1,NA,NA,division,division,0.63113394,NA
17,random_17,random,landscape,1,NA,NA,division,division,0.5377460599999999,NA
18,random_18,random,landscape,1,NA,NA,division,division,0.27779003999999996,NA
19,sharp_19_rot112,sharp,landscape,1,NA,NA,division,division,0.49904077999999996,NA
20,random_20,random,landscape,1,NA,NA,division,division,0.32357040000000004,NA
21,random_21,random,landscape,1,NA,NA,division,division,0.26464822,NA
22,random_22,random,landscape,1,NA,NA,division,division,0.35539405999999985,NA
23,sharp_23_rot279,sharp,landscape,1,NA,NA,division,division,0.3390286199999999,NA
24,random_24,random,landscape,1,NA,NA,division,division,0.61958364,NA
25,random_25,random,landscape,1,NA,NA,division,division,0.30969961999999984,NA
26,random_26,random,landscape,1,NA,NA,division,division,0.23469222,NA
27,sharp_27_rot305,sharp,landscape,1,NA,NA,division,division,0.25597901999999984,NA
28,random_28,random,landscape,1,NA,NA,division,division,0.5350396399999999,NA
29,sharp_29_rot195,sharp,landscape,1,NA,NA,division,division,0.22248749999999995,NA
30,sharp_30_rot81,sharp,landscape,1,NA,NA,division,division,0.4967195,NA
31,sharp_31_rot308,sharp,landscape,1,NA,NA,division,division,0.19063021999999985,NA
32,random_32,random,landscape,1,NA,NA,division,division,0.53588094,NA
33,sharp_33_rot300,sharp,landscape,1,NA,NA,division,division,0.3839343799999999,NA
34,sharp_34_rot273,sharp,landscape,1,NA,NA,division,division,0.4710558199999999,NA
35,random_35,random,landscape,1,NA,NA,division,division,0.21904361999999988,NA
36,random_36,random,landscape,1,NA,NA,division,division,0.4458659999999999,NA
37,random_37,random,landscape,1,NA,NA,division,division,0.55054174,NA
38,sharp_38_rot249,sharp,landscape,1,NA,NA,division,division,0.4551798199999999,NA
39,sharp_39_rot66,sharp,landscape,1,NA,NA,division,division,0.3128503799999999,NA
40,sharp_40_rot331,sharp,landscape,1,NA,NA,division,division,0.49077917999999987,NA
41,sharp_41_rot185,sharp,landscape,1,NA,NA,division,division,0.330638,NA
42,random_42,random,landscape,1,NA,NA,division,division,0.5919318,NA
43,random_43,random,landscape,1,NA,NA,division,division,0.6001623,NA
44,random_44,random,landscape,1,NA,NA,division,division,0.6134003800000001,NA
45,sharp_45_rot260,sharp,landscape,1,NA,NA,division,division,0.2888799799999999,NA
46,random_46,random,landscape,1,NA,NA,division,division,0.18637267999999996,NA
47,sharp_47_rot311,sharp,landscape,1,NA,NA,division,division,0.15071917999999984,NA
48,random_48,random,landscape,1,NA,NA,division,division,0.5988486199999999,NA
49,sharp_49_rot290,sharp,landscape,1,NA,NA,division,division,0.18937037999999995,NA
50,sharp_50_rot26,sharp,landscape,1,NA,NA,division,division,0.41951928000000005,NA
51,sharp_51_rot174,sharp,landscape,1,NA,NA,division,division,0.49678398,NA
52,sharp_52_rot258,sharp,landscape,1,NA,NA,division,division,0.48980408,NA
53,sharp_53_rot89,sharp,landscape,1,NA,NA,division,division,0.4998,NA
54,sharp_54_rot216,sharp,landscape,1,NA,NA,division,division,0.13019999999999987,NA
55,random_55,random,landscape,1,NA,NA,division,division,0.36880690000000005,NA
56,sharp_56_rot328,sharp,landscape,1,NA,NA,division,division,0.41935871999999996,NA
57,sharp_57_rot74,sharp,landscape,1,NA,NA,division,division,0.3853752799999999,NA
58,random_58,random,landscape,1,NA,NA,division,division,0.36896043999999995,NA
59,sharp_59_rot291,sharp,landscape,1,NA,NA,division,division,0.48537949999999996,NA
60,random_60,random,landscape,1,NA,NA,division,division,0.50723478,NA
61,random_61,random,landscape,1,NA,NA,division,division,0.2280312,NA
62,sharp_62_rot178,sharp,landscape,1,NA,NA,division,division,0.49919999999999987,NA
63,random_63,random,landscape,1,NA,NA,division,division,0.5885422199999999,NA
64,sharp_64_rot282,sharp,landscape,1,NA,NA,division,division,0.25834848,NA
65,random_65,random,landscape,1,NA,NA,division,division,0.35026577999999986,NA
66,sharp_66_rot51,sharp,landscape,1,NA,NA,division,division,0.15038478,NA
67,random_67,random,landscape,1,NA,NA,division,division,0.62584,NA
68,sharp_68_rot332,sharp,landscape,1,NA,NA,division,division,0.43397021999999985,NA
69,random_69,random,landscape,1,NA,NA,division,division,0.3896956199999999,NA
70,random_70,random,landscape,1,NA,NA,division,division,0.5332804599999998,NA
71,random_71,random,landscape,1,NA,NA,division,division,0.59031872,NA
72,random_72,random,landscape,1,NA,NA,division,division,0.5207801399999998,NA
73,sharp_73_rot288,sharp,landscape,1,NA,NA,division,division,0.4564874999999998,NA
74,sharp_74_rot285,sharp,landscape,1,NA,NA,division,division,0.38671199999999994,NA
75,sharp_75_rot69,sharp,landscape,1,NA,NA,division,division,0.3890795,NA
76,random_76,random,landscape,1,NA,NA,division,division,0.5973747999999999,NA
77,random_77,random,landscape,1,NA,NA,division,division,0.59315578,NA
78,random_78,random,landscape,1,NA,NA,division,division,0.4058142,NA
79,random_79,random,landscape,1,NA,NA,division,division,0.60326824,NA
80,sharp_80_rot260,sharp,landscape,1,NA,NA,division,division,0.24738167999999994,NA
81,sharp_81_rot193,sharp,landscape,1,NA,NA,division,division,0.3103951799999999,NA
82,random_82,random,landscape,1,NA,NA,division,division,0.5329063399999999,NA
83,random_83,random,landscape,1,NA,NA,division,division,0.23486505999999996,NA
84,sharp_84_rot19,sharp,landscape,1,NA,NA,division,division,0.10572799999999982,NA
85,random_85,random,landscape,1,NA,NA,division,division,0.52224778,NA
86,sharp_86_rot322,sharp,landscape,1,NA,NA,division,division,0.4970967799999999,NA
87,random_87,random,landscape,1,NA,NA,division,division,0.5470593599999999,NA
88,sharp_88_rot76,sharp,landscape,1,NA,NA,division,division,0.43860992,NA
89,sharp_89_rot22,sharp,landscape,1,NA,NA,division,division,0.49408127999999996,NA
90,sharp_90_rot226,sharp,landscape,1,NA,NA,division,division,0.1523887799999999,NA
91,sharp_91_rot271,sharp,landscape,1,NA,NA,division,division,0.2950719799999999,NA
92,random_92,random,landscape,1,NA,NA,division,division,0.5894968599999999,NA
93,sharp_93_rot226,sharp,landscape,1,NA,NA,division,division,0.44368631999999997,NA
94,random_94,random,landscape,1,NA,NA,division,division,0.61256152,NA
95,sharp_95_rot353,sharp,landscape,1,NA,NA,division,division,0.4602943799999999,NA
96,sharp_96_rot338,sharp,landscape,1,NA,NA,division,division,0.44055648000000003,NA
97,sharp_97_rot301,sharp,landscape,1,NA,NA,division,division,0.23486237999999982,NA
98,random_98,random,landscape,1,NA,NA,division,division,0.52435192,NA
99,sharp_99_rot291,sharp,landscape,1,NA,NA,division,division,0.16478327999999975,NA
100,random_100,random,landscape,1,NA,NA,division,division,0.44468382000000006,NA
1,random_1,random,landscape,1,NA,NA,ed,ed,5782,NA
2,sharp_2_rot108,sharp,landscape,1,NA,NA,ed,ed,127,NA
3,random_3,random,landscape,1,NA,NA,ed,ed,5615,NA
4,sharp_4_rot87,sharp,landscape,1,NA,NA,ed,ed,106,NA
5,sharp_5_rot329,sharp,landscape,1,NA,NA,ed,ed,141,NA
6,random_6,random,landscape,1,NA,NA,ed,ed,9609,NA
7,sharp_7_rot144,sharp,landscape,1,NA,NA,ed,ed,169,NA
8,sharp_8_rot184,sharp,landscape,1,NA,NA,ed,ed,106,NA
9,sharp_9_rot64,sharp,landscape,1,NA,NA,ed,ed,148,NA
10,random_10,random,landscape,1,NA,NA,ed,ed,9526,NA
11,random_11,random,landscape,1,NA,NA,ed,ed,5679,NA
12,sharp_12_rot167,sharp,landscape,1,NA,NA,ed,ed,123,NA
13,random_13,random,landscape,1,NA,NA,ed,ed,6626,NA
14,random_14,random,landscape,1,NA,NA,ed,ed,9825,NA
15,random_15,random,landscape,1,NA,NA,ed,ed,7514,NA
16,random_16,random,landscape,1,NA,NA,ed,ed,9496,NA
17,random_17,random,landscape,1,NA,NA,ed,ed,9874,NA
18,random_18,random,landscape,1,NA,NA,ed,ed,5093,NA
19,sharp_19_rot112,sharp,landscape,1,NA,NA,ed,ed,140,NA
20,random_20,random,landscape,1,NA,NA,ed,ed,5709,NA
21,random_21,random,landscape,1,NA,NA,ed,ed,4877,NA
22,random_22,random,landscape,1,NA,NA,ed,ed,6262,NA
23,sharp_23_rot279,sharp,landscape,1,NA,NA,ed,ed,115,NA
24,random_24,random,landscape,1,NA,NA,ed,ed,9445,NA
25,random_25,random,landscape,1,NA,NA,ed,ed,5602,NA
26,random_26,random,landscape,1,NA,NA,ed,ed,4392,NA
27,sharp_27_rot305,sharp,landscape,1,NA,NA,ed,ed,111,NA
28,random_28,random,landscape,1,NA,NA,ed,ed,9916,NA
29,sharp_29_rot195,sharp,landscape,1,NA,NA,ed,ed,122,NA
30,sharp_30_rot81,sharp,landscape,1,NA,NA,ed,ed,116,NA
31,sharp_31_rot308,sharp,landscape,1,NA,NA,ed,ed,93,NA
32,random_32,random,landscape,1,NA,NA,ed,ed,9922,NA
33,sharp_33_rot300,sharp,landscape,1,NA,NA,ed,ed,148,NA
34,sharp_34_rot273,sharp,landscape,1,NA,NA,ed,ed,106,NA
35,random_35,random,landscape,1,NA,NA,ed,ed,4033,NA
36,random_36,random,landscape,1,NA,NA,ed,ed,7527,NA
37,random_37,random,landscape,1,NA,NA,ed,ed,8765,NA
38,sharp_38_rot249,sharp,landscape,1,NA,NA,ed,ed,138,NA
39,sharp_39_rot66,sharp,landscape,1,NA,NA,ed,ed,133,NA
40,sharp_40_rot331,sharp,landscape,1,NA,NA,ed,ed,155,NA
41,sharp_41_rot185,sharp,landscape,1,NA,NA,ed,ed,108,NA
42,random_42,random,landscape,1,NA,NA,ed,ed,9190,NA
43,random_43,random,landscape,1,NA,NA,ed,ed,9548,NA
44,random_44,random,landscape,1,NA,NA,ed,ed,9523,NA
45,sharp_45_rot260,sharp,landscape,1,NA,NA,ed,ed,117,NA
46,random_46,random,landscape,1,NA,NA,ed,ed,3458,NA
47,sharp_47_rot311,sharp,landscape,1,NA,NA,ed,ed,80,NA
48,random_48,random,landscape,1,NA,NA,ed,ed,9401,NA
49,sharp_49_rot290,sharp,landscape,1,NA,NA,ed,ed,102,NA
50,sharp_50_rot26,sharp,landscape,1,NA,NA,ed,ed,148,NA
51,sharp_51_rot174,sharp,landscape,1,NA,NA,ed,ed,110,NA
52,sharp_52_rot258,sharp,landscape,1,NA,NA,ed,ed,121,NA
53,sharp_53_rot89,sharp,landscape,1,NA,NA,ed,ed,102,NA
54,sharp_54_rot216,sharp,landscape,1,NA,NA,ed,ed,75,NA
55,random_55,random,landscape,1,NA,NA,ed,ed,6490,NA
56,sharp_56_rot328,sharp,landscape,1,NA,NA,ed,ed,158,NA
57,sharp_57_rot74,sharp,landscape,1,NA,NA,ed,ed,128,NA
58,random_58,random,landscape,1,NA,NA,ed,ed,6484,NA
59,sharp_59_rot291,sharp,landscape,1,NA,NA,ed,ed,138,NA
60,random_60,random,landscape,1,NA,NA,ed,ed,8357,NA
61,random_61,random,landscape,1,NA,NA,ed,ed,4208,NA
62,sharp_62_rot178,sharp,landscape,1,NA,NA,ed,ed,104,NA
63,random_63,random,landscape,1,NA,NA,ed,ed,9544,NA
64,sharp_64_rot282,sharp,landscape,1,NA,NA,ed,ed,121,NA
65,random_65,random,landscape,1,NA,NA,ed,ed,6140,NA
66,sharp_66_rot51,sharp,landscape,1,NA,NA,ed,ed,81,NA
67,random_67,random,landscape,1,NA,NA,ed,ed,9579,NA
68,sharp_68_rot332,sharp,landscape,1,NA,NA,ed,ed,152,NA
69,random_69,random,landscape,1,NA,NA,ed,ed,6738,NA
70,random_70,random,landscape,1,NA,NA,ed,ed,9771,NA
71,random_71,random,landscape,1,NA,NA,ed,ed,9827,NA
72,random_72,random,landscape,1,NA,NA,ed,ed,9910,NA
73,sharp_73_rot288,sharp,landscape,1,NA,NA,ed,ed,132,NA
74,sharp_74_rot285,sharp,landscape,1,NA,NA,ed,ed,127,NA
75,sharp_75_rot69,sharp,landscape,1,NA,NA,ed,ed,138,NA
76,random_76,random,landscape,1,NA,NA,ed,ed,9453,NA
77,random_77,random,landscape,1,NA,NA,ed,ed,9560,NA
78,random_78,random,landscape,1,NA,NA,ed,ed,6992,NA
79,random_79,random,landscape,1,NA,NA,ed,ed,9184,NA
80,sharp_80_rot260,sharp,landscape,1,NA,NA,ed,ed,117,NA
81,sharp_81_rot193,sharp,landscape,1,NA,NA,ed,ed,123,NA
82,random_82,random,landscape,1,NA,NA,ed,ed,9791,NA
83,random_83,random,landscape,1,NA,NA,ed,ed,4289,NA
84,sharp_84_rot19,sharp,landscape,1,NA,NA,ed,ed,75,NA
85,random_85,random,landscape,1,NA,NA,ed,ed,10057,NA
86,sharp_86_rot322,sharp,landscape,1,NA,NA,ed,ed,177,NA
87,random_87,random,landscape,1,NA,NA,ed,ed,8789,NA
88,sharp_88_rot76,sharp,landscape,1,NA,NA,ed,ed,125,NA
89,sharp_89_rot22,sharp,landscape,1,NA,NA,ed,ed,140,NA
90,sharp_90_rot226,sharp,landscape,1,NA,NA,ed,ed,80,NA
91,sharp_91_rot271,sharp,landscape,1,NA,NA,ed,ed,102,NA
92,random_92,random,landscape,1,NA,NA,ed,ed,9232,NA
93,sharp_93_rot226,sharp,landscape,1,NA,NA,ed,ed,162,NA
94,random_94,random,landscape,1,NA,NA,ed,ed,9456,NA
95,sharp_95_rot353,sharp,landscape,1,NA,NA,ed,ed,112,NA
96,sharp_96_rot338,sharp,landscape,1,NA,NA,ed,ed,140,NA
97,sharp_97_rot301,sharp,landscape,1,NA,NA,ed,ed,106,NA
98,random_98,random,landscape,1,NA,NA,ed,ed,9961,NA
99,sharp_99_rot291,sharp,landscape,1,NA,NA,ed,ed,94,NA
100,random_100,random,landscape,1,NA,NA,ed,ed,7491,NA
1,random_1,random,landscape,1,NA,NA,enn_cv,enn_cv,NA,NA
2,sharp_2_rot108,sharp,landscape,1,NA,NA,enn_cv,enn_cv,NA,NA
3,random_3,random,landscape,1,NA,NA,enn_cv,enn_cv,NA,NA
4,sharp_4_rot87,sharp,landscape,1,NA,NA,enn_cv,enn_cv,NA,NA
5,sharp_5_rot329,sharp,landscape,1,NA,NA,enn_cv,enn_cv,NA,NA
6,random_6,random,landscape,1,NA,NA,enn_cv,enn_cv,2.8102185329094875,NA
7,sharp_7_rot144,sharp,landscape,1,NA,NA,enn_cv,enn_cv,NA,NA
8,sharp_8_rot184,sharp,landscape,1,NA,NA,enn_cv,enn_cv,NA,NA
9,sharp_9_rot64,sharp,landscape,1,NA,NA,enn_cv,enn_cv,NA,NA
10,random_10,random,landscape,1,NA,NA,enn_cv,enn_cv,4.277031342559706,NA
11,random_11,random,landscape,1,NA,NA,enn_cv,enn_cv,NA,NA
12,sharp_12_rot167,sharp,landscape,1,NA,NA,enn_cv,enn_cv,NA,NA
13,random_13,random,landscape,1,NA,NA,enn_cv,enn_cv,12.338005635716197,NA
14,random_14,random,landscape,1,NA,NA,enn_cv,enn_cv,2.20053252497386,NA
15,random_15,random,landscape,1,NA,NA,enn_cv,enn_cv,NA,NA
16,random_16,random,landscape,1,NA,NA,enn_cv,enn_cv,3.3059222258050878,NA
17,random_17,random,landscape,1,NA,NA,enn_cv,enn_cv,3.300967662304882,NA
18,random_18,random,landscape,1,NA,NA,enn_cv,enn_cv,NA,NA
19,sharp_19_rot112,sharp,landscape,1,NA,NA,enn_cv,enn_cv,NA,NA
20,random_20,random,landscape,1,NA,NA,enn_cv,enn_cv,NA,NA
21,random_21,random,landscape,1,NA,NA,enn_cv,enn_cv,NA,NA
22,random_22,random,landscape,1,NA,NA,enn_cv,enn_cv,NA,NA
23,sharp_23_rot279,sharp,landscape,1,NA,NA,enn_cv,enn_cv,NA,NA
24,random_24,random,landscape,1,NA,NA,enn_cv,enn_cv,2.585422511708733,NA
25,random_25,random,landscape,1,NA,NA,enn_cv,enn_cv,NA,NA
26,random_26,random,landscape,1,NA,NA,enn_cv,enn_cv,NA,NA
27,sharp_27_rot305,sharp,landscape,1,NA,NA,enn_cv,enn_cv,NA,NA
28,random_28,random,landscape,1,NA,NA,enn_cv,enn_cv,3.2027233358590044,NA
29,sharp_29_rot195,sharp,landscape,1,NA,NA,enn_cv,enn_cv,NA,NA
30,sharp_30_rot81,sharp,landscape,1,NA,NA,enn_cv,enn_cv,NA,NA
31,sharp_31_rot308,sharp,landscape,1,NA,NA,enn_cv,enn_cv,NA,NA
32,random_32,random,landscape,1,NA,NA,enn_cv,enn_cv,2.7403147911967434,NA
33,sharp_33_rot300,sharp,landscape,1,NA,NA,enn_cv,enn_cv,NA,NA
34,sharp_34_rot273,sharp,landscape,1,NA,NA,enn_cv,enn_cv,NA,NA
35,random_35,random,landscape,1,NA,NA,enn_cv,enn_cv,NA,NA
36,random_36,random,landscape,1,NA,NA,enn_cv,enn_cv,NA,NA
37,random_37,random,landscape,1,NA,NA,enn_cv,enn_cv,5.333049268109977,NA
38,sharp_38_rot249,sharp,landscape,1,NA,NA,enn_cv,enn_cv,NA,NA
39,sharp_39_rot66,sharp,landscape,1,NA,NA,enn_cv,enn_cv,NA,NA
40,sharp_40_rot331,sharp,landscape,1,NA,NA,enn_cv,enn_cv,NA,NA
41,sharp_41_rot185,sharp,landscape,1,NA,NA,enn_cv,enn_cv,NA,NA
42,random_42,random,landscape,1,NA,NA,enn_cv,enn_cv,5.430613437307021,NA
43,random_43,random,landscape,1,NA,NA,enn_cv,enn_cv,4.482321472801065,NA
44,random_44,random,landscape,1,NA,NA,enn_cv,enn_cv,4.610963505112407,NA
45,sharp_45_rot260,sharp,landscape,1,NA,NA,enn_cv,enn_cv,NA,NA
46,random_46,random,landscape,1,NA,NA,enn_cv,enn_cv,NA,NA
47,sharp_47_rot311,sharp,landscape,1,NA,NA,enn_cv,enn_cv,NA,NA
48,random_48,random,landscape,1,NA,NA,enn_cv,enn_cv,4.537030971170104,NA
49,sharp_49_rot290,sharp,landscape,1,NA,NA,enn_cv,enn_cv,NA,NA
50,sharp_50_rot26,sharp,landscape,1,NA,NA,enn_cv,enn_cv,NA,NA
51,sharp_51_rot174,sharp,landscape,1,NA,NA,enn_cv,enn_cv,NA,NA
52,sharp_52_rot258,sharp,landscape,1,NA,NA,enn_cv,enn_cv,NA,NA
53,sharp_53_rot89,sharp,landscape,1,NA,NA,enn_cv,enn_cv,NA,NA
54,sharp_54_rot216,sharp,landscape,1,NA,NA,enn_cv,enn_cv,NA,NA
55,random_55,random,landscape,1,NA,NA,enn_cv,enn_cv,NA,NA
56,sharp_56_rot328,sharp,landscape,1,NA,NA,enn_cv,enn_cv,NA,NA
57,sharp_57_rot74,sharp,landscape,1,NA,NA,enn_cv,enn_cv,NA,NA
58,random_58,random,landscape,1,NA,NA,enn_cv,enn_cv,NA,NA
59,sharp_59_rot291,sharp,landscape,1,NA,NA,enn_cv,enn_cv,NA,NA
60,random_60,random,landscape,1,NA,NA,enn_cv,enn_cv,6.542636196956936,NA
61,random_61,random,landscape,1,NA,NA,enn_cv,enn_cv,NA,NA
62,sharp_62_rot178,sharp,landscape,1,NA,NA,enn_cv,enn_cv,NA,NA
63,random_63,random,landscape,1,NA,NA,enn_cv,enn_cv,4.173407201150907,NA
64,sharp_64_rot282,sharp,landscape,1,NA,NA,enn_cv,enn_cv,NA,NA
65,random_65,random,landscape,1,NA,NA,enn_cv,enn_cv,NA,NA
66,sharp_66_rot51,sharp,landscape,1,NA,NA,enn_cv,enn_cv,NA,NA
67,random_67,random,landscape,1,NA,NA,enn_cv,enn_cv,3.0081867556896125,NA
68,sharp_68_rot332,sharp,landscape,1,NA,NA,enn_cv,enn_cv,NA,NA
69,random_69,random,landscape,1,NA,NA,enn_cv,enn_cv,11.42912693551442,NA
70,random_70,random,landscape,1,NA,NA,enn_cv,enn_cv,2.1279031049525514,NA
71,random_71,random,landscape,1,NA,NA,enn_cv,enn_cv,5.399553145185235,NA
72,random_72,random,landscape,1,NA,NA,enn_cv,enn_cv,4.712027455653792,NA
73,sharp_73_rot288,sharp,landscape,1,NA,NA,enn_cv,enn_cv,NA,NA
74,sharp_74_rot285,sharp,landscape,1,NA,NA,enn_cv,enn_cv,NA,NA
75,sharp_75_rot69,sharp,landscape,1,NA,NA,enn_cv,enn_cv,NA,NA
76,random_76,random,landscape,1,NA,NA,enn_cv,enn_cv,2.8751562044502394,NA
77,random_77,random,landscape,1,NA,NA,enn_cv,enn_cv,3.01509426656947,NA
78,random_78,random,landscape,1,NA,NA,enn_cv,enn_cv,NA,NA
79,random_79,random,landscape,1,NA,NA,enn_cv,enn_cv,4.07661188778524,NA
80,sharp_80_rot260,sharp,landscape,1,NA,NA,enn_cv,enn_cv,NA,NA
81,sharp_81_rot193,sharp,landscape,1,NA,NA,enn_cv,enn_cv,NA,NA
82,random_82,random,landscape,1,NA,NA,enn_cv,enn_cv,4.8416466250019665,NA
83,random_83,random,landscape,1,NA,NA,enn_cv,enn_cv,NA,NA
84,sharp_84_rot19,sharp,landscape,1,NA,NA,enn_cv,enn_cv,NA,NA
85,random_85,random,landscape,1,NA,NA,enn_cv,enn_cv,2.534574752969636,NA
86,sharp_86_rot322,sharp,landscape,1,NA,NA,enn_cv,enn_cv,NA,NA
87,random_87,random,landscape,1,NA,NA,enn_cv,enn_cv,5.150005715295074,NA
88,sharp_88_rot76,sharp,landscape,1,NA,NA,enn_cv,enn_cv,NA,NA
89,sharp_89_rot22,sharp,landscape,1,NA,NA,enn_cv,enn_cv,NA,NA
90,sharp_90_rot226,sharp,landscape,1,NA,NA,enn_cv,enn_cv,NA,NA
91,sharp_91_rot271,sharp,landscape,1,NA,NA,enn_cv,enn_cv,NA,NA
92,random_92,random,landscape,1,NA,NA,enn_cv,enn_cv,5.2986333889177395,NA
93,sharp_93_rot226,sharp,landscape,1,NA,NA,enn_cv,enn_cv,NA,NA
94,random_94,random,landscape,1,NA,NA,enn_cv,enn_cv,3.9094426571453185,NA
95,sharp_95_rot353,sharp,landscape,1,NA,NA,enn_cv,enn_cv,NA,NA
96,sharp_96_rot338,sharp,landscape,1,NA,NA,enn_cv,enn_cv,NA,NA
97,sharp_97_rot301,sharp,landscape,1,NA,NA,enn_cv,enn_cv,NA,NA
98,random_98,random,landscape,1,NA,NA,enn_cv,enn_cv,2.472958307917368,NA
99,sharp_99_rot291,sharp,landscape,1,NA,NA,enn_cv,enn_cv,NA,NA
100,random_100,random,landscape,1,NA,NA,enn_cv,enn_cv,NA,NA
1,random_1,random,landscape,1,NA,NA,enn_mn,enn_mn,NA,NA
2,sharp_2_rot108,sharp,landscape,1,NA,NA,enn_mn,enn_mn,NA,NA
3,random_3,random,landscape,1,NA,NA,enn_mn,enn_mn,NA,NA
4,sharp_4_rot87,sharp,landscape,1,NA,NA,enn_mn,enn_mn,NA,NA
5,sharp_5_rot329,sharp,landscape,1,NA,NA,enn_mn,enn_mn,NA,NA
6,random_6,random,landscape,1,NA,NA,enn_mn,enn_mn,2.0143554851182306,NA
7,sharp_7_rot144,sharp,landscape,1,NA,NA,enn_mn,enn_mn,NA,NA
8,sharp_8_rot184,sharp,landscape,1,NA,NA,enn_mn,enn_mn,NA,NA
9,sharp_9_rot64,sharp,landscape,1,NA,NA,enn_mn,enn_mn,NA,NA
10,random_10,random,landscape,1,NA,NA,enn_mn,enn_mn,2.0228766847499635,NA
11,random_11,random,landscape,1,NA,NA,enn_mn,enn_mn,NA,NA
12,sharp_12_rot167,sharp,landscape,1,NA,NA,enn_mn,enn_mn,NA,NA
13,random_13,random,landscape,1,NA,NA,enn_mn,enn_mn,2.123591790724925,NA
14,random_14,random,landscape,1,NA,NA,enn_mn,enn_mn,2.0085069541441367,NA
15,random_15,random,landscape,1,NA,NA,enn_mn,enn_mn,NA,NA
16,random_16,random,landscape,1,NA,NA,enn_mn,enn_mn,2.020587323619168,NA
17,random_17,random,landscape,1,NA,NA,enn_mn,enn_mn,2.020428959591328,NA
18,random_18,random,landscape,1,NA,NA,enn_mn,enn_mn,NA,NA
19,sharp_19_rot112,sharp,landscape,1,NA,NA,enn_mn,enn_mn,NA,NA
20,random_20,random,landscape,1,NA,NA,enn_mn,enn_mn,NA,NA
21,random_21,random,landscape,1,NA,NA,enn_mn,enn_mn,NA,NA
22,random_22,random,landscape,1,NA,NA,enn_mn,enn_mn,NA,NA
23,sharp_23_rot279,sharp,landscape,1,NA,NA,enn_mn,enn_mn,NA,NA
24,random_24,random,landscape,1,NA,NA,enn_mn,enn_mn,2.0120219803356374,NA
25,random_25,random,landscape,1,NA,NA,enn_mn,enn_mn,NA,NA
26,random_26,random,landscape,1,NA,NA,enn_mn,enn_mn,NA,NA
27,sharp_27_rot305,sharp,landscape,1,NA,NA,enn_mn,enn_mn,NA,NA
28,random_28,random,landscape,1,NA,NA,enn_mn,enn_mn,2.019076200202003,NA
29,sharp_29_rot195,sharp,landscape,1,NA,NA,enn_mn,enn_mn,NA,NA
30,sharp_30_rot81,sharp,landscape,1,NA,NA,enn_mn,enn_mn,NA,NA
31,sharp_31_rot308,sharp,landscape,1,NA,NA,enn_mn,enn_mn,NA,NA
32,random_32,random,landscape,1,NA,NA,enn_mn,enn_mn,2.013586646187038,NA
33,sharp_33_rot300,sharp,landscape,1,NA,NA,enn_mn,enn_mn,NA,NA
34,sharp_34_rot273,sharp,landscape,1,NA,NA,enn_mn,enn_mn,NA,NA
35,random_35,random,landscape,1,NA,NA,enn_mn,enn_mn,NA,NA
36,random_36,random,landscape,1,NA,NA,enn_mn,enn_mn,NA,NA
37,random_37,random,landscape,1,NA,NA,enn_mn,enn_mn,2.031529732774658,NA
38,sharp_38_rot249,sharp,landscape,1,NA,NA,enn_mn,enn_mn,NA,NA
39,sharp_39_rot66,sharp,landscape,1,NA,NA,enn_mn,enn_mn,NA,NA
40,sharp_40_rot331,sharp,landscape,1,NA,NA,enn_mn,enn_mn,NA,NA
41,sharp_41_rot185,sharp,landscape,1,NA,NA,enn_mn,enn_mn,NA,NA
42,random_42,random,landscape,1,NA,NA,enn_mn,enn_mn,2.0324174766512524,NA
43,random_43,random,landscape,1,NA,NA,enn_mn,enn_mn,2.0280866730691347,NA
44,random_44,random,landscape,1,NA,NA,enn_mn,enn_mn,2.027577932723011,NA
45,sharp_45_rot260,sharp,landscape,1,NA,NA,enn_mn,enn_mn,NA,NA
46,random_46,random,landscape,1,NA,NA,enn_mn,enn_mn,NA,NA
47,sharp_47_rot311,sharp,landscape,1,NA,NA,enn_mn,enn_mn,NA,NA
48,random_48,random,landscape,1,NA,NA,enn_mn,enn_mn,2.03252328446128,NA
49,sharp_49_rot290,sharp,landscape,1,NA,NA,enn_mn,enn_mn,NA,NA
50,sharp_50_rot26,sharp,landscape,1,NA,NA,enn_mn,enn_mn,NA,NA
51,sharp_51_rot174,sharp,landscape,1,NA,NA,enn_mn,enn_mn,NA,NA
52,sharp_52_rot258,sharp,landscape,1,NA,NA,enn_mn,enn_mn,NA,NA
53,sharp_53_rot89,sharp,landscape,1,NA,NA,enn_mn,enn_mn,NA,NA
54,sharp_54_rot216,sharp,landscape,1,NA,NA,enn_mn,enn_mn,NA,NA
55,random_55,random,landscape,1,NA,NA,enn_mn,enn_mn,NA,NA
56,sharp_56_rot328,sharp,landscape,1,NA,NA,enn_mn,enn_mn,NA,NA
57,sharp_57_rot74,sharp,landscape,1,NA,NA,enn_mn,enn_mn,NA,NA
58,random_58,random,landscape,1,NA,NA,enn_mn,enn_mn,NA,NA
59,sharp_59_rot291,sharp,landscape,1,NA,NA,enn_mn,enn_mn,NA,NA
60,random_60,random,landscape,1,NA,NA,enn_mn,enn_mn,2.050317083816538,NA
61,random_61,random,landscape,1,NA,NA,enn_mn,enn_mn,NA,NA
62,sharp_62_rot178,sharp,landscape,1,NA,NA,enn_mn,enn_mn,NA,NA
63,random_63,random,landscape,1,NA,NA,enn_mn,enn_mn,2.0207303767672524,NA
64,sharp_64_rot282,sharp,landscape,1,NA,NA,enn_mn,enn_mn,NA,NA
65,random_65,random,landscape,1,NA,NA,enn_mn,enn_mn,NA,NA
66,sharp_66_rot51,sharp,landscape,1,NA,NA,enn_mn,enn_mn,NA,NA
67,random_67,random,landscape,1,NA,NA,enn_mn,enn_mn,2.016691675176753,NA
68,sharp_68_rot332,sharp,landscape,1,NA,NA,enn_mn,enn_mn,NA,NA
69,random_69,random,landscape,1,NA,NA,enn_mn,enn_mn,2.114376758942728,NA
70,random_70,random,landscape,1,NA,NA,enn_mn,enn_mn,2.0079350580672197,NA
71,random_71,random,landscape,1,NA,NA,enn_mn,enn_mn,2.024283548421169,NA
72,random_72,random,landscape,1,NA,NA,enn_mn,enn_mn,2.018088765660667,NA
73,sharp_73_rot288,sharp,landscape,1,NA,NA,enn_mn,enn_mn,NA,NA
74,sharp_74_rot285,sharp,landscape,1,NA,NA,enn_mn,enn_mn,NA,NA
75,sharp_75_rot69,sharp,landscape,1,NA,NA,enn_mn,enn_mn,NA,NA
76,random_76,random,landscape,1,NA,NA,enn_mn,enn_mn,2.0151176537315134,NA
77,random_77,random,landscape,1,NA,NA,enn_mn,enn_mn,2.0167820837085157,NA
78,random_78,random,landscape,1,NA,NA,enn_mn,enn_mn,NA,NA
79,random_79,random,landscape,1,NA,NA,enn_mn,enn_mn,2.0237813659443145,NA
80,sharp_80_rot260,sharp,landscape,1,NA,NA,enn_mn,enn_mn,NA,NA
81,sharp_81_rot193,sharp,landscape,1,NA,NA,enn_mn,enn_mn,NA,NA
82,random_82,random,landscape,1,NA,NA,enn_mn,enn_mn,2.0242586691495044,NA
83,random_83,random,landscape,1,NA,NA,enn_mn,enn_mn,NA,NA
84,sharp_84_rot19,sharp,landscape,1,NA,NA,enn_mn,enn_mn,NA,NA
85,random_85,random,landscape,1,NA,NA,enn_mn,enn_mn,2.011459610558242,NA
86,sharp_86_rot322,sharp,landscape,1,NA,NA,enn_mn,enn_mn,NA,NA
87,random_87,random,landscape,1,NA,NA,enn_mn,enn_mn,2.029070237312169,NA
88,sharp_88_rot76,sharp,landscape,1,NA,NA,enn_mn,enn_mn,NA,NA
89,sharp_89_rot22,sharp,landscape,1,NA,NA,enn_mn,enn_mn,NA,NA
90,sharp_90_rot226,sharp,landscape,1,NA,NA,enn_mn,enn_mn,NA,NA
91,sharp_91_rot271,sharp,landscape,1,NA,NA,enn_mn,enn_mn,NA,NA
92,random_92,random,landscape,1,NA,NA,enn_mn,enn_mn,2.029657269499685,NA
93,sharp_93_rot226,sharp,landscape,1,NA,NA,enn_mn,enn_mn,NA,NA
94,random_94,random,landscape,1,NA,NA,enn_mn,enn_mn,2.0305260315732485,NA
95,sharp_95_rot353,sharp,landscape,1,NA,NA,enn_mn,enn_mn,NA,NA
96,sharp_96_rot338,sharp,landscape,1,NA,NA,enn_mn,enn_mn,NA,NA
97,sharp_97_rot301,sharp,landscape,1,NA,NA,enn_mn,enn_mn,NA,NA
98,random_98,random,landscape,1,NA,NA,enn_mn,enn_mn,2.0108537001149327,NA
99,sharp_99_rot291,sharp,landscape,1,NA,NA,enn_mn,enn_mn,NA,NA
100,random_100,random,landscape,1,NA,NA,enn_mn,enn_mn,NA,NA
1,random_1,random,landscape,1,NA,NA,enn_sd,enn_sd,NA,NA
2,sharp_2_rot108,sharp,landscape,1,NA,NA,enn_sd,enn_sd,NA,NA
3,random_3,random,landscape,1,NA,NA,enn_sd,enn_sd,NA,NA
4,sharp_4_rot87,sharp,landscape,1,NA,NA,enn_sd,enn_sd,NA,NA
5,sharp_5_rot329,sharp,landscape,1,NA,NA,enn_sd,enn_sd,NA,NA
6,random_6,random,landscape,1,NA,NA,enn_sd,enn_sd,0.05660779116147133,NA
7,sharp_7_rot144,sharp,landscape,1,NA,NA,enn_sd,enn_sd,NA,NA
8,sharp_8_rot184,sharp,landscape,1,NA,NA,enn_sd,enn_sd,NA,NA
9,sharp_9_rot64,sharp,landscape,1,NA,NA,enn_sd,enn_sd,NA,NA
10,random_10,random,landscape,1,NA,NA,enn_sd,enn_sd,0.08651906982808864,NA
11,random_11,random,landscape,1,NA,NA,enn_sd,enn_sd,NA,NA
12,sharp_12_rot167,sharp,landscape,1,NA,NA,enn_sd,enn_sd,NA,NA
13,random_13,random,landscape,1,NA,NA,enn_sd,enn_sd,0.26200887481924773,NA
14,random_14,random,landscape,1,NA,NA,enn_sd,enn_sd,0.04419784879230353,NA
15,random_15,random,landscape,1,NA,NA,enn_sd,enn_sd,NA,NA
16,random_16,random,landscape,1,NA,NA,enn_sd,enn_sd,0.06679904542332625,NA
17,random_17,random,landscape,1,NA,NA,enn_sd,enn_sd,0.06669370659595272,NA
18,random_18,random,landscape,1,NA,NA,enn_sd,enn_sd,NA,NA
19,sharp_19_rot112,sharp,landscape,1,NA,NA,enn_sd,enn_sd,NA,NA
20,random_20,random,landscape,1,NA,NA,enn_sd,enn_sd,NA,NA
21,random_21,random,landscape,1,NA,NA,enn_sd,enn_sd,NA,NA
22,random_22,random,landscape,1,NA,NA,enn_sd,enn_sd,NA,NA
23,sharp_23_rot279,sharp,landscape,1,NA,NA,enn_sd,enn_sd,NA,NA
24,random_24,random,landscape,1,NA,NA,enn_sd,enn_sd,0.052019269220125425,NA
25,random_25,random,landscape,1,NA,NA,enn_sd,enn_sd,NA,NA
26,random_26,random,landscape,1,NA,NA,enn_sd,enn_sd,NA,NA
27,sharp_27_rot305,sharp,landscape,1,NA,NA,enn_sd,enn_sd,NA,NA
28,random_28,random,landscape,1,NA,NA,enn_sd,enn_sd,0.06466542463264482,NA
29,sharp_29_rot195,sharp,landscape,1,NA,NA,enn_sd,enn_sd,NA,NA
30,sharp_30_rot81,sharp,landscape,1,NA,NA,enn_sd,enn_sd,NA,NA
31,sharp_31_rot308,sharp,landscape,1,NA,NA,enn_sd,enn_sd,NA,NA
32,random_32,random,landscape,1,NA,NA,enn_sd,enn_sd,0.055178612699025846,NA
33,sharp_33_rot300,sharp,landscape,1,NA,NA,enn_sd,enn_sd,NA,NA
34,sharp_34_rot273,sharp,landscape,1,NA,NA,enn_sd,enn_sd,NA,NA
35,random_35,random,landscape,1,NA,NA,enn_sd,enn_sd,NA,NA
36,random_36,random,landscape,1,NA,NA,enn_sd,enn_sd,NA,NA
37,random_37,random,landscape,1,NA,NA,enn_sd,enn_sd,0.10834248154517548,NA
38,sharp_38_rot249,sharp,landscape,1,NA,NA,enn_sd,enn_sd,NA,NA
39,sharp_39_rot66,sharp,landscape,1,NA,NA,enn_sd,enn_sd,NA,NA
40,sharp_40_rot331,sharp,landscape,1,NA,NA,enn_sd,enn_sd,NA,NA
41,sharp_41_rot185,sharp,landscape,1,NA,NA,enn_sd,enn_sd,NA,NA
42,random_42,random,landscape,1,NA,NA,enn_sd,enn_sd,0.1103727365891992,NA
43,random_43,random,landscape,1,NA,NA,enn_sd,enn_sd,0.09090536443399455,NA
44,random_44,random,landscape,1,NA,NA,enn_sd,enn_sd,0.09349087851557063,NA
45,sharp_45_rot260,sharp,landscape,1,NA,NA,enn_sd,enn_sd,NA,NA
46,random_46,random,landscape,1,NA,NA,enn_sd,enn_sd,NA,NA
47,sharp_47_rot311,sharp,landscape,1,NA,NA,enn_sd,enn_sd,NA,NA
48,random_48,random,landscape,1,NA,NA,enn_sd,enn_sd,0.09221621091225213,NA
49,sharp_49_rot290,sharp,landscape,1,NA,NA,enn_sd,enn_sd,NA,NA
50,sharp_50_rot26,sharp,landscape,1,NA,NA,enn_sd,enn_sd,NA,NA
51,sharp_51_rot174,sharp,landscape,1,NA,NA,enn_sd,enn_sd,NA,NA
52,sharp_52_rot258,sharp,landscape,1,NA,NA,enn_sd,enn_sd,NA,NA
53,sharp_53_rot89,sharp,landscape,1,NA,NA,enn_sd,enn_sd,NA,NA
54,sharp_54_rot216,sharp,landscape,1,NA,NA,enn_sd,enn_sd,NA,NA
55,random_55,random,landscape,1,NA,NA,enn_sd,enn_sd,NA,NA
56,sharp_56_rot328,sharp,landscape,1,NA,NA,enn_sd,enn_sd,NA,NA
57,sharp_57_rot74,sharp,landscape,1,NA,NA,enn_sd,enn_sd,NA,NA
58,random_58,random,landscape,1,NA,NA,enn_sd,enn_sd,NA,NA
59,sharp_59_rot291,sharp,landscape,1,NA,NA,enn_sd,enn_sd,NA,NA
60,random_60,random,landscape,1,NA,NA,enn_sd,enn_sd,0.13414478767817267,NA
61,random_61,random,landscape,1,NA,NA,enn_sd,enn_sd,NA,NA
62,sharp_62_rot178,sharp,landscape,1,NA,NA,enn_sd,enn_sd,NA,NA
63,random_63,random,landscape,1,NA,NA,enn_sd,enn_sd,0.08433330705984836,NA
64,sharp_64_rot282,sharp,landscape,1,NA,NA,enn_sd,enn_sd,NA,NA
65,random_65,random,landscape,1,NA,NA,enn_sd,enn_sd,NA,NA
66,sharp_66_rot51,sharp,landscape,1,NA,NA,enn_sd,enn_sd,NA,NA
67,random_67,random,landscape,1,NA,NA,enn_sd,enn_sd,0.06066585187576206,NA
68,sharp_68_rot332,sharp,landscape,1,NA,NA,enn_sd,enn_sd,NA,NA
69,random_69,random,landscape,1,NA,NA,enn_sd,enn_sd,0.24165480367458012,NA
70,random_70,random,landscape,1,NA,NA,enn_sd,enn_sd,0.04272691244604319,NA
71,random_71,random,landscape,1,NA,NA,enn_sd,enn_sd,0.10930226600624252,NA
72,random_72,random,landscape,1,NA,NA,enn_sd,enn_sd,0.09509289671739533,NA
73,sharp_73_rot288,sharp,landscape,1,NA,NA,enn_sd,enn_sd,NA,NA
74,sharp_74_rot285,sharp,landscape,1,NA,NA,enn_sd,enn_sd,NA,NA
75,sharp_75_rot69,sharp,landscape,1,NA,NA,enn_sd,enn_sd,NA,NA
76,random_76,random,landscape,1,NA,NA,enn_sd,enn_sd,0.0579377802482337,NA
77,random_77,random,landscape,1,NA,NA,enn_sd,enn_sd,0.06080788097509575,NA
78,random_78,random,landscape,1,NA,NA,enn_sd,enn_sd,NA,NA
79,random_79,random,landscape,1,NA,NA,enn_sd,enn_sd,0.08250171174686843,NA
80,sharp_80_rot260,sharp,landscape,1,NA,NA,enn_sd,enn_sd,NA,NA
81,sharp_81_rot193,sharp,landscape,1,NA,NA,enn_sd,enn_sd,NA,NA
82,random_82,random,landscape,1,NA,NA,enn_sd,enn_sd,0.0980074515361867,NA
83,random_83,random,landscape,1,NA,NA,enn_sd,enn_sd,NA,NA
84,sharp_84_rot19,sharp,landscape,1,NA,NA,enn_sd,enn_sd,NA,NA
85,random_85,random,landscape,1,NA,NA,enn_sd,enn_sd,0.05098194745539057,NA
86,sharp_86_rot322,sharp,landscape,1,NA,NA,enn_sd,enn_sd,NA,NA
87,random_87,random,landscape,1,NA,NA,enn_sd,enn_sd,0.10449723318892803,NA
88,sharp_88_rot76,sharp,landscape,1,NA,NA,enn_sd,enn_sd,NA,NA
89,sharp_89_rot22,sharp,landscape,1,NA,NA,enn_sd,enn_sd,NA,NA
90,sharp_90_rot226,sharp,landscape,1,NA,NA,enn_sd,enn_sd,NA,NA
91,sharp_91_rot271,sharp,landscape,1,NA,NA,enn_sd,enn_sd,NA,NA
92,random_92,random,landscape,1,NA,NA,enn_sd,enn_sd,0.10754409776230642,NA
93,sharp_93_rot226,sharp,landscape,1,NA,NA,enn_sd,enn_sd,NA,NA
94,random_94,random,landscape,1,NA,NA,enn_sd,enn_sd,0.0793822508427646,NA
95,sharp_95_rot353,sharp,landscape,1,NA,NA,enn_sd,enn_sd,NA,NA
96,sharp_96_rot338,sharp,landscape,1,NA,NA,enn_sd,enn_sd,NA,NA
97,sharp_97_rot301,sharp,landscape,1,NA,NA,enn_sd,enn_sd,NA,NA
98,random_98,random,landscape,1,NA,NA,enn_sd,enn_sd,0.04972757363705602,NA
99,sharp_99_rot291,sharp,landscape,1,NA,NA,enn_sd,enn_sd,NA,NA
100,random_100,random,landscape,1,NA,NA,enn_sd,enn_sd,NA,NA
1,random_1,random,landscape,1,NA,NA,ent,ent,0.6783060712945457,NA
2,sharp_2_rot108,sharp,landscape,1,NA,NA,ent,ent,0.6131795010897921,NA
3,random_3,random,landscape,1,NA,NA,ent,ent,0.6612164692362993,NA
4,sharp_4_rot87,sharp,landscape,1,NA,NA,ent,ent,0.879679809515081,NA
5,sharp_5_rot329,sharp,landscape,1,NA,NA,ent,ent,0.785463244090722,NA
6,random_6,random,landscape,1,NA,NA,ent,ent,0.9812534431771401,NA
7,sharp_7_rot144,sharp,landscape,1,NA,NA,ent,ent,0.9350340823433027,NA
8,sharp_8_rot184,sharp,landscape,1,NA,NA,ent,ent,0.9704759343926745,NA
9,sharp_9_rot64,sharp,landscape,1,NA,NA,ent,ent,0.9703566557380116,NA
10,random_10,random,landscape,1,NA,NA,ent,ent,0.9717135462915614,NA
11,random_11,random,landscape,1,NA,NA,ent,ent,0.6654442330116072,NA
12,sharp_12_rot167,sharp,landscape,1,NA,NA,ent,ent,0.7812110079893928,NA
13,random_13,random,landscape,1,NA,NA,ent,ent,0.7487558923948312,NA
14,random_14,random,landscape,1,NA,NA,ent,ent,0.9999999834401396,NA
15,random_15,random,landscape,1,NA,NA,ent,ent,0.8148604800615774,NA
16,random_16,random,landscape,1,NA,NA,ent,ent,0.9736037945364996,NA
17,random_17,random,landscape,1,NA,NA,ent,ent,0.9993463093326236,NA
18,random_18,random,landscape,1,NA,NA,ent,ent,0.6095242422350134,NA
19,sharp_19_rot112,sharp,landscape,1,NA,NA,ent,ent,0.9986004526096796,NA
20,random_20,random,landscape,1,NA,NA,ent,ent,0.6751356427219121,NA
21,random_21,random,landscape,1,NA,NA,ent,ent,0.5904872327162528,NA
22,random_22,random,landscape,1,NA,NA,ent,ent,0.7162353370519978,NA
23,sharp_23_rot279,sharp,landscape,1,NA,NA,ent,ent,0.750696007952059,NA
24,random_24,random,landscape,1,NA,NA,ent,ent,0.9714359764548431,NA
25,random_25,random,landscape,1,NA,NA,ent,ent,0.6559688286375398,NA
26,random_26,random,landscape,1,NA,NA,ent,ent,0.5442729508848343,NA
27,sharp_27_rot305,sharp,landscape,1,NA,NA,ent,ent,0.6083849217307647,NA
28,random_28,random,landscape,1,NA,NA,ent,ent,0.9978368338207559,NA
29,sharp_29_rot195,sharp,landscape,1,NA,NA,ent,ent,0.5455461496906374,NA
30,sharp_30_rot81,sharp,landscape,1,NA,NA,ent,ent,0.9952134233524571,NA
31,sharp_31_rot308,sharp,landscape,1,NA,NA,ent,ent,0.4859734851945092,NA
32,random_32,random,landscape,1,NA,NA,ent,ent,0.9923441756715972,NA
33,sharp_33_rot300,sharp,landscape,1,NA,NA,ent,ent,0.8236825329214541,NA
34,sharp_34_rot273,sharp,landscape,1,NA,NA,ent,ent,0.9573974285315161,NA
35,random_35,random,landscape,1,NA,NA,ent,ent,0.5181520307213944,NA
36,random_36,random,landscape,1,NA,NA,ent,ent,0.8201600133177442,NA
37,random_37,random,landscape,1,NA,NA,ent,ent,0.9153129104692593,NA
38,sharp_38_rot249,sharp,landscape,1,NA,NA,ent,ent,0.9336614524945193,NA
39,sharp_39_rot66,sharp,landscape,1,NA,NA,ent,ent,0.7070897796947729,NA
40,sharp_40_rot331,sharp,landscape,1,NA,NA,ent,ent,0.9865146185350095,NA
41,sharp_41_rot185,sharp,landscape,1,NA,NA,ent,ent,0.736725644284495,NA
42,random_42,random,landscape,1,NA,NA,ent,ent,0.9469569835915014,NA
43,random_43,random,landscape,1,NA,NA,ent,ent,0.9639798956250035,NA
44,random_44,random,landscape,1,NA,NA,ent,ent,0.9781026860654475,NA
45,sharp_45_rot260,sharp,landscape,1,NA,NA,ent,ent,0.6655580077498626,NA
46,random_46,random,landscape,1,NA,NA,ent,ent,0.4623970275572866,NA
47,sharp_47_rot311,sharp,landscape,1,NA,NA,ent,ent,0.40537435626660634,NA
48,random_48,random,landscape,1,NA,NA,ent,ent,0.9546756044253772,NA
49,sharp_49_rot290,sharp,landscape,1,NA,NA,ent,ent,0.4827712801132882,NA
50,sharp_50_rot26,sharp,landscape,1,NA,NA,ent,ent,0.8793063341651226,NA
51,sharp_51_rot174,sharp,landscape,1,NA,NA,ent,ent,0.9953080734967795,NA
52,sharp_52_rot258,sharp,landscape,1,NA,NA,ent,ent,0.9850975851869661,NA
53,sharp_53_rot89,sharp,landscape,1,NA,NA,ent,ent,0.9997085194657828,NA
54,sharp_54_rot216,sharp,landscape,1,NA,NA,ent,ent,0.3614787986609734,NA
55,random_55,random,landscape,1,NA,NA,ent,ent,0.7329995038679302,NA
56,sharp_56_rot328,sharp,landscape,1,NA,NA,ent,ent,0.8791193592103042,NA
57,sharp_57_rot74,sharp,landscape,1,NA,NA,ent,ent,0.825830440952464,NA
58,random_58,random,landscape,1,NA,NA,ent,ent,0.7335899990181476,NA
59,sharp_59_rot291,sharp,landscape,1,NA,NA,ent,ent,0.9785734160411843,NA
60,random_60,random,landscape,1,NA,NA,ent,ent,0.8791505326909795,NA
61,random_61,random,landscape,1,NA,NA,ent,ent,0.5329793882371451,NA
62,sharp_62_rot178,sharp,landscape,1,NA,NA,ent,ent,0.9988338421427155,NA
63,random_63,random,landscape,1,NA,NA,ent,ent,0.9740520091027475,NA
64,sharp_64_rot282,sharp,landscape,1,NA,NA,ent,ent,0.6114179137590265,NA
65,random_65,random,landscape,1,NA,NA,ent,ent,0.7103660471930555,NA
66,sharp_66_rot51,sharp,landscape,1,NA,NA,ent,ent,0.4045770743647911,NA
67,random_67,random,landscape,1,NA,NA,ent,ent,0.9780770932446826,NA
68,sharp_68_rot332,sharp,landscape,1,NA,NA,ent,ent,0.9015025968855127,NA
69,random_69,random,landscape,1,NA,NA,ent,ent,0.7575769028811957,NA
70,random_70,random,landscape,1,NA,NA,ent,ent,0.9962919009706576,NA
71,random_71,random,landscape,1,NA,NA,ent,ent,0.9863741187502593,NA
72,random_72,random,landscape,1,NA,NA,ent,ent,0.9921624700397897,NA
73,sharp_73_rot288,sharp,landscape,1,NA,NA,ent,ent,0.9356368406789305,NA
74,sharp_74_rot285,sharp,landscape,1,NA,NA,ent,ent,0.8279253749583186,NA
75,sharp_75_rot69,sharp,landscape,1,NA,NA,ent,ent,0.8317348747242227,NA
76,random_76,random,landscape,1,NA,NA,ent,ent,0.9598583391795626,NA
77,random_77,random,landscape,1,NA,NA,ent,ent,0.9719752320773748,NA
78,random_78,random,landscape,1,NA,NA,ent,ent,0.7762463105465184,NA
79,random_79,random,landscape,1,NA,NA,ent,ent,0.9542849953681144,NA
80,sharp_80_rot260,sharp,landscape,1,NA,NA,ent,ent,0.5915328824074582,NA
81,sharp_81_rot193,sharp,landscape,1,NA,NA,ent,ent,0.7025794955389233,NA
82,random_82,random,landscape,1,NA,NA,ent,ent,0.987954976534821,NA
83,random_83,random,landscape,1,NA,NA,ent,ent,0.5440604868119715,NA
84,sharp_84_rot19,sharp,landscape,1,NA,NA,ent,ent,0.3059199790080295,NA
85,random_85,random,landscape,1,NA,NA,ent,ent,0.9992948748164311,NA
86,sharp_86_rot322,sharp,landscape,1,NA,NA,ent,ent,0.9957615115518983,NA
87,random_87,random,landscape,1,NA,NA,ent,ent,0.9121943640660788,NA
88,sharp_88_rot76,sharp,landscape,1,NA,NA,ent,ent,0.908587262034476,NA
89,sharp_89_rot22,sharp,landscape,1,NA,NA,ent,ent,0.9913503094143591,NA
90,sharp_90_rot226,sharp,landscape,1,NA,NA,ent,ent,0.40890574257050927,NA
91,sharp_91_rot271,sharp,landscape,1,NA,NA,ent,ent,0.6763060678437753,NA
92,random_92,random,landscape,1,NA,NA,ent,ent,0.9460266401652645,NA
93,sharp_93_rot226,sharp,landscape,1,NA,NA,ent,ent,0.9164158013256885,NA
94,random_94,random,landscape,1,NA,NA,ent,ent,0.9620410047602258,NA
95,sharp_95_rot353,sharp,landscape,1,NA,NA,ent,ent,0.9413334708207745,NA
96,sharp_96_rot338,sharp,landscape,1,NA,NA,ent,ent,0.9115371034366322,NA
97,sharp_97_rot301,sharp,landscape,1,NA,NA,ent,ent,0.5699092272745853,NA
98,random_98,random,landscape,1,NA,NA,ent,ent,0.9998913480280821,NA
99,sharp_99_rot291,sharp,landscape,1,NA,NA,ent,ent,0.43359745795826177,NA
100,random_100,random,landscape,1,NA,NA,ent,ent,0.8195365377970735,NA
1,random_1,random,landscape,1,NA,NA,frac_cv,frac_cv,28.238474991185985,NA
2,sharp_2_rot108,sharp,landscape,1,NA,NA,frac_cv,frac_cv,7.483002358885926,NA
3,random_3,random,landscape,1,NA,NA,frac_cv,frac_cv,28.698699925011745,NA
4,sharp_4_rot87,sharp,landscape,1,NA,NA,frac_cv,frac_cv,2.828381941267933,NA
5,sharp_5_rot329,sharp,landscape,1,NA,NA,frac_cv,frac_cv,4.401098781092597,NA
6,random_6,random,landscape,1,NA,NA,frac_cv,frac_cv,25.371124279387768,NA
7,sharp_7_rot144,sharp,landscape,1,NA,NA,frac_cv,frac_cv,2.4687444872556075,NA
8,sharp_8_rot184,sharp,landscape,1,NA,NA,frac_cv,frac_cv,1.250005817519406,NA
9,sharp_9_rot64,sharp,landscape,1,NA,NA,frac_cv,frac_cv,1.5695940094537133,NA
10,random_10,random,landscape,1,NA,NA,frac_cv,frac_cv,25.74246451677941,NA
11,random_11,random,landscape,1,NA,NA,frac_cv,frac_cv,28.947340209584553,NA
12,sharp_12_rot167,sharp,landscape,1,NA,NA,frac_cv,frac_cv,4.744183731179847,NA
13,random_13,random,landscape,1,NA,NA,frac_cv,frac_cv,27.178364909148776,NA
14,random_14,random,landscape,1,NA,NA,frac_cv,frac_cv,23.624378780480882,NA
15,random_15,random,landscape,1,NA,NA,frac_cv,frac_cv,27.119971507249296,NA
16,random_16,random,landscape,1,NA,NA,frac_cv,frac_cv,25.798571141792294,NA
17,random_17,random,landscape,1,NA,NA,frac_cv,frac_cv,21.950110386373414,NA
18,random_18,random,landscape,1,NA,NA,frac_cv,frac_cv,28.859355125039666,NA
19,sharp_19_rot112,sharp,landscape,1,NA,NA,frac_cv,frac_cv,0.3532924770998953,NA
20,random_20,random,landscape,1,NA,NA,frac_cv,frac_cv,27.9723058951785,NA
21,random_21,random,landscape,1,NA,NA,frac_cv,frac_cv,29.39778553601988,NA
22,random_22,random,landscape,1,NA,NA,frac_cv,frac_cv,28.11931626267295,NA
23,sharp_23_rot279,sharp,landscape,1,NA,NA,frac_cv,frac_cv,5.004660567960973,NA
24,random_24,random,landscape,1,NA,NA,frac_cv,frac_cv,24.917657084870218,NA
25,random_25,random,landscape,1,NA,NA,frac_cv,frac_cv,28.58509409993701,NA
26,random_26,random,landscape,1,NA,NA,frac_cv,frac_cv,29.614140555207886,NA
27,sharp_27_rot305,sharp,landscape,1,NA,NA,frac_cv,frac_cv,5.323053089935657,NA
28,random_28,random,landscape,1,NA,NA,frac_cv,frac_cv,22.19847284840887,NA
29,sharp_29_rot195,sharp,landscape,1,NA,NA,frac_cv,frac_cv,8.802900008550353,NA
30,sharp_30_rot81,sharp,landscape,1,NA,NA,frac_cv,frac_cv,0.5288186558711451,NA
31,sharp_31_rot308,sharp,landscape,1,NA,NA,frac_cv,frac_cv,5.947606961669761,NA
32,random_32,random,landscape,1,NA,NA,frac_cv,frac_cv,24.871346672650496,NA
33,sharp_33_rot300,sharp,landscape,1,NA,NA,frac_cv,frac_cv,4.089055059878916,NA
34,sharp_34_rot273,sharp,landscape,1,NA,NA,frac_cv,frac_cv,1.5255566775566916,NA
35,random_35,random,landscape,1,NA,NA,frac_cv,frac_cv,29.095380434207126,NA
36,random_36,random,landscape,1,NA,NA,frac_cv,frac_cv,26.790741746589198,NA
37,random_37,random,landscape,1,NA,NA,frac_cv,frac_cv,24.78878206230653,NA
38,sharp_38_rot249,sharp,landscape,1,NA,NA,frac_cv,frac_cv,2.319379992032307,NA
39,sharp_39_rot66,sharp,landscape,1,NA,NA,frac_cv,frac_cv,5.621155099318814,NA
40,sharp_40_rot331,sharp,landscape,1,NA,NA,frac_cv,frac_cv,1.1163250730423373,NA
41,sharp_41_rot185,sharp,landscape,1,NA,NA,frac_cv,frac_cv,5.11198769012782,NA
42,random_42,random,landscape,1,NA,NA,frac_cv,frac_cv,26.229403613914027,NA
43,random_43,random,landscape,1,NA,NA,frac_cv,frac_cv,26.421305213384056,NA
44,random_44,random,landscape,1,NA,NA,frac_cv,frac_cv,25.728385518984492,NA
45,sharp_45_rot260,sharp,landscape,1,NA,NA,frac_cv,frac_cv,6.564853938900707,NA
46,random_46,random,landscape,1,NA,NA,frac_cv,frac_cv,28.197338861060157,NA
47,sharp_47_rot311,sharp,landscape,1,NA,NA,frac_cv,frac_cv,6.03843574539203,NA
48,random_48,random,landscape,1,NA,NA,frac_cv,frac_cv,27.047085391304126,NA
49,sharp_49_rot290,sharp,landscape,1,NA,NA,frac_cv,frac_cv,7.707876195192273,NA
50,sharp_50_rot26,sharp,landscape,1,NA,NA,frac_cv,frac_cv,3.4746236592549633,NA
51,sharp_51_rot174,sharp,landscape,1,NA,NA,frac_cv,frac_cv,0.49587652221250705,NA
52,sharp_52_rot258,sharp,landscape,1,NA,NA,frac_cv,frac_cv,0.881962095677201,NA
53,sharp_53_rot89,sharp,landscape,1,NA,NA,frac_cv,frac_cv,0.11554233636403477,NA
54,sharp_54_rot216,sharp,landscape,1,NA,NA,frac_cv,frac_cv,6.591057092447723,NA
55,random_55,random,landscape,1,NA,NA,frac_cv,frac_cv,27.916595062533855,NA
56,sharp_56_rot328,sharp,landscape,1,NA,NA,frac_cv,frac_cv,3.4297830690406332,NA
57,sharp_57_rot74,sharp,landscape,1,NA,NA,frac_cv,frac_cv,4.0587046977275945,NA
58,random_58,random,landscape,1,NA,NA,frac_cv,frac_cv,28.08879276654012,NA
59,sharp_59_rot291,sharp,landscape,1,NA,NA,frac_cv,frac_cv,1.362407426252707,NA
60,random_60,random,landscape,1,NA,NA,frac_cv,frac_cv,26.130267537322254,NA
61,random_61,random,landscape,1,NA,NA,frac_cv,frac_cv,29.39129909882877,NA
62,sharp_62_rot178,sharp,landscape,1,NA,NA,frac_cv,frac_cv,0.23488095517077348,NA
63,random_63,random,landscape,1,NA,NA,frac_cv,frac_cv,25.470962244662044,NA
64,sharp_64_rot282,sharp,landscape,1,NA,NA,frac_cv,frac_cv,7.780597805591364,NA
65,random_65,random,landscape,1,NA,NA,frac_cv,frac_cv,27.569413921449794,NA
66,sharp_66_rot51,sharp,landscape,1,NA,NA,frac_cv,frac_cv,6.303046934701451,NA
67,random_67,random,landscape,1,NA,NA,frac_cv,frac_cv,26.572682415968107,NA
68,sharp_68_rot332,sharp,landscape,1,NA,NA,frac_cv,frac_cv,3.133566768707457,NA
69,random_69,random,landscape,1,NA,NA,frac_cv,frac_cv,27.582146277158103,NA
70,random_70,random,landscape,1,NA,NA,frac_cv,frac_cv,22.8003634839944,NA
71,random_71,random,landscape,1,NA,NA,frac_cv,frac_cv,25.10036804708577,NA
72,random_72,random,landscape,1,NA,NA,frac_cv,frac_cv,24.313556077791876,NA
73,sharp_73_rot288,sharp,landscape,1,NA,NA,frac_cv,frac_cv,2.17443174713901,NA
74,sharp_74_rot285,sharp,landscape,1,NA,NA,frac_cv,frac_cv,4.078548890901825,NA
75,sharp_75_rot69,sharp,landscape,1,NA,NA,frac_cv,frac_cv,4.057605748100902,NA
76,random_76,random,landscape,1,NA,NA,frac_cv,frac_cv,25.708302878978856,NA
77,random_77,random,landscape,1,NA,NA,frac_cv,frac_cv,24.75715401040004,NA
78,random_78,random,landscape,1,NA,NA,frac_cv,frac_cv,27.15225145739611,NA
79,random_79,random,landscape,1,NA,NA,frac_cv,frac_cv,24.226056580483768,NA
80,sharp_80_rot260,sharp,landscape,1,NA,NA,frac_cv,frac_cv,8.027057422871632,NA
81,sharp_81_rot193,sharp,landscape,1,NA,NA,frac_cv,frac_cv,6.110471464789768,NA
82,random_82,random,landscape,1,NA,NA,frac_cv,frac_cv,25.243248655149173,NA
83,random_83,random,landscape,1,NA,NA,frac_cv,frac_cv,28.275131074134418,NA
84,sharp_84_rot19,sharp,landscape,1,NA,NA,frac_cv,frac_cv,9.149097540404668,NA
85,random_85,random,landscape,1,NA,NA,frac_cv,frac_cv,26.518940559206733,NA
86,sharp_86_rot322,sharp,landscape,1,NA,NA,frac_cv,frac_cv,0.690443257638363,NA
87,random_87,random,landscape,1,NA,NA,frac_cv,frac_cv,25.169200536446734,NA
88,sharp_88_rot76,sharp,landscape,1,NA,NA,frac_cv,frac_cv,2.643974710694225,NA
89,sharp_89_rot22,sharp,landscape,1,NA,NA,frac_cv,frac_cv,0.8784462932737127,NA
90,sharp_90_rot226,sharp,landscape,1,NA,NA,frac_cv,frac_cv,5.902773736800023,NA
91,sharp_91_rot271,sharp,landscape,1,NA,NA,frac_cv,frac_cv,5.949123067047251,NA
92,random_92,random,landscape,1,NA,NA,frac_cv,frac_cv,25.3915691740097,NA
93,sharp_93_rot226,sharp,landscape,1,NA,NA,frac_cv,frac_cv,2.529055059439129,NA
94,random_94,random,landscape,1,NA,NA,frac_cv,frac_cv,26.86850661724083,NA
95,sharp_95_rot353,sharp,landscape,1,NA,NA,frac_cv,frac_cv,1.910305702280856,NA
96,sharp_96_rot338,sharp,landscape,1,NA,NA,frac_cv,frac_cv,2.819558851096088,NA
97,sharp_97_rot301,sharp,landscape,1,NA,NA,frac_cv,frac_cv,5.647287899342898,NA
98,random_98,random,landscape,1,NA,NA,frac_cv,frac_cv,23.63865855564834,NA
99,sharp_99_rot291,sharp,landscape,1,NA,NA,frac_cv,frac_cv,7.956639949330943,NA
100,random_100,random,landscape,1,NA,NA,frac_cv,frac_cv,27.19148429197035,NA
1,random_1,random,landscape,1,NA,NA,frac_mn,frac_mn,1.279397140489581,NA
2,sharp_2_rot108,sharp,landscape,1,NA,NA,frac_mn,frac_mn,1.0752549331811296,NA
3,random_3,random,landscape,1,NA,NA,frac_mn,frac_mn,1.2639732514322168,NA
4,sharp_4_rot87,sharp,landscape,1,NA,NA,frac_mn,frac_mn,1.0280365970903782,NA
5,sharp_5_rot329,sharp,landscape,1,NA,NA,frac_mn,frac_mn,1.0631158695487868,NA
6,random_6,random,landscape,1,NA,NA,frac_mn,frac_mn,1.276883156902206,NA
7,sharp_7_rot144,sharp,landscape,1,NA,NA,frac_mn,frac_mn,1.0680424992426814,NA
8,sharp_8_rot184,sharp,landscape,1,NA,NA,frac_mn,frac_mn,1.0206525994989484,NA
9,sharp_9_rot64,sharp,landscape,1,NA,NA,frac_mn,frac_mn,1.0511161089506569,NA
10,random_10,random,landscape,1,NA,NA,frac_mn,frac_mn,1.2817850842236056,NA
11,random_11,random,landscape,1,NA,NA,frac_mn,frac_mn,1.272598742188876,NA
12,sharp_12_rot167,sharp,landscape,1,NA,NA,frac_mn,frac_mn,1.0511114091840512,NA
13,random_13,random,landscape,1,NA,NA,frac_mn,frac_mn,1.3052888381172199,NA
14,random_14,random,landscape,1,NA,NA,frac_mn,frac_mn,1.2219627287541066,NA
15,random_15,random,landscape,1,NA,NA,frac_mn,frac_mn,1.332040325467082,NA
16,random_16,random,landscape,1,NA,NA,frac_mn,frac_mn,1.3388765939218936,NA
17,random_17,random,landscape,1,NA,NA,frac_mn,frac_mn,1.2203077734350276,NA
18,random_18,random,landscape,1,NA,NA,frac_mn,frac_mn,1.2485699700711232,NA
19,sharp_19_rot112,sharp,landscape,1,NA,NA,frac_mn,frac_mn,1.0433343329940188,NA
20,random_20,random,landscape,1,NA,NA,frac_mn,frac_mn,1.2978080399891831,NA
21,random_21,random,landscape,1,NA,NA,frac_mn,frac_mn,1.2480032924443538,NA
22,random_22,random,landscape,1,NA,NA,frac_mn,frac_mn,1.2984225128194782,NA
23,sharp_23_rot279,sharp,landscape,1,NA,NA,frac_mn,frac_mn,1.0480849043238134,NA
24,random_24,random,landscape,1,NA,NA,frac_mn,frac_mn,1.3273668452287717,NA
25,random_25,random,landscape,1,NA,NA,frac_mn,frac_mn,1.2626318984725993,NA
26,random_26,random,landscape,1,NA,NA,frac_mn,frac_mn,1.2288885591114889,NA
27,sharp_27_rot305,sharp,landscape,1,NA,NA,frac_mn,frac_mn,1.0578729042185597,NA
28,random_28,random,landscape,1,NA,NA,frac_mn,frac_mn,1.197002517225243,NA
29,sharp_29_rot195,sharp,landscape,1,NA,NA,frac_mn,frac_mn,1.0824066099747385,NA
30,sharp_30_rot81,sharp,landscape,1,NA,NA,frac_mn,frac_mn,1.0263879307728319,NA
31,sharp_31_rot308,sharp,landscape,1,NA,NA,frac_mn,frac_mn,1.056849393062638,NA
32,random_32,random,landscape,1,NA,NA,frac_mn,frac_mn,1.2611057594250534,NA
33,sharp_33_rot300,sharp,landscape,1,NA,NA,frac_mn,frac_mn,1.0644329409337905,NA
34,sharp_34_rot273,sharp,landscape,1,NA,NA,frac_mn,frac_mn,1.021648406304187,NA
35,random_35,random,landscape,1,NA,NA,frac_mn,frac_mn,1.2167308084068678,NA
36,random_36,random,landscape,1,NA,NA,frac_mn,frac_mn,1.331975476741652,NA
37,random_37,random,landscape,1,NA,NA,frac_mn,frac_mn,1.368486147266798,NA
38,sharp_38_rot249,sharp,landscape,1,NA,NA,frac_mn,frac_mn,1.0473025405063827,NA
39,sharp_39_rot66,sharp,landscape,1,NA,NA,frac_mn,frac_mn,1.0663777560874381,NA
40,sharp_40_rot331,sharp,landscape,1,NA,NA,frac_mn,frac_mn,1.0544854543126623,NA
41,sharp_41_rot185,sharp,landscape,1,NA,NA,frac_mn,frac_mn,1.0440676318103725,NA
42,random_42,random,landscape,1,NA,NA,frac_mn,frac_mn,1.3538212183679088,NA
43,random_43,random,landscape,1,NA,NA,frac_mn,frac_mn,1.3189968458771617,NA
44,random_44,random,landscape,1,NA,NA,frac_mn,frac_mn,1.285466035349179,NA
45,sharp_45_rot260,sharp,landscape,1,NA,NA,frac_mn,frac_mn,1.0603563594911876,NA
46,random_46,random,landscape,1,NA,NA,frac_mn,frac_mn,1.1865729808946865,NA
47,sharp_47_rot311,sharp,landscape,1,NA,NA,frac_mn,frac_mn,1.0544098729302358,NA
48,random_48,random,landscape,1,NA,NA,frac_mn,frac_mn,1.3317875247230742,NA
49,sharp_49_rot290,sharp,landscape,1,NA,NA,frac_mn,frac_mn,1.070656924114039,NA
50,sharp_50_rot26,sharp,landscape,1,NA,NA,frac_mn,frac_mn,1.0593320337416556,NA
51,sharp_51_rot174,sharp,landscape,1,NA,NA,frac_mn,frac_mn,1.0218712239431735,NA
52,sharp_52_rot258,sharp,landscape,1,NA,NA,frac_mn,frac_mn,1.0308150125661042,NA
53,sharp_53_rot89,sharp,landscape,1,NA,NA,frac_mn,frac_mn,1.0154097689464634,NA
54,sharp_54_rot216,sharp,landscape,1,NA,NA,frac_mn,frac_mn,1.0572141628462544,NA
55,random_55,random,landscape,1,NA,NA,frac_mn,frac_mn,1.3096281325108239,NA
56,sharp_56_rot328,sharp,landscape,1,NA,NA,frac_mn,frac_mn,1.0660043607513767,NA
57,sharp_57_rot74,sharp,landscape,1,NA,NA,frac_mn,frac_mn,1.050137961108892,NA
58,random_58,random,landscape,1,NA,NA,frac_mn,frac_mn,1.3133466645332275,NA
59,sharp_59_rot291,sharp,landscape,1,NA,NA,frac_mn,frac_mn,1.0435927819289768,NA
60,random_60,random,landscape,1,NA,NA,frac_mn,frac_mn,1.3690248210341533,NA
61,random_61,random,landscape,1,NA,NA,frac_mn,frac_mn,1.2335571823770588,NA
62,sharp_62_rot178,sharp,landscape,1,NA,NA,frac_mn,frac_mn,1.0170222996527274,NA
63,random_63,random,landscape,1,NA,NA,frac_mn,frac_mn,1.2701264293445937,NA
64,sharp_64_rot282,sharp,landscape,1,NA,NA,frac_mn,frac_mn,1.0716408551293033,NA
65,random_65,random,landscape,1,NA,NA,frac_mn,frac_mn,1.2855169622014901,NA
66,sharp_66_rot51,sharp,landscape,1,NA,NA,frac_mn,frac_mn,1.0564495697712228,NA
67,random_67,random,landscape,1,NA,NA,frac_mn,frac_mn,1.2905528475825527,NA
68,sharp_68_rot332,sharp,landscape,1,NA,NA,frac_mn,frac_mn,1.0599932385640463,NA
69,random_69,random,landscape,1,NA,NA,frac_mn,frac_mn,1.3024123441358582,NA
70,random_70,random,landscape,1,NA,NA,frac_mn,frac_mn,1.210257464954195,NA
71,random_71,random,landscape,1,NA,NA,frac_mn,frac_mn,1.291757059103688,NA
72,random_72,random,landscape,1,NA,NA,frac_mn,frac_mn,1.2283772512533893,NA
73,sharp_73_rot288,sharp,landscape,1,NA,NA,frac_mn,frac_mn,1.0428118115129776,NA
74,sharp_74_rot285,sharp,landscape,1,NA,NA,frac_mn,frac_mn,1.0492799922853444,NA
75,sharp_75_rot69,sharp,landscape,1,NA,NA,frac_mn,frac_mn,1.0568239167375357,NA
76,random_76,random,landscape,1,NA,NA,frac_mn,frac_mn,1.3318514357874056,NA
77,random_77,random,landscape,1,NA,NA,frac_mn,frac_mn,1.3322718228464605,NA
78,random_78,random,landscape,1,NA,NA,frac_mn,frac_mn,1.343949920348076,NA
79,random_79,random,landscape,1,NA,NA,frac_mn,frac_mn,1.3297132436781622,NA
80,sharp_80_rot260,sharp,landscape,1,NA,NA,frac_mn,frac_mn,1.0713305649563019,NA
81,sharp_81_rot193,sharp,landscape,1,NA,NA,frac_mn,frac_mn,1.060454837874334,NA
82,random_82,random,landscape,1,NA,NA,frac_mn,frac_mn,1.247048256228462,NA
83,random_83,random,landscape,1,NA,NA,frac_mn,frac_mn,1.2116144667961353,NA
84,sharp_84_rot19,sharp,landscape,1,NA,NA,frac_mn,frac_mn,1.0759005915784376,NA
85,random_85,random,landscape,1,NA,NA,frac_mn,frac_mn,1.2418544020306932,NA
86,sharp_86_rot322,sharp,landscape,1,NA,NA,frac_mn,frac_mn,1.0678475757612014,NA
87,random_87,random,landscape,1,NA,NA,frac_mn,frac_mn,1.3623833121507776,NA
88,sharp_88_rot76,sharp,landscape,1,NA,NA,frac_mn,frac_mn,1.0400886313059279,NA
89,sharp_89_rot22,sharp,landscape,1,NA,NA,frac_mn,frac_mn,1.0439308810803154,NA
90,sharp_90_rot226,sharp,landscape,1,NA,NA,frac_mn,frac_mn,1.0534801962902929,NA
91,sharp_91_rot271,sharp,landscape,1,NA,NA,frac_mn,frac_mn,1.046307895532356,NA
92,random_92,random,landscape,1,NA,NA,frac_mn,frac_mn,1.3183665886151523,NA
93,sharp_93_rot226,sharp,landscape,1,NA,NA,frac_mn,frac_mn,1.0648919023189165,NA
94,random_94,random,landscape,1,NA,NA,frac_mn,frac_mn,1.3536743844551802,NA
95,sharp_95_rot353,sharp,landscape,1,NA,NA,frac_mn,frac_mn,1.0275523762564711,NA
96,sharp_96_rot338,sharp,landscape,1,NA,NA,frac_mn,frac_mn,1.0507310206499483,NA
97,sharp_97_rot301,sharp,landscape,1,NA,NA,frac_mn,frac_mn,1.058378089831519,NA
98,random_98,random,landscape,1,NA,NA,frac_mn,frac_mn,1.192369891660153,NA
99,sharp_99_rot291,sharp,landscape,1,NA,NA,frac_mn,frac_mn,1.0706558693697736,NA
100,random_100,random,landscape,1,NA,NA,frac_mn,frac_mn,1.3434016642544961,NA
1,random_1,random,landscape,1,NA,NA,frac_sd,frac_sd,0.36128224155509897,NA
2,sharp_2_rot108,sharp,landscape,1,NA,NA,frac_sd,frac_sd,0.08046135201398122,NA
3,random_3,random,landscape,1,NA,NA,frac_sd,frac_sd,0.36274389056094614,NA
4,sharp_4_rot87,sharp,landscape,1,NA,NA,frac_sd,frac_sd,0.02907680146172964,NA
5,sharp_5_rot329,sharp,landscape,1,NA,NA,frac_sd,frac_sd,0.046788779576313624,NA
6,random_6,random,landscape,1,NA,NA,frac_sd,frac_sd,0.32395961264022866,NA
7,sharp_7_rot144,sharp,landscape,1,NA,NA,frac_sd,frac_sd,0.02636724032160071,NA
8,sharp_8_rot184,sharp,landscape,1,NA,NA,frac_sd,frac_sd,0.012758216870399899,NA
9,sharp_9_rot64,sharp,landscape,1,NA,NA,frac_sd,frac_sd,0.016498255478492478,NA
10,random_10,random,landscape,1,NA,NA,frac_sd,frac_sd,0.32996307048763274,NA
11,random_11,random,landscape,1,NA,NA,frac_sd,frac_sd,0.36838348740430776,NA
12,sharp_12_rot167,sharp,landscape,1,NA,NA,frac_sd,frac_sd,0.04986665647108499,NA
13,random_13,random,landscape,1,NA,NA,frac_sd,frac_sd,0.35475616354188627,NA
14,random_14,random,landscape,1,NA,NA,frac_sd,frac_sd,0.2886811035971703,NA
15,random_15,random,landscape,1,NA,NA,frac_sd,frac_sd,0.36124895673174345,NA
16,random_16,random,landscape,1,NA,NA,frac_sd,frac_sd,0.3454110305837452,NA
17,random_17,random,landscape,1,NA,NA,frac_sd,frac_sd,0.26785890332248413,NA
18,random_18,random,landscape,1,NA,NA,frac_sd,frac_sd,0.3603292416474269,NA
19,sharp_19_rot112,sharp,landscape,1,NA,NA,frac_sd,frac_sd,0.0036860217094682396,NA
20,random_20,random,landscape,1,NA,NA,frac_sd,frac_sd,0.36302683487799486,NA
21,random_21,random,landscape,1,NA,NA,frac_sd,frac_sd,0.3668853313952582,NA
22,random_22,random,landscape,1,NA,NA,frac_sd,frac_sd,0.3651075328054543,NA
23,sharp_23_rot279,sharp,landscape,1,NA,NA,frac_sd,frac_sd,0.05245309192544538,NA
24,random_24,random,landscape,1,NA,NA,frac_sd,frac_sd,0.33074871875236533,NA
25,random_25,random,landscape,1,NA,NA,frac_sd,frac_sd,0.36092451631421363,NA
26,random_26,random,landscape,1,NA,NA,frac_sd,frac_sd,0.3639247851621452,NA
27,sharp_27_rot305,sharp,landscape,1,NA,NA,frac_sd,frac_sd,0.05631113631559812,NA
28,random_28,random,landscape,1,NA,NA,frac_sd,frac_sd,0.2657162787810163,NA
29,sharp_29_rot195,sharp,landscape,1,NA,NA,frac_sd,frac_sd,0.09528317156201582,NA
30,sharp_30_rot81,sharp,landscape,1,NA,NA,frac_sd,frac_sd,0.005427730859536548,NA
31,sharp_31_rot308,sharp,landscape,1,NA,NA,frac_sd,frac_sd,0.06285724807615807,NA
32,random_32,random,landscape,1,NA,NA,frac_sd,frac_sd,0.3136539853353668,NA
33,sharp_33_rot300,sharp,landscape,1,NA,NA,frac_sd,frac_sd,0.043525249030271114,NA
34,sharp_34_rot273,sharp,landscape,1,NA,NA,frac_sd,frac_sd,0.015585825483525046,NA
35,random_35,random,landscape,1,NA,NA,frac_sd,frac_sd,0.354012457566182,NA
36,random_36,random,landscape,1,NA,NA,frac_sd,frac_sd,0.35684611010175626,NA
37,random_37,random,landscape,1,NA,NA,frac_sd,frac_sd,0.33923104859882175,NA
38,sharp_38_rot249,sharp,landscape,1,NA,NA,frac_sd,frac_sd,0.02429092558055109,NA
39,sharp_39_rot66,sharp,landscape,1,NA,NA,frac_sd,frac_sd,0.05994274761431057,NA
40,sharp_40_rot331,sharp,landscape,1,NA,NA,frac_sd,frac_sd,0.01177148551807665,NA
41,sharp_41_rot185,sharp,landscape,1,NA,NA,frac_sd,frac_sd,0.05337260881475529,NA
42,random_42,random,landscape,1,NA,NA,frac_sd,frac_sd,0.3550992315765272,NA
43,random_43,random,landscape,1,NA,NA,frac_sd,frac_sd,0.3484961824041138,NA
44,random_44,random,landscape,1,NA,NA,frac_sd,frac_sd,0.33072965729024223,NA
45,sharp_45_rot260,sharp,landscape,1,NA,NA,frac_sd,frac_sd,0.06961084623244136,NA
46,random_46,random,landscape,1,NA,NA,frac_sd,frac_sd,0.33458200425665735,NA
47,sharp_47_rot311,sharp,landscape,1,NA,NA,frac_sd,frac_sd,0.06366986266996204,NA
48,random_48,random,landscape,1,NA,NA,frac_sd,frac_sd,0.3602097090425854,NA
49,sharp_49_rot290,sharp,landscape,1,NA,NA,frac_sd,frac_sd,0.0825249101859638,NA
50,sharp_50_rot26,sharp,landscape,1,NA,NA,frac_sd,frac_sd,0.03680780147445434,NA
51,sharp_51_rot174,sharp,landscape,1,NA,NA,frac_sd,frac_sd,0.005067219486779789,NA
52,sharp_52_rot258,sharp,landscape,1,NA,NA,frac_sd,frac_sd,0.009091397687383214,NA
53,sharp_53_rot89,sharp,landscape,1,NA,NA,frac_sd,frac_sd,0.001173228170709391,NA
54,sharp_54_rot216,sharp,landscape,1,NA,NA,frac_sd,frac_sd,0.06968158906263987,NA
55,random_55,random,landscape,1,NA,NA,frac_sd,frac_sd,0.365603582578071,NA
56,sharp_56_rot328,sharp,landscape,1,NA,NA,frac_sd,frac_sd,0.03656163708028555,NA
57,sharp_57_rot74,sharp,landscape,1,NA,NA,frac_sd,frac_sd,0.04262199876014737,NA
58,random_58,random,landscape,1,NA,NA,frac_sd,frac_sd,0.36890322290700517,NA
59,sharp_59_rot291,sharp,landscape,1,NA,NA,frac_sd,frac_sd,0.0142179855608376,NA
60,random_60,random,landscape,1,NA,NA,frac_sd,frac_sd,0.35772984838857147,NA
61,random_61,random,landscape,1,NA,NA,frac_sd,frac_sd,0.3625584810275261,NA
62,sharp_62_rot178,sharp,landscape,1,NA,NA,frac_sd,frac_sd,0.0023887916917240924,NA
63,random_63,random,landscape,1,NA,NA,frac_sd,frac_sd,0.3235134232778356,NA
64,sharp_64_rot282,sharp,landscape,1,NA,NA,frac_sd,frac_sd,0.0833800648580111,NA
65,random_65,random,landscape,1,NA,NA,frac_sd,frac_sd,0.3544094923397761,NA
66,sharp_66_rot51,sharp,landscape,1,NA,NA,frac_sd,frac_sd,0.06658851222413173,NA
67,random_67,random,landscape,1,NA,NA,frac_sd,frac_sd,0.3429345095983447,NA
68,sharp_68_rot332,sharp,landscape,1,NA,NA,frac_sd,frac_sd,0.03321559587418891,NA
69,random_69,random,landscape,1,NA,NA,frac_sd,frac_sd,0.3592332778913162,NA
70,random_70,random,landscape,1,NA,NA,frac_sd,frac_sd,0.2759431011017326,NA
71,random_71,random,landscape,1,NA,NA,frac_sd,frac_sd,0.32423577610923693,NA
72,random_72,random,landscape,1,NA,NA,frac_sd,frac_sd,0.2986621918303312,NA
73,sharp_73_rot288,sharp,landscape,1,NA,NA,frac_sd,frac_sd,0.022675231092453597,NA
74,sharp_74_rot285,sharp,landscape,1,NA,NA,frac_sd,frac_sd,0.04279539748780866,NA
75,sharp_75_rot69,sharp,landscape,1,NA,NA,frac_sd,frac_sd,0.04288174799284734,NA
76,random_76,random,landscape,1,NA,NA,frac_sd,frac_sd,0.3423964010102548,NA
77,random_77,random,landscape,1,NA,NA,frac_sd,frac_sd,0.3298325870192622,NA
78,random_78,random,landscape,1,NA,NA,frac_sd,frac_sd,0.3649126618343843,NA
79,random_79,random,landscape,1,NA,NA,frac_sd,frac_sd,0.3221370827716576,NA
80,sharp_80_rot260,sharp,landscape,1,NA,NA,frac_sd,frac_sd,0.08599631963781743,NA
81,sharp_81_rot193,sharp,landscape,1,NA,NA,frac_sd,frac_sd,0.06479879026529377,NA
82,random_82,random,landscape,1,NA,NA,frac_sd,frac_sd,0.31479549216945246,NA
83,random_83,random,landscape,1,NA,NA,frac_sd,frac_sd,0.34258557859978206,NA
84,sharp_84_rot19,sharp,landscape,1,NA,NA,frac_sd,frac_sd,0.0984351945613021,NA
85,random_85,random,landscape,1,NA,NA,frac_sd,frac_sd,0.3293266307064117,NA
86,sharp_86_rot322,sharp,landscape,1,NA,NA,frac_sd,frac_sd,0.007372881588697926,NA
87,random_87,random,landscape,1,NA,NA,frac_sd,frac_sd,0.3429009879103143,NA
88,sharp_88_rot76,sharp,landscape,1,NA,NA,frac_sd,frac_sd,0.027499680380534432,NA
89,sharp_89_rot22,sharp,landscape,1,NA,NA,frac_sd,frac_sd,0.00917037212918964,NA
90,sharp_90_rot226,sharp,landscape,1,NA,NA,frac_sd,frac_sd,0.06218455234901273,NA
91,sharp_91_rot271,sharp,landscape,1,NA,NA,frac_sd,frac_sd,0.06224614436545204,NA
92,random_92,random,landscape,1,NA,NA,frac_sd,frac_sd,0.3347539643152483,NA
93,sharp_93_rot226,sharp,landscape,1,NA,NA,frac_sd,frac_sd,0.026931702533154144,NA
94,random_94,random,landscape,1,NA,NA,frac_sd,frac_sd,0.36371209156323414,NA
95,sharp_95_rot353,sharp,landscape,1,NA,NA,frac_sd,frac_sd,0.019629391637549804,NA
96,sharp_96_rot338,sharp,landscape,1,NA,NA,frac_sd,frac_sd,0.029625979493947883,NA
97,sharp_97_rot301,sharp,landscape,1,NA,NA,frac_sd,frac_sd,0.05976965779635188,NA
98,random_98,random,landscape,1,NA,NA,frac_sd,frac_sd,0.2818602474098976,NA
99,sharp_99_rot291,sharp,landscape,1,NA,NA,frac_sd,frac_sd,0.08518823262213193,NA
100,random_100,random,landscape,1,NA,NA,frac_sd,frac_sd,0.36529085251382964,NA
1,random_1,random,landscape,1,NA,NA,gyrate_cv,gyrate_cv,297.7790357804772,NA
2,sharp_2_rot108,sharp,landscape,1,NA,NA,gyrate_cv,gyrate_cv,36.97126998705582,NA
3,random_3,random,landscape,1,NA,NA,gyrate_cv,gyrate_cv,315.14306142075884,NA
4,sharp_4_rot87,sharp,landscape,1,NA,NA,gyrate_cv,gyrate_cv,13.735734148069115,NA
5,sharp_5_rot329,sharp,landscape,1,NA,NA,gyrate_cv,gyrate_cv,32.50471653755996,NA
6,random_6,random,landscape,1,NA,NA,gyrate_cv,gyrate_cv,362.79022426552467,NA
7,sharp_7_rot144,sharp,landscape,1,NA,NA,gyrate_cv,gyrate_cv,17.512817103690963,NA
8,sharp_8_rot184,sharp,landscape,1,NA,NA,gyrate_cv,gyrate_cv,6.98556758205188,NA
9,sharp_9_rot64,sharp,landscape,1,NA,NA,gyrate_cv,gyrate_cv,8.90197496094658,NA
10,random_10,random,landscape,1,NA,NA,gyrate_cv,gyrate_cv,316.65375721303326,NA
11,random_11,random,landscape,1,NA,NA,gyrate_cv,gyrate_cv,313.05775063602493,NA
12,sharp_12_rot167,sharp,landscape,1,NA,NA,gyrate_cv,gyrate_cv,20.490761075652003,NA
13,random_13,random,landscape,1,NA,NA,gyrate_cv,gyrate_cv,252.4173376531929,NA
14,random_14,random,landscape,1,NA,NA,gyrate_cv,gyrate_cv,436.61341684073454,NA
15,random_15,random,landscape,1,NA,NA,gyrate_cv,gyrate_cv,225.97381957858818,NA
16,random_16,random,landscape,1,NA,NA,gyrate_cv,gyrate_cv,252.28156830760815,NA
17,random_17,random,landscape,1,NA,NA,gyrate_cv,gyrate_cv,407.82727010902767,NA
18,random_18,random,landscape,1,NA,NA,gyrate_cv,gyrate_cv,354.9771871090502,NA
19,sharp_19_rot112,sharp,landscape,1,NA,NA,gyrate_cv,gyrate_cv,1.770054369974454,NA
20,random_20,random,landscape,1,NA,NA,gyrate_cv,gyrate_cv,282.9240906755147,NA
21,random_21,random,landscape,1,NA,NA,gyrate_cv,gyrate_cv,365.5702536615102,NA
22,random_22,random,landscape,1,NA,NA,gyrate_cv,gyrate_cv,270.0144941699799,NA
23,sharp_23_rot279,sharp,landscape,1,NA,NA,gyrate_cv,gyrate_cv,20.42166479696036,NA
24,random_24,random,landscape,1,NA,NA,gyrate_cv,gyrate_cv,263.06060542484954,NA
25,random_25,random,landscape,1,NA,NA,gyrate_cv,gyrate_cv,318.6813909504279,NA
26,random_26,random,landscape,1,NA,NA,gyrate_cv,gyrate_cv,419.97453314997114,NA
27,sharp_27_rot305,sharp,landscape,1,NA,NA,gyrate_cv,gyrate_cv,50.609906247552914,NA
28,random_28,random,landscape,1,NA,NA,gyrate_cv,gyrate_cv,422.33484690354686,NA
29,sharp_29_rot195,sharp,landscape,1,NA,NA,gyrate_cv,gyrate_cv,38.81461082331493,NA
30,sharp_30_rot81,sharp,landscape,1,NA,NA,gyrate_cv,gyrate_cv,2.886998847307961,NA
31,sharp_31_rot308,sharp,landscape,1,NA,NA,gyrate_cv,gyrate_cv,62.34702151111715,NA
32,random_32,random,landscape,1,NA,NA,gyrate_cv,gyrate_cv,411.64367276823697,NA
33,sharp_33_rot300,sharp,landscape,1,NA,NA,gyrate_cv,gyrate_cv,28.02100271903753,NA
34,sharp_34_rot273,sharp,landscape,1,NA,NA,gyrate_cv,gyrate_cv,8.358509707022929,NA
35,random_35,random,landscape,1,NA,NA,gyrate_cv,gyrate_cv,440.5044519516442,NA
36,random_36,random,landscape,1,NA,NA,gyrate_cv,gyrate_cv,224.3354592344987,NA
37,random_37,random,landscape,1,NA,NA,gyrate_cv,gyrate_cv,196.7059729857341,NA
38,sharp_38_rot249,sharp,landscape,1,NA,NA,gyrate_cv,gyrate_cv,12.419694574798765,NA
39,sharp_39_rot66,sharp,landscape,1,NA,NA,gyrate_cv,gyrate_cv,34.91075947802209,NA
40,sharp_40_rot331,sharp,landscape,1,NA,NA,gyrate_cv,gyrate_cv,6.291968219085139,NA
41,sharp_41_rot185,sharp,landscape,1,NA,NA,gyrate_cv,gyrate_cv,19.829222991822657,NA
42,random_42,random,landscape,1,NA,NA,gyrate_cv,gyrate_cv,231.56230192408293,NA
43,random_43,random,landscape,1,NA,NA,gyrate_cv,gyrate_cv,271.8197247452051,NA
44,random_44,random,landscape,1,NA,NA,gyrate_cv,gyrate_cv,326.91964994723514,NA
45,sharp_45_rot260,sharp,landscape,1,NA,NA,gyrate_cv,gyrate_cv,24.353717888448955,NA
46,random_46,random,landscape,1,NA,NA,gyrate_cv,gyrate_cv,508.1609179870425,NA
47,sharp_47_rot311,sharp,landscape,1,NA,NA,gyrate_cv,gyrate_cv,70.60381319981968,NA
48,random_48,random,landscape,1,NA,NA,gyrate_cv,gyrate_cv,259.83500315124337,NA
49,sharp_49_rot290,sharp,landscape,1,NA,NA,gyrate_cv,gyrate_cv,52.60359570745396,NA
50,sharp_50_rot26,sharp,landscape,1,NA,NA,gyrate_cv,gyrate_cv,19.400794851132876,NA
51,sharp_51_rot174,sharp,landscape,1,NA,NA,gyrate_cv,gyrate_cv,2.8433615035619964,NA
52,sharp_52_rot258,sharp,landscape,1,NA,NA,gyrate_cv,gyrate_cv,5.191407499359413,NA
53,sharp_53_rot89,sharp,landscape,1,NA,NA,gyrate_cv,gyrate_cv,0.6975415069003514,NA
54,sharp_54_rot216,sharp,landscape,1,NA,NA,gyrate_cv,gyrate_cv,74.14862693260338,NA
55,random_55,random,landscape,1,NA,NA,gyrate_cv,gyrate_cv,258.35083689864626,NA
56,sharp_56_rot328,sharp,landscape,1,NA,NA,gyrate_cv,gyrate_cv,22.98931918045033,NA
57,sharp_57_rot74,sharp,landscape,1,NA,NA,gyrate_cv,gyrate_cv,19.142191562204776,NA
58,random_58,random,landscape,1,NA,NA,gyrate_cv,gyrate_cv,257.9499519082825,NA
59,sharp_59_rot291,sharp,landscape,1,NA,NA,gyrate_cv,gyrate_cv,6.917142377484903,NA
60,random_60,random,landscape,1,NA,NA,gyrate_cv,gyrate_cv,200.02123900464804,NA
61,random_61,random,landscape,1,NA,NA,gyrate_cv,gyrate_cv,412.9875291855009,NA
62,sharp_62_rot178,sharp,landscape,1,NA,NA,gyrate_cv,gyrate_cv,1.3960844424804981,NA
63,random_63,random,landscape,1,NA,NA,gyrate_cv,gyrate_cv,364.92999822058454,NA
64,sharp_64_rot282,sharp,landscape,1,NA,NA,gyrate_cv,gyrate_cv,28.805513509093174,NA
65,random_65,random,landscape,1,NA,NA,gyrate_cv,gyrate_cv,272.9287050877589,NA
66,sharp_66_rot51,sharp,landscape,1,NA,NA,gyrate_cv,gyrate_cv,70.42128939959467,NA
67,random_67,random,landscape,1,NA,NA,gyrate_cv,gyrate_cv,295.6113833921881,NA
68,sharp_68_rot332,sharp,landscape,1,NA,NA,gyrate_cv,gyrate_cv,17.98990577724589,NA
69,random_69,random,landscape,1,NA,NA,gyrate_cv,gyrate_cv,256.6269249691443,NA
70,random_70,random,landscape,1,NA,NA,gyrate_cv,gyrate_cv,432.1759008022583,NA
71,random_71,random,landscape,1,NA,NA,gyrate_cv,gyrate_cv,306.1725116436371,NA
72,random_72,random,landscape,1,NA,NA,gyrate_cv,gyrate_cv,424.97504988251524,NA
73,sharp_73_rot288,sharp,landscape,1,NA,NA,gyrate_cv,gyrate_cv,11.622751541760662,NA
74,sharp_74_rot285,sharp,landscape,1,NA,NA,gyrate_cv,gyrate_cv,18.650584414007433,NA
75,sharp_75_rot69,sharp,landscape,1,NA,NA,gyrate_cv,gyrate_cv,21.06209195896479,NA
76,random_76,random,landscape,1,NA,NA,gyrate_cv,gyrate_cv,295.58134766783013,NA
77,random_77,random,landscape,1,NA,NA,gyrate_cv,gyrate_cv,262.70817801040465,NA
78,random_78,random,landscape,1,NA,NA,gyrate_cv,gyrate_cv,232.47470155652255,NA
79,random_79,random,landscape,1,NA,NA,gyrate_cv,gyrate_cv,230.0061090974615,NA
80,sharp_80_rot260,sharp,landscape,1,NA,NA,gyrate_cv,gyrate_cv,27.92696890356113,NA
81,sharp_81_rot193,sharp,landscape,1,NA,NA,gyrate_cv,gyrate_cv,24.646033366051483,NA
82,random_82,random,landscape,1,NA,NA,gyrate_cv,gyrate_cv,393.59081911175656,NA
83,random_83,random,landscape,1,NA,NA,gyrate_cv,gyrate_cv,419.93846203441166,NA
84,sharp_84_rot19,sharp,landscape,1,NA,NA,gyrate_cv,gyrate_cv,70.7398501257273,NA
85,random_85,random,landscape,1,NA,NA,gyrate_cv,gyrate_cv,462.9267312338028,NA
86,sharp_86_rot322,sharp,landscape,1,NA,NA,gyrate_cv,gyrate_cv,4.36132455309449,NA
87,random_87,random,landscape,1,NA,NA,gyrate_cv,gyrate_cv,203.39346461429741,NA
88,sharp_88_rot76,sharp,landscape,1,NA,NA,gyrate_cv,gyrate_cv,13.158530397794161,NA
89,sharp_89_rot22,sharp,landscape,1,NA,NA,gyrate_cv,gyrate_cv,4.4476983864921955,NA
90,sharp_90_rot226,sharp,landscape,1,NA,NA,gyrate_cv,gyrate_cv,70.36725731725369,NA
91,sharp_91_rot271,sharp,landscape,1,NA,NA,gyrate_cv,gyrate_cv,21.082516959486256,NA
92,random_92,random,landscape,1,NA,NA,gyrate_cv,gyrate_cv,240.8673301653961,NA
93,sharp_93_rot226,sharp,landscape,1,NA,NA,gyrate_cv,gyrate_cv,22.12250389277027,NA
94,random_94,random,landscape,1,NA,NA,gyrate_cv,gyrate_cv,250.1064387648321,NA
95,sharp_95_rot353,sharp,landscape,1,NA,NA,gyrate_cv,gyrate_cv,9.884353575551765,NA
96,sharp_96_rot338,sharp,landscape,1,NA,NA,gyrate_cv,gyrate_cv,14.778710026021452,NA
97,sharp_97_rot301,sharp,landscape,1,NA,NA,gyrate_cv,gyrate_cv,52.517248404706784,NA
98,random_98,random,landscape,1,NA,NA,gyrate_cv,gyrate_cv,446.7491630714354,NA
99,sharp_99_rot291,sharp,landscape,1,NA,NA,gyrate_cv,gyrate_cv,58.60142765341987,NA
100,random_100,random,landscape,1,NA,NA,gyrate_cv,gyrate_cv,227.79372414445209,NA
1,random_1,random,landscape,1,NA,NA,gyrate_mn,gyrate_mn,0.497890168444749,NA
2,sharp_2_rot108,sharp,landscape,1,NA,NA,gyrate_mn,gyrate_mn,28.30117543466444,NA
3,random_3,random,landscape,1,NA,NA,gyrate_mn,gyrate_mn,0.46919306614928524,NA
4,sharp_4_rot87,sharp,landscape,1,NA,NA,gyrate_mn,gyrate_mn,29.93285457672097,NA
5,sharp_5_rot329,sharp,landscape,1,NA,NA,gyrate_mn,gyrate_mn,28.262194013677888,NA
6,random_6,random,landscape,1,NA,NA,gyrate_mn,gyrate_mn,1.1892149768814526,NA
7,sharp_7_rot144,sharp,landscape,1,NA,NA,gyrate_mn,gyrate_mn,29.45272541958012,NA
8,sharp_8_rot184,sharp,landscape,1,NA,NA,gyrate_mn,gyrate_mn,29.73197638915022,NA
9,sharp_9_rot64,sharp,landscape,1,NA,NA,gyrate_mn,gyrate_mn,29.797668412220833,NA
10,random_10,random,landscape,1,NA,NA,gyrate_mn,gyrate_mn,1.246224083662161,NA
11,random_11,random,landscape,1,NA,NA,gyrate_mn,gyrate_mn,0.47087546924829377,NA
12,sharp_12_rot167,sharp,landscape,1,NA,NA,gyrate_mn,gyrate_mn,29.80482332833386,NA
13,random_13,random,landscape,1,NA,NA,gyrate_mn,gyrate_mn,0.6281939214411274,NA
14,random_14,random,landscape,1,NA,NA,gyrate_mn,gyrate_mn,1.158112215438693,NA
15,random_15,random,landscape,1,NA,NA,gyrate_mn,gyrate_mn,0.7627882307234147,NA
16,random_16,random,landscape,1,NA,NA,gyrate_mn,gyrate_mn,1.5867622527825807,NA
17,random_17,random,landscape,1,NA,NA,gyrate_mn,gyrate_mn,1.278776636202913,NA
18,random_18,random,landscape,1,NA,NA,gyrate_mn,gyrate_mn,0.40653896287233054,NA
19,sharp_19_rot112,sharp,landscape,1,NA,NA,gyrate_mn,gyrate_mn,29.81758262870401,NA
20,random_20,random,landscape,1,NA,NA,gyrate_mn,gyrate_mn,0.5412200514526598,NA
21,random_21,random,landscape,1,NA,NA,gyrate_mn,gyrate_mn,0.40165047994557274,NA
22,random_22,random,landscape,1,NA,NA,gyrate_mn,gyrate_mn,0.5675352002109649,NA
23,sharp_23_rot279,sharp,landscape,1,NA,NA,gyrate_mn,gyrate_mn,30.010651697351154,NA
24,random_24,random,landscape,1,NA,NA,gyrate_mn,gyrate_mn,1.382591496335535,NA
25,random_25,random,landscape,1,NA,NA,gyrate_mn,gyrate_mn,0.46201305590801445,NA
26,random_26,random,landscape,1,NA,NA,gyrate_mn,gyrate_mn,0.3490565627064675,NA
27,sharp_27_rot305,sharp,landscape,1,NA,NA,gyrate_mn,gyrate_mn,26.427475694385627,NA
28,random_28,random,landscape,1,NA,NA,gyrate_mn,gyrate_mn,1.2677301636427671,NA
29,sharp_29_rot195,sharp,landscape,1,NA,NA,gyrate_mn,gyrate_mn,28.30383573036007,NA
30,sharp_30_rot81,sharp,landscape,1,NA,NA,gyrate_mn,gyrate_mn,29.696617365749333,NA
31,sharp_31_rot308,sharp,landscape,1,NA,NA,gyrate_mn,gyrate_mn,25.276362407866262,NA
32,random_32,random,landscape,1,NA,NA,gyrate_mn,gyrate_mn,1.0997295784414296,NA
33,sharp_33_rot300,sharp,landscape,1,NA,NA,gyrate_mn,gyrate_mn,28.68252723651806,NA
34,sharp_34_rot273,sharp,landscape,1,NA,NA,gyrate_mn,gyrate_mn,29.759771286839346,NA
35,random_35,random,landscape,1,NA,NA,gyrate_mn,gyrate_mn,0.3421272028954454,NA
36,random_36,random,landscape,1,NA,NA,gyrate_mn,gyrate_mn,0.7631311921262124,NA
37,random_37,random,landscape,1,NA,NA,gyrate_mn,gyrate_mn,1.1340578096085077,NA
38,sharp_38_rot249,sharp,landscape,1,NA,NA,gyrate_mn,gyrate_mn,29.727610952095173,NA
39,sharp_39_rot66,sharp,landscape,1,NA,NA,gyrate_mn,gyrate_mn,28.218260791819628,NA
40,sharp_40_rot331,sharp,landscape,1,NA,NA,gyrate_mn,gyrate_mn,29.875877186973778,NA
41,sharp_41_rot185,sharp,landscape,1,NA,NA,gyrate_mn,gyrate_mn,30.189646107218273,NA
42,random_42,random,landscape,1,NA,NA,gyrate_mn,gyrate_mn,1.416676648866888,NA
43,random_43,random,landscape,1,NA,NA,gyrate_mn,gyrate_mn,1.3520514802013144,NA
44,random_44,random,landscape,1,NA,NA,gyrate_mn,gyrate_mn,1.295796066783777,NA
45,sharp_45_rot260,sharp,landscape,1,NA,NA,gyrate_mn,gyrate_mn,29.93599441146725,NA
46,random_46,random,landscape,1,NA,NA,gyrate_mn,gyrate_mn,0.31127537647806075,NA
47,sharp_47_rot311,sharp,landscape,1,NA,NA,gyrate_mn,gyrate_mn,24.5075949161635,NA
48,random_48,random,landscape,1,NA,NA,gyrate_mn,gyrate_mn,1.2408487097419696,NA
49,sharp_49_rot290,sharp,landscape,1,NA,NA,gyrate_mn,gyrate_mn,26.572674439977312,NA
50,sharp_50_rot26,sharp,landscape,1,NA,NA,gyrate_mn,gyrate_mn,29.404109477694117,NA
51,sharp_51_rot174,sharp,landscape,1,NA,NA,gyrate_mn,gyrate_mn,29.681902359508307,NA
52,sharp_52_rot258,sharp,landscape,1,NA,NA,gyrate_mn,gyrate_mn,29.729251530399132,NA
53,sharp_53_rot89,sharp,landscape,1,NA,NA,gyrate_mn,gyrate_mn,29.66131949936984,NA
54,sharp_54_rot216,sharp,landscape,1,NA,NA,gyrate_mn,gyrate_mn,24.2207011437071,NA
55,random_55,random,landscape,1,NA,NA,gyrate_mn,gyrate_mn,0.5927352299670363,NA
56,sharp_56_rot328,sharp,landscape,1,NA,NA,gyrate_mn,gyrate_mn,29.07027734895823,NA
57,sharp_57_rot74,sharp,landscape,1,NA,NA,gyrate_mn,gyrate_mn,29.70074201020853,NA
58,random_58,random,landscape,1,NA,NA,gyrate_mn,gyrate_mn,0.6058361393019476,NA
59,sharp_59_rot291,sharp,landscape,1,NA,NA,gyrate_mn,gyrate_mn,29.78821341621171,NA
60,random_60,random,landscape,1,NA,NA,gyrate_mn,gyrate_mn,1.0258996008687433,NA
61,random_61,random,landscape,1,NA,NA,gyrate_mn,gyrate_mn,0.36077646313382683,NA
62,sharp_62_rot178,sharp,landscape,1,NA,NA,gyrate_mn,gyrate_mn,29.664377595709126,NA
63,random_63,random,landscape,1,NA,NA,gyrate_mn,gyrate_mn,1.1570428338695509,NA
64,sharp_64_rot282,sharp,landscape,1,NA,NA,gyrate_mn,gyrate_mn,29.52732204441044,NA
65,random_65,random,landscape,1,NA,NA,gyrate_mn,gyrate_mn,0.5552229912805439,NA
66,sharp_66_rot51,sharp,landscape,1,NA,NA,gyrate_mn,gyrate_mn,24.53166254293078,NA
67,random_67,random,landscape,1,NA,NA,gyrate_mn,gyrate_mn,1.2872177104386064,NA
68,sharp_68_rot332,sharp,landscape,1,NA,NA,gyrate_mn,gyrate_mn,29.455711531731083,NA
69,random_69,random,landscape,1,NA,NA,gyrate_mn,gyrate_mn,0.6257510858495013,NA
70,random_70,random,landscape,1,NA,NA,gyrate_mn,gyrate_mn,1.1326992594955387,NA
71,random_71,random,landscape,1,NA,NA,gyrate_mn,gyrate_mn,1.453700139543655,NA
72,random_72,random,landscape,1,NA,NA,gyrate_mn,gyrate_mn,1.2619995258244574,NA
73,sharp_73_rot288,sharp,landscape,1,NA,NA,gyrate_mn,gyrate_mn,29.756885165174765,NA
74,sharp_74_rot285,sharp,landscape,1,NA,NA,gyrate_mn,gyrate_mn,29.746865071974078,NA
75,sharp_75_rot69,sharp,landscape,1,NA,NA,gyrate_mn,gyrate_mn,29.442087465164,NA
76,random_76,random,landscape,1,NA,NA,gyrate_mn,gyrate_mn,1.3528562957549308,NA
77,random_77,random,landscape,1,NA,NA,gyrate_mn,gyrate_mn,1.3458552784159654,NA
78,random_78,random,landscape,1,NA,NA,gyrate_mn,gyrate_mn,0.6917285215269149,NA
79,random_79,random,landscape,1,NA,NA,gyrate_mn,gyrate_mn,1.3262262741472521,NA
80,sharp_80_rot260,sharp,landscape,1,NA,NA,gyrate_mn,gyrate_mn,29.76861660767692,NA
81,sharp_81_rot193,sharp,landscape,1,NA,NA,gyrate_mn,gyrate_mn,29.680901686564,NA
82,random_82,random,landscape,1,NA,NA,gyrate_mn,gyrate_mn,1.2771231786465993,NA
83,random_83,random,landscape,1,NA,NA,gyrate_mn,gyrate_mn,0.3561385267312415,NA
84,sharp_84_rot19,sharp,landscape,1,NA,NA,gyrate_mn,gyrate_mn,24.78437112075166,NA
85,random_85,random,landscape,1,NA,NA,gyrate_mn,gyrate_mn,1.1334431849666373,NA
86,sharp_86_rot322,sharp,landscape,1,NA,NA,gyrate_mn,gyrate_mn,30.04014352435006,NA
87,random_87,random,landscape,1,NA,NA,gyrate_mn,gyrate_mn,1.1345798283767718,NA
88,sharp_88_rot76,sharp,landscape,1,NA,NA,gyrate_mn,gyrate_mn,29.7940623646905,NA
89,sharp_89_rot22,sharp,landscape,1,NA,NA,gyrate_mn,gyrate_mn,29.810603310298603,NA
90,sharp_90_rot226,sharp,landscape,1,NA,NA,gyrate_mn,gyrate_mn,24.524766510828467,NA
91,sharp_91_rot271,sharp,landscape,1,NA,NA,gyrate_mn,gyrate_mn,30.391001133447297,NA
92,random_92,random,landscape,1,NA,NA,gyrate_mn,gyrate_mn,1.2785949237116814,NA
93,sharp_93_rot226,sharp,landscape,1,NA,NA,gyrate_mn,gyrate_mn,29.123867539697347,NA
94,random_94,random,landscape,1,NA,NA,gyrate_mn,gyrate_mn,1.3643135403802586,NA
95,sharp_95_rot353,sharp,landscape,1,NA,NA,gyrate_mn,gyrate_mn,29.795176381657434,NA
96,sharp_96_rot338,sharp,landscape,1,NA,NA,gyrate_mn,gyrate_mn,29.665579092933,NA
97,sharp_97_rot301,sharp,landscape,1,NA,NA,gyrate_mn,gyrate_mn,26.295656174858394,NA
98,random_98,random,landscape,1,NA,NA,gyrate_mn,gyrate_mn,1.275277558525444,NA
99,sharp_99_rot291,sharp,landscape,1,NA,NA,gyrate_mn,gyrate_mn,25.926980810048832,NA
100,random_100,random,landscape,1,NA,NA,gyrate_mn,gyrate_mn,0.7737573200156053,NA
1,random_1,random,landscape,1,NA,NA,gyrate_sd,gyrate_sd,1.4826125428405674,NA
2,sharp_2_rot108,sharp,landscape,1,NA,NA,gyrate_sd,gyrate_sd,10.46330397946011,NA
3,random_3,random,landscape,1,NA,NA,gyrate_sd,gyrate_sd,1.4786293926367835,NA
4,sharp_4_rot87,sharp,landscape,1,NA,NA,gyrate_sd,gyrate_sd,4.111497327586531,NA
5,sharp_5_rot329,sharp,landscape,1,NA,NA,gyrate_sd,gyrate_sd,9.186546051441237,NA
6,random_6,random,landscape,1,NA,NA,gyrate_sd,gyrate_sd,4.314355681627429,NA
7,sharp_7_rot144,sharp,landscape,1,NA,NA,gyrate_sd,gyrate_sd,5.158001934783363,NA
8,sharp_8_rot184,sharp,landscape,1,NA,NA,gyrate_sd,gyrate_sd,2.076947304143797,NA
9,sharp_9_rot64,sharp,landscape,1,NA,NA,gyrate_sd,gyrate_sd,2.6525809810017873,NA
10,random_10,random,landscape,1,NA,NA,gyrate_sd,gyrate_sd,3.9462153842099275,NA
11,random_11,random,landscape,1,NA,NA,gyrate_sd,gyrate_sd,1.4741121523255358,NA
12,sharp_12_rot167,sharp,landscape,1,NA,NA,gyrate_sd,gyrate_sd,6.1072351372290825,NA
13,random_13,random,landscape,1,NA,NA,gyrate_sd,gyrate_sd,1.585670371800884,NA
14,random_14,random,landscape,1,NA,NA,gyrate_sd,gyrate_sd,5.056473314676806,NA
15,random_15,random,landscape,1,NA,NA,gyrate_sd,gyrate_sd,1.7237017002616342,NA
16,random_16,random,landscape,1,NA,NA,gyrate_sd,gyrate_sd,4.003108696633028,NA
17,random_17,random,landscape,1,NA,NA,gyrate_sd,gyrate_sd,5.2151998462183915,NA
18,random_18,random,landscape,1,NA,NA,gyrate_sd,gyrate_sd,1.443120574906505,NA
19,sharp_19_rot112,sharp,landscape,1,NA,NA,gyrate_sd,gyrate_sd,0.5277874243401189,NA
20,random_20,random,landscape,1,NA,NA,gyrate_sd,gyrate_sd,1.5312419091259908,NA
21,random_21,random,landscape,1,NA,NA,gyrate_sd,gyrate_sd,1.4683146783697034,NA
22,random_22,random,landscape,1,NA,NA,gyrate_sd,gyrate_sd,1.5324273000862199,NA
23,sharp_23_rot279,sharp,landscape,1,NA,NA,gyrate_sd,gyrate_sd,6.128674693016348,NA
24,random_24,random,landscape,1,NA,NA,gyrate_sd,gyrate_sd,3.6370535608127454,NA
25,random_25,random,landscape,1,NA,NA,gyrate_sd,gyrate_sd,1.4723496329402386,NA
26,random_26,random,landscape,1,NA,NA,gyrate_sd,gyrate_sd,1.4659486696558233,NA
27,sharp_27_rot305,sharp,landscape,1,NA,NA,gyrate_sd,gyrate_sd,13.3749206725234,NA
28,random_28,random,landscape,1,NA,NA,gyrate_sd,gyrate_sd,5.354066245770765,NA
29,sharp_29_rot195,sharp,landscape,1,NA,NA,gyrate_sd,gyrate_sd,10.986023686809617,NA
30,sharp_30_rot81,sharp,landscape,1,NA,NA,gyrate_sd,gyrate_sd,0.857341001038639,NA
31,sharp_31_rot308,sharp,landscape,1,NA,NA,gyrate_sd,gyrate_sd,15.759059107660308,NA
32,random_32,random,landscape,1,NA,NA,gyrate_sd,gyrate_sd,4.526967227214951,NA
33,sharp_33_rot300,sharp,landscape,1,NA,NA,gyrate_sd,gyrate_sd,8.037131736833405,NA
34,sharp_34_rot273,sharp,landscape,1,NA,NA,gyrate_sd,gyrate_sd,2.487473371798289,NA
35,random_35,random,landscape,1,NA,NA,gyrate_sd,gyrate_sd,1.5070855600920718,NA
36,random_36,random,landscape,1,NA,NA,gyrate_sd,gyrate_sd,1.7119738644180431,NA
37,random_37,random,landscape,1,NA,NA,gyrate_sd,gyrate_sd,2.230759448611119,NA
38,sharp_38_rot249,sharp,landscape,1,NA,NA,gyrate_sd,gyrate_sd,3.6920784846346475,NA
39,sharp_39_rot66,sharp,landscape,1,NA,NA,gyrate_sd,gyrate_sd,9.85120915391316,NA
40,sharp_40_rot331,sharp,landscape,1,NA,NA,gyrate_sd,gyrate_sd,1.8797806977772975,NA
41,sharp_41_rot185,sharp,landscape,1,NA,NA,gyrate_sd,gyrate_sd,5.98637224704242,NA
42,random_42,random,landscape,1,NA,NA,gyrate_sd,gyrate_sd,3.2804890589371234,NA
43,random_43,random,landscape,1,NA,NA,gyrate_sd,gyrate_sd,3.6751426118966846,NA
44,random_44,random,landscape,1,NA,NA,gyrate_sd,gyrate_sd,4.236211965559565,NA
45,sharp_45_rot260,sharp,landscape,1,NA,NA,gyrate_sd,gyrate_sd,7.290527626070579,NA
46,random_46,random,landscape,1,NA,NA,gyrate_sd,gyrate_sd,1.5817798105785363,NA
47,sharp_47_rot311,sharp,landscape,1,NA,NA,gyrate_sd,gyrate_sd,17.303296534376585,NA
48,random_48,random,landscape,1,NA,NA,gyrate_sd,gyrate_sd,3.2241592840602094,NA
49,sharp_49_rot290,sharp,landscape,1,NA,NA,gyrate_sd,gyrate_sd,13.978182231063624,NA
50,sharp_50_rot26,sharp,landscape,1,NA,NA,gyrate_sd,gyrate_sd,5.704630957569954,NA
51,sharp_51_rot174,sharp,landscape,1,NA,NA,gyrate_sd,gyrate_sd,0.84396378521511906,NA
52,sharp_52_rot258,sharp,landscape,1,NA,NA,gyrate_sd,gyrate_sd,1.5433665934525638,NA
53,sharp_53_rot89,sharp,landscape,1,NA,NA,gyrate_sd,gyrate_sd,0.20690001500243216,NA
54,sharp_54_rot216,sharp,landscape,1,NA,NA,gyrate_sd,gyrate_sd,17.959317331508178,NA
55,random_55,random,landscape,1,NA,NA,gyrate_sd,gyrate_sd,1.5313364272129537,NA
56,sharp_56_rot328,sharp,landscape,1,NA,NA,gyrate_sd,gyrate_sd,6.683058846394162,NA
57,sharp_57_rot74,sharp,landscape,1,NA,NA,gyrate_sd,gyrate_sd,5.685372930990346,NA
58,random_58,random,landscape,1,NA,NA,gyrate_sd,gyrate_sd,1.5627540299723695,NA
59,sharp_59_rot291,sharp,landscape,1,NA,NA,gyrate_sd,gyrate_sd,2.0604931337084236,NA
60,random_60,random,landscape,1,NA,NA,gyrate_sd,gyrate_sd,2.052017092601399,NA
61,random_61,random,landscape,1,NA,NA,gyrate_sd,gyrate_sd,1.489961800979231,NA
62,sharp_62_rot178,sharp,landscape,1,NA,NA,gyrate_sd,gyrate_sd,0.41413976057236557,NA
63,random_63,random,landscape,1,NA,NA,gyrate_sd,gyrate_sd,4.222396393051553,NA
64,sharp_64_rot282,sharp,landscape,1,NA,NA,gyrate_sd,gyrate_sd,8.505496740376095,NA
65,random_65,random,landscape,1,NA,NA,gyrate_sd,gyrate_sd,1.5153629204515089,NA
66,sharp_66_rot51,sharp,landscape,1,NA,NA,gyrate_sd,gyrate_sd,17.275513073889247,NA
67,random_67,random,landscape,1,NA,NA,gyrate_sd,gyrate_sd,3.8051620810968148,NA
68,sharp_68_rot332,sharp,landscape,1,NA,NA,gyrate_sd,gyrate_sd,5.299054750575774,NA
69,random_69,random,landscape,1,NA,NA,gyrate_sd,gyrate_sd,1.6058457695766055,NA
70,random_70,random,landscape,1,NA,NA,gyrate_sd,gyrate_sd,4.895253228105354,NA
71,random_71,random,landscape,1,NA,NA,gyrate_sd,gyrate_sd,4.450830229007866,NA
72,random_72,random,landscape,1,NA,NA,gyrate_sd,gyrate_sd,5.363183114389594,NA
73,sharp_73_rot288,sharp,landscape,1,NA,NA,gyrate_sd,gyrate_sd,3.4585688293152996,NA
74,sharp_74_rot285,sharp,landscape,1,NA,NA,gyrate_sd,gyrate_sd,5.547964180769418,NA
75,sharp_75_rot69,sharp,landscape,1,NA,NA,gyrate_sd,gyrate_sd,6.201119536551687,NA
76,random_76,random,landscape,1,NA,NA,gyrate_sd,gyrate_sd,3.9987908710015105,NA
77,random_77,random,landscape,1,NA,NA,gyrate_sd,gyrate_sd,3.535671880583442,NA
78,random_78,random,landscape,1,NA,NA,gyrate_sd,gyrate_sd,1.6080938160010412,NA
79,random_79,random,landscape,1,NA,NA,gyrate_sd,gyrate_sd,3.0504014509943276,NA
80,sharp_80_rot260,sharp,landscape,1,NA,NA,gyrate_sd,gyrate_sd,8.313472303046266,NA
81,sharp_81_rot193,sharp,landscape,1,NA,NA,gyrate_sd,gyrate_sd,7.315164933015501,NA
82,random_82,random,landscape,1,NA,NA,gyrate_sd,gyrate_sd,5.026639579901253,NA
83,random_83,random,landscape,1,NA,NA,gyrate_sd,gyrate_sd,1.4955626518671876,NA
84,sharp_84_rot19,sharp,landscape,1,NA,NA,gyrate_sd,gyrate_sd,17.532426985423765,NA
85,random_85,random,landscape,1,NA,NA,gyrate_sd,gyrate_sd,5.2470114865583595,NA
86,sharp_86_rot322,sharp,landscape,1,NA,NA,gyrate_sd,gyrate_sd,1.3101481553123038,NA
87,random_87,random,landscape,1,NA,NA,gyrate_sd,gyrate_sd,2.307661221750466,NA
88,sharp_88_rot76,sharp,landscape,1,NA,NA,gyrate_sd,gyrate_sd,3.9204607529955493,NA
89,sharp_89_rot22,sharp,landscape,1,NA,NA,gyrate_sd,gyrate_sd,1.32588572243574,NA
90,sharp_90_rot226,sharp,landscape,1,NA,NA,gyrate_sd,gyrate_sd,17.257405557130326,NA
91,sharp_91_rot271,sharp,landscape,1,NA,NA,gyrate_sd,gyrate_sd,6.407187968116687,NA
92,random_92,random,landscape,1,NA,NA,gyrate_sd,gyrate_sd,3.07971745637461,NA
93,sharp_93_rot226,sharp,landscape,1,NA,NA,gyrate_sd,gyrate_sd,6.442928730194802,NA
94,random_94,random,landscape,1,NA,NA,gyrate_sd,gyrate_sd,3.4122360094314645,NA
95,sharp_95_rot353,sharp,landscape,1,NA,NA,gyrate_sd,gyrate_sd,2.9450605820223115,NA
96,sharp_96_rot338,sharp,landscape,1,NA,NA,gyrate_sd,gyrate_sd,4.384189911684613,NA
97,sharp_97_rot301,sharp,landscape,1,NA,NA,gyrate_sd,gyrate_sd,13.809755072998001,NA
98,random_98,random,landscape,1,NA,NA,gyrate_sd,gyrate_sd,5.697291819550257,NA
99,sharp_99_rot291,sharp,landscape,1,NA,NA,gyrate_sd,gyrate_sd,15.193580902116818,NA
100,random_100,random,landscape,1,NA,NA,gyrate_sd,gyrate_sd,1.7625706151038534,NA
1,random_1,random,landscape,1,NA,NA,iji,iji,NA,"Number of classes must be >= 3, IJI = NA."
2,sharp_2_rot108,sharp,landscape,1,NA,NA,iji,iji,NA,"Number of classes must be >= 3, IJI = NA."
3,random_3,random,landscape,1,NA,NA,iji,iji,NA,"Number of classes must be >= 3, IJI = NA."
4,sharp_4_rot87,sharp,landscape,1,NA,NA,iji,iji,NA,"Number of classes must be >= 3, IJI = NA."
5,sharp_5_rot329,sharp,landscape,1,NA,NA,iji,iji,NA,"Number of classes must be >= 3, IJI = NA."
6,random_6,random,landscape,1,NA,NA,iji,iji,NA,"Number of classes must be >= 3, IJI = NA."
7,sharp_7_rot144,sharp,landscape,1,NA,NA,iji,iji,NA,"Number of classes must be >= 3, IJI = NA."
8,sharp_8_rot184,sharp,landscape,1,NA,NA,iji,iji,NA,"Number of classes must be >= 3, IJI = NA."
9,sharp_9_rot64,sharp,landscape,1,NA,NA,iji,iji,NA,"Number of classes must be >= 3, IJI = NA."
10,random_10,random,landscape,1,NA,NA,iji,iji,NA,"Number of classes must be >= 3, IJI = NA."
11,random_11,random,landscape,1,NA,NA,iji,iji,NA,"Number of classes must be >= 3, IJI = NA."
12,sharp_12_rot167,sharp,landscape,1,NA,NA,iji,iji,NA,"Number of classes must be >= 3, IJI = NA."
13,random_13,random,landscape,1,NA,NA,iji,iji,NA,"Number of classes must be >= 3, IJI = NA."
14,random_14,random,landscape,1,NA,NA,iji,iji,NA,"Number of classes must be >= 3, IJI = NA."
15,random_15,random,landscape,1,NA,NA,iji,iji,NA,"Number of classes must be >= 3, IJI = NA."
16,random_16,random,landscape,1,NA,NA,iji,iji,NA,"Number of classes must be >= 3, IJI = NA."
17,random_17,random,landscape,1,NA,NA,iji,iji,NA,"Number of classes must be >= 3, IJI = NA."
18,random_18,random,landscape,1,NA,NA,iji,iji,NA,"Number of classes must be >= 3, IJI = NA."
19,sharp_19_rot112,sharp,landscape,1,NA,NA,iji,iji,NA,"Number of classes must be >= 3, IJI = NA."
20,random_20,random,landscape,1,NA,NA,iji,iji,NA,"Number of classes must be >= 3, IJI = NA."
21,random_21,random,landscape,1,NA,NA,iji,iji,NA,"Number of classes must be >= 3, IJI = NA."
22,random_22,random,landscape,1,NA,NA,iji,iji,NA,"Number of classes must be >= 3, IJI = NA."
23,sharp_23_rot279,sharp,landscape,1,NA,NA,iji,iji,NA,"Number of classes must be >= 3, IJI = NA."
24,random_24,random,landscape,1,NA,NA,iji,iji,NA,"Number of classes must be >= 3, IJI = NA."
25,random_25,random,landscape,1,NA,NA,iji,iji,NA,"Number of classes must be >= 3, IJI = NA."
26,random_26,random,landscape,1,NA,NA,iji,iji,NA,"Number of classes must be >= 3, IJI = NA."
27,sharp_27_rot305,sharp,landscape,1,NA,NA,iji,iji,NA,"Number of classes must be >= 3, IJI = NA."
28,random_28,random,landscape,1,NA,NA,iji,iji,NA,"Number of classes must be >= 3, IJI = NA."
29,sharp_29_rot195,sharp,landscape,1,NA,NA,iji,iji,NA,"Number of classes must be >= 3, IJI = NA."
30,sharp_30_rot81,sharp,landscape,1,NA,NA,iji,iji,NA,"Number of classes must be >= 3, IJI = NA."
31,sharp_31_rot308,sharp,landscape,1,NA,NA,iji,iji,NA,"Number of classes must be >= 3, IJI = NA."
32,random_32,random,landscape,1,NA,NA,iji,iji,NA,"Number of classes must be >= 3, IJI = NA."
33,sharp_33_rot300,sharp,landscape,1,NA,NA,iji,iji,NA,"Number of classes must be >= 3, IJI = NA."
34,sharp_34_rot273,sharp,landscape,1,NA,NA,iji,iji,NA,"Number of classes must be >= 3, IJI = NA."
35,random_35,random,landscape,1,NA,NA,iji,iji,NA,"Number of classes must be >= 3, IJI = NA."
36,random_36,random,landscape,1,NA,NA,iji,iji,NA,"Number of classes must be >= 3, IJI = NA."
37,random_37,random,landscape,1,NA,NA,iji,iji,NA,"Number of classes must be >= 3, IJI = NA."
38,sharp_38_rot249,sharp,landscape,1,NA,NA,iji,iji,NA,"Number of classes must be >= 3, IJI = NA."
39,sharp_39_rot66,sharp,landscape,1,NA,NA,iji,iji,NA,"Number of classes must be >= 3, IJI = NA."
40,sharp_40_rot331,sharp,landscape,1,NA,NA,iji,iji,NA,"Number of classes must be >= 3, IJI = NA."
41,sharp_41_rot185,sharp,landscape,1,NA,NA,iji,iji,NA,"Number of classes must be >= 3, IJI = NA."
42,random_42,random,landscape,1,NA,NA,iji,iji,NA,"Number of classes must be >= 3, IJI = NA."
43,random_43,random,landscape,1,NA,NA,iji,iji,NA,"Number of classes must be >= 3, IJI = NA."
44,random_44,random,landscape,1,NA,NA,iji,iji,NA,"Number of classes must be >= 3, IJI = NA."
45,sharp_45_rot260,sharp,landscape,1,NA,NA,iji,iji,NA,"Number of classes must be >= 3, IJI = NA."
46,random_46,random,landscape,1,NA,NA,iji,iji,NA,"Number of classes must be >= 3, IJI = NA."
47,sharp_47_rot311,sharp,landscape,1,NA,NA,iji,iji,NA,"Number of classes must be >= 3, IJI = NA."
48,random_48,random,landscape,1,NA,NA,iji,iji,NA,"Number of classes must be >= 3, IJI = NA."
49,sharp_49_rot290,sharp,landscape,1,NA,NA,iji,iji,NA,"Number of classes must be >= 3, IJI = NA."
50,sharp_50_rot26,sharp,landscape,1,NA,NA,iji,iji,NA,"Number of classes must be >= 3, IJI = NA."
51,sharp_51_rot174,sharp,landscape,1,NA,NA,iji,iji,NA,"Number of classes must be >= 3, IJI = NA."
52,sharp_52_rot258,sharp,landscape,1,NA,NA,iji,iji,NA,"Number of classes must be >= 3, IJI = NA."
53,sharp_53_rot89,sharp,landscape,1,NA,NA,iji,iji,NA,"Number of classes must be >= 3, IJI = NA."
54,sharp_54_rot216,sharp,landscape,1,NA,NA,iji,iji,NA,"Number of classes must be >= 3, IJI = NA."
55,random_55,random,landscape,1,NA,NA,iji,iji,NA,"Number of classes must be >= 3, IJI = NA."
56,sharp_56_rot328,sharp,landscape,1,NA,NA,iji,iji,NA,"Number of classes must be >= 3, IJI = NA."
57,sharp_57_rot74,sharp,landscape,1,NA,NA,iji,iji,NA,"Number of classes must be >= 3, IJI = NA."
58,random_58,random,landscape,1,NA,NA,iji,iji,NA,"Number of classes must be >= 3, IJI = NA."
59,sharp_59_rot291,sharp,landscape,1,NA,NA,iji,iji,NA,"Number of classes must be >= 3, IJI = NA."
60,random_60,random,landscape,1,NA,NA,iji,iji,NA,"Number of classes must be >= 3, IJI = NA."
61,random_61,random,landscape,1,NA,NA,iji,iji,NA,"Number of classes must be >= 3, IJI = NA."
62,sharp_62_rot178,sharp,landscape,1,NA,NA,iji,iji,NA,"Number of classes must be >= 3, IJI = NA."
63,random_63,random,landscape,1,NA,NA,iji,iji,NA,"Number of classes must be >= 3, IJI = NA."
64,sharp_64_rot282,sharp,landscape,1,NA,NA,iji,iji,NA,"Number of classes must be >= 3, IJI = NA."
65,random_65,random,landscape,1,NA,NA,iji,iji,NA,"Number of classes must be >= 3, IJI = NA."
66,sharp_66_rot51,sharp,landscape,1,NA,NA,iji,iji,NA,"Number of classes must be >= 3, IJI = NA."
67,random_67,random,landscape,1,NA,NA,iji,iji,NA,"Number of classes must be >= 3, IJI = NA."
68,sharp_68_rot332,sharp,landscape,1,NA,NA,iji,iji,NA,"Number of classes must be >= 3, IJI = NA."
69,random_69,random,landscape,1,NA,NA,iji,iji,NA,"Number of classes must be >= 3, IJI = NA."
70,random_70,random,landscape,1,NA,NA,iji,iji,NA,"Number of classes must be >= 3, IJI = NA."
71,random_71,random,landscape,1,NA,NA,iji,iji,NA,"Number of classes must be >= 3, IJI = NA."
72,random_72,random,landscape,1,NA,NA,iji,iji,NA,"Number of classes must be >= 3, IJI = NA."
73,sharp_73_rot288,sharp,landscape,1,NA,NA,iji,iji,NA,"Number of classes must be >= 3, IJI = NA."
74,sharp_74_rot285,sharp,landscape,1,NA,NA,iji,iji,NA,"Number of classes must be >= 3, IJI = NA."
75,sharp_75_rot69,sharp,landscape,1,NA,NA,iji,iji,NA,"Number of classes must be >= 3, IJI = NA."
76,random_76,random,landscape,1,NA,NA,iji,iji,NA,"Number of classes must be >= 3, IJI = NA."
77,random_77,random,landscape,1,NA,NA,iji,iji,NA,"Number of classes must be >= 3, IJI = NA."
78,random_78,random,landscape,1,NA,NA,iji,iji,NA,"Number of classes must be >= 3, IJI = NA."
79,random_79,random,landscape,1,NA,NA,iji,iji,NA,"Number of classes must be >= 3, IJI = NA."
80,sharp_80_rot260,sharp,landscape,1,NA,NA,iji,iji,NA,"Number of classes must be >= 3, IJI = NA."
81,sharp_81_rot193,sharp,landscape,1,NA,NA,iji,iji,NA,"Number of classes must be >= 3, IJI = NA."
82,random_82,random,landscape,1,NA,NA,iji,iji,NA,"Number of classes must be >= 3, IJI = NA."
83,random_83,random,landscape,1,NA,NA,iji,iji,NA,"Number of classes must be >= 3, IJI = NA."
84,sharp_84_rot19,sharp,landscape,1,NA,NA,iji,iji,NA,"Number of classes must be >= 3, IJI = NA."
85,random_85,random,landscape,1,NA,NA,iji,iji,NA,"Number of classes must be >= 3, IJI = NA."
86,sharp_86_rot322,sharp,landscape,1,NA,NA,iji,iji,NA,"Number of classes must be >= 3, IJI = NA."
87,random_87,random,landscape,1,NA,NA,iji,iji,NA,"Number of classes must be >= 3, IJI = NA."
88,sharp_88_rot76,sharp,landscape,1,NA,NA,iji,iji,NA,"Number of classes must be >= 3, IJI = NA."
89,sharp_89_rot22,sharp,landscape,1,NA,NA,iji,iji,NA,"Number of classes must be >= 3, IJI = NA."
90,sharp_90_rot226,sharp,landscape,1,NA,NA,iji,iji,NA,"Number of classes must be >= 3, IJI = NA."
91,sharp_91_rot271,sharp,landscape,1,NA,NA,iji,iji,NA,"Number of classes must be >= 3, IJI = NA."
92,random_92,random,landscape,1,NA,NA,iji,iji,NA,"Number of classes must be >= 3, IJI = NA."
93,sharp_93_rot226,sharp,landscape,1,NA,NA,iji,iji,NA,"Number of classes must be >= 3, IJI = NA."
94,random_94,random,landscape,1,NA,NA,iji,iji,NA,"Number of classes must be >= 3, IJI = NA."
95,sharp_95_rot353,sharp,landscape,1,NA,NA,iji,iji,NA,"Number of classes must be >= 3, IJI = NA."
96,sharp_96_rot338,sharp,landscape,1,NA,NA,iji,iji,NA,"Number of classes must be >= 3, IJI = NA."
97,sharp_97_rot301,sharp,landscape,1,NA,NA,iji,iji,NA,"Number of classes must be >= 3, IJI = NA."
98,random_98,random,landscape,1,NA,NA,iji,iji,NA,"Number of classes must be >= 3, IJI = NA."
99,sharp_99_rot291,sharp,landscape,1,NA,NA,iji,iji,NA,"Number of classes must be >= 3, IJI = NA."
100,random_100,random,landscape,1,NA,NA,iji,iji,NA,"Number of classes must be >= 3, IJI = NA."
1,random_1,random,landscape,1,NA,NA,joinent,joinent,1.3565740741076397,NA
2,sharp_2_rot108,sharp,landscape,1,NA,NA,joinent,joinent,0.66601737843199,NA
3,random_3,random,landscape,1,NA,NA,joinent,joinent,1.322429258236222,NA
4,sharp_4_rot87,sharp,landscape,1,NA,NA,joinent,joinent,0.9270895688067583,NA
5,sharp_5_rot329,sharp,landscape,1,NA,NA,joinent,joinent,0.8447818508037495,NA
6,random_6,random,landscape,1,NA,NA,joinent,joinent,1.9624974768849357,NA
7,sharp_7_rot144,sharp,landscape,1,NA,NA,joinent,joinent,1.0053760367499955,NA
8,sharp_8_rot184,sharp,landscape,1,NA,NA,joinent,joinent,1.018411594153614,NA
9,sharp_9_rot64,sharp,landscape,1,NA,NA,joinent,joinent,1.0336734517717407,NA
10,random_10,random,landscape,1,NA,NA,joinent,joinent,1.9434260075804881,NA
11,random_11,random,landscape,1,NA,NA,joinent,joinent,1.3308882903811392,NA
12,sharp_12_rot167,sharp,landscape,1,NA,NA,joinent,joinent,0.8341533560656037,NA
13,random_13,random,landscape,1,NA,NA,joinent,joinent,1.4974959716355394,NA
14,random_14,random,landscape,1,NA,NA,joinent,joinent,1.9999585670822062,NA
15,random_15,random,landscape,1,NA,NA,joinent,joinent,1.6296956328799672,NA
16,random_16,random,landscape,1,NA,NA,joinent,joinent,1.9471922861609954,NA
17,random_17,random,landscape,1,NA,NA,joinent,joinent,1.9986904802848233,NA
18,random_18,random,landscape,1,NA,NA,joinent,joinent,1.2189837549164797,NA
19,sharp_19_rot112,sharp,landscape,1,NA,NA,joinent,joinent,1.0592678397605133,NA
20,random_20,random,landscape,1,NA,NA,joinent,joinent,1.3501392394188456,NA
21,random_21,random,landscape,1,NA,NA,joinent,joinent,1.180922016951945,NA
22,random_22,random,landscape,1,NA,NA,joinent,joinent,1.4324699031001773,NA
23,sharp_23_rot279,sharp,landscape,1,NA,NA,joinent,joinent,0.8005320377510674,NA
24,random_24,random,landscape,1,NA,NA,joinent,joinent,1.942837674880156,NA
25,random_25,random,landscape,1,NA,NA,joinent,joinent,1.3119101630355454,NA
26,random_26,random,landscape,1,NA,NA,joinent,joinent,1.0884348477698347,NA
27,sharp_27_rot305,sharp,landscape,1,NA,NA,joinent,joinent,0.6556186290582657,NA
28,random_28,random,landscape,1,NA,NA,joinent,joinent,1.9956582217602885,NA
29,sharp_29_rot195,sharp,landscape,1,NA,NA,joinent,joinent,0.5959614100656533,NA
30,sharp_30_rot81,sharp,landscape,1,NA,NA,joinent,joinent,1.0470552700706712,NA
31,sharp_31_rot308,sharp,landscape,1,NA,NA,joinent,joinent,0.5257310528081627,NA
32,random_32,random,landscape,1,NA,NA,joinent,joinent,1.984567280596762,NA
33,sharp_33_rot300,sharp,landscape,1,NA,NA,joinent,joinent,0.8857738733422145,NA
34,sharp_34_rot273,sharp,landscape,1,NA,NA,joinent,joinent,1.0052602423845702,NA
35,random_35,random,landscape,1,NA,NA,joinent,joinent,1.0362603139360278,NA
36,random_36,random,landscape,1,NA,NA,joinent,joinent,1.640318947124225,NA
37,random_37,random,landscape,1,NA,NA,joinent,joinent,1.8306256434277512,NA
38,sharp_38_rot249,sharp,landscape,1,NA,NA,joinent,joinent,0.9931364963913772,NA
39,sharp_39_rot66,sharp,landscape,1,NA,NA,joinent,joinent,0.7629135622386043,NA
40,sharp_40_rot331,sharp,landscape,1,NA,NA,joinent,joinent,1.0524322317093717,NA
41,sharp_41_rot185,sharp,landscape,1,NA,NA,joinent,joinent,0.7839233607203314,NA
42,random_42,random,landscape,1,NA,NA,joinent,joinent,1.8939132719932241,NA
43,random_43,random,landscape,1,NA,NA,joinent,joinent,1.927803974843225,NA
44,random_44,random,landscape,1,NA,NA,joinent,joinent,1.9561577797185348,NA
45,sharp_45_rot260,sharp,landscape,1,NA,NA,joinent,joinent,0.7154129379142731,NA
46,random_46,random,landscape,1,NA,NA,joinent,joinent,0.9247011943173398,NA
47,sharp_47_rot311,sharp,landscape,1,NA,NA,joinent,joinent,0.43975604295670334,NA
48,random_48,random,landscape,1,NA,NA,joinent,joinent,1.9092374955285618,NA
49,sharp_49_rot290,sharp,landscape,1,NA,NA,joinent,joinent,0.5256524617285273,NA
50,sharp_50_rot26,sharp,landscape,1,NA,NA,joinent,joinent,0.94188485169456,NA
51,sharp_51_rot174,sharp,landscape,1,NA,NA,joinent,joinent,1.044895877516291,NA
52,sharp_52_rot258,sharp,landscape,1,NA,NA,joinent,joinent,1.0387380346295247,NA
53,sharp_53_rot89,sharp,landscape,1,NA,NA,joinent,joinent,1.0462754709297268,NA
54,sharp_54_rot216,sharp,landscape,1,NA,NA,joinent,joinent,0.39365425738772264,NA
55,random_55,random,landscape,1,NA,NA,joinent,joinent,1.46599060797326,NA
56,sharp_56_rot328,sharp,landscape,1,NA,NA,joinent,joinent,0.94516824787225,NA
57,sharp_57_rot74,sharp,landscape,1,NA,NA,joinent,joinent,0.8809080375701774,NA
58,random_58,random,landscape,1,NA,NA,joinent,joinent,1.4671786083871101,NA
59,sharp_59_rot291,sharp,landscape,1,NA,NA,joinent,joinent,1.0383772365521278,NA
60,random_60,random,landscape,1,NA,NA,joinent,joinent,1.7582513680160172,NA
61,random_61,random,landscape,1,NA,NA,joinent,joinent,1.0659532610662157,NA
62,sharp_62_rot178,sharp,landscape,1,NA,NA,joinent,joinent,1.046161719000778,NA
63,random_63,random,landscape,1,NA,NA,joinent,joinent,1.9481039858476679,NA
64,sharp_64_rot282,sharp,landscape,1,NA,NA,joinent,joinent,0.6621716542074396,NA
65,random_65,random,landscape,1,NA,NA,joinent,joinent,1.4206669951023487,NA
66,sharp_66_rot51,sharp,landscape,1,NA,NA,joinent,joinent,0.43930702892531154,NA
67,random_67,random,landscape,1,NA,NA,joinent,joinent,1.956150518484217,NA
68,sharp_68_rot332,sharp,landscape,1,NA,NA,joinent,joinent,0.965667170269799,NA
69,random_69,random,landscape,1,NA,NA,joinent,joinent,1.5151432370249145,NA
70,random_70,random,landscape,1,NA,NA,joinent,joinent,1.9925383854484886,NA
71,random_71,random,landscape,1,NA,NA,joinent,joinent,1.9726498639365877,NA
72,random_72,random,landscape,1,NA,NA,joinent,joinent,1.9842212956465743,NA
73,sharp_73_rot288,sharp,landscape,1,NA,NA,joinent,joinent,0.9929692817740275,NA
74,sharp_74_rot285,sharp,landscape,1,NA,NA,joinent,joinent,0.882661719381637,NA
75,sharp_75_rot69,sharp,landscape,1,NA,NA,joinent,joinent,0.8904051095821703,NA
76,random_76,random,landscape,1,NA,NA,joinent,joinent,1.9196361578236958,NA
77,random_77,random,landscape,1,NA,NA,joinent,joinent,1.9439363315238285,NA
78,random_78,random,landscape,1,NA,NA,joinent,joinent,1.5524926176871423,NA
79,random_79,random,landscape,1,NA,NA,joinent,joinent,1.9084940545871387,NA
80,sharp_80_rot260,sharp,landscape,1,NA,NA,joinent,joinent,0.640706463215797,NA
81,sharp_81_rot193,sharp,landscape,1,NA,NA,joinent,joinent,0.7548710589341834,NA
82,random_82,random,landscape,1,NA,NA,joinent,joinent,1.9758862092412304,NA
83,random_83,random,landscape,1,NA,NA,joinent,joinent,1.0880359901533156,NA
84,sharp_84_rot19,sharp,landscape,1,NA,NA,joinent,joinent,0.3374981520643636,NA
85,random_85,random,landscape,1,NA,NA,joinent,joinent,1.9983848700114937,NA
86,sharp_86_rot322,sharp,landscape,1,NA,NA,joinent,joinent,1.0694002103422384,NA
87,random_87,random,landscape,1,NA,NA,joinent,joinent,1.824342941662088,NA
88,sharp_88_rot76,sharp,landscape,1,NA,NA,joinent,joinent,0.9631920069825122,NA
89,sharp_89_rot22,sharp,landscape,1,NA,NA,joinent,joinent,1.0519658241455292,NA
90,sharp_90_rot226,sharp,landscape,1,NA,NA,joinent,joinent,0.4433208380065248,NA
91,sharp_91_rot271,sharp,landscape,1,NA,NA,joinent,joinent,0.7208748717722374,NA
92,random_92,random,landscape,1,NA,NA,joinent,joinent,1.8920186937520136,NA
93,sharp_93_rot226,sharp,landscape,1,NA,NA,joinent,joinent,0.9841807105573595,NA
94,random_94,random,landscape,1,NA,NA,joinent,joinent,1.924039071409961,NA
95,sharp_95_rot353,sharp,landscape,1,NA,NA,joinent,joinent,0.9913589313940955,NA
96,sharp_96_rot338,sharp,landscape,1,NA,NA,joinent,joinent,0.9715568716568385,NA
97,sharp_97_rot301,sharp,landscape,1,NA,NA,joinent,joinent,0.6150327106071046,NA
98,random_98,random,landscape,1,NA,NA,joinent,joinent,1.9997539455646278,NA
99,sharp_99_rot291,sharp,landscape,1,NA,NA,joinent,joinent,0.4731888186527266,NA
100,random_100,random,landscape,1,NA,NA,joinent,joinent,1.6390553126992855,NA
1,random_1,random,landscape,1,NA,NA,lpi,lpi,82.09,NA
2,sharp_2_rot108,sharp,landscape,1,NA,NA,lpi,lpi,84.7,NA
3,random_3,random,landscape,1,NA,NA,lpi,lpi,82.84,NA
4,sharp_4_rot87,sharp,landscape,1,NA,NA,lpi,lpi,70.03,NA
5,sharp_5_rot329,sharp,landscape,1,NA,NA,lpi,lpi,76.45,NA
6,random_6,random,landscape,1,NA,NA,lpi,lpi,57.900000000000006,NA
7,sharp_7_rot144,sharp,landscape,1,NA,NA,lpi,lpi,64.82,NA
8,sharp_8_rot184,sharp,landscape,1,NA,NA,lpi,lpi,60.03000000000001,NA
9,sharp_9_rot64,sharp,landscape,1,NA,NA,lpi,lpi,60.050000000000004,NA
10,random_10,random,landscape,1,NA,NA,lpi,lpi,59.84,NA
11,random_11,random,landscape,1,NA,NA,lpi,lpi,82.68,NA
12,sharp_12_rot167,sharp,landscape,1,NA,NA,lpi,lpi,76.68,NA
13,random_13,random,landscape,1,NA,NA,lpi,lpi,78.62,NA
14,random_14,random,landscape,1,NA,NA,lpi,lpi,48.410000000000004,NA
15,random_15,random,landscape,1,NA,NA,lpi,lpi,74.77000000000001,NA
16,random_16,random,landscape,1,NA,NA,lpi,lpi,59.06,NA
17,random_17,random,landscape,1,NA,NA,lpi,lpi,50.27,NA
18,random_18,random,landscape,1,NA,NA,lpi,lpi,84.98,NA
19,sharp_19_rot112,sharp,landscape,1,NA,NA,lpi,lpi,52.190000000000005,NA
20,random_20,random,landscape,1,NA,NA,lpi,lpi,82.24000000000001,NA
21,random_21,random,landscape,1,NA,NA,lpi,lpi,85.75,NA
22,random_22,random,landscape,1,NA,NA,lpi,lpi,80.28,NA
23,sharp_23_rot279,sharp,landscape,1,NA,NA,lpi,lpi,78.37,NA
24,random_24,random,landscape,1,NA,NA,lpi,lpi,59.75,NA
25,random_25,random,landscape,1,NA,NA,lpi,lpi,83.08000000000001,NA
26,random_26,random,landscape,1,NA,NA,lpi,lpi,87.48,NA
27,sharp_27_rot305,sharp,landscape,1,NA,NA,lpi,lpi,84.93,NA
28,random_28,random,landscape,1,NA,NA,lpi,lpi,52.07000000000001,NA
29,sharp_29_rot195,sharp,landscape,1,NA,NA,lpi,lpi,87.25,NA
30,sharp_30_rot81,sharp,landscape,1,NA,NA,lpi,lpi,54.05,NA
31,sharp_31_rot308,sharp,landscape,1,NA,NA,lpi,lpi,89.33000000000001,NA
32,random_32,random,landscape,1,NA,NA,lpi,lpi,54.82,NA
33,sharp_33_rot300,sharp,landscape,1,NA,NA,lpi,lpi,74.09,NA
34,sharp_34_rot273,sharp,landscape,1,NA,NA,lpi,lpi,62.03000000000001,NA
35,random_35,random,landscape,1,NA,NA,lpi,lpi,88.37,NA
36,random_36,random,landscape,1,NA,NA,lpi,lpi,74.42,NA
37,random_37,random,landscape,1,NA,NA,lpi,lpi,66.95,NA
38,sharp_38_rot249,sharp,landscape,1,NA,NA,lpi,lpi,64.97,NA
39,sharp_39_rot66,sharp,landscape,1,NA,NA,lpi,lpi,80.59,NA
40,sharp_40_rot331,sharp,landscape,1,NA,NA,lpi,lpi,56.790000000000006,NA
41,sharp_41_rot185,sharp,landscape,1,NA,NA,lpi,lpi,79.10000000000001,NA
42,random_42,random,landscape,1,NA,NA,lpi,lpi,63.38,NA
43,random_43,random,landscape,1,NA,NA,lpi,lpi,61.01,NA
44,random_44,random,landscape,1,NA,NA,lpi,lpi,58.48,NA
45,sharp_45_rot260,sharp,landscape,1,NA,NA,lpi,lpi,82.49000000000001,NA
46,random_46,random,landscape,1,NA,NA,lpi,lpi,90.2,NA
47,sharp_47_rot311,sharp,landscape,1,NA,NA,lpi,lpi,91.79,NA
48,random_48,random,landscape,1,NA,NA,lpi,lpi,62.46000000000001,NA
49,sharp_49_rot290,sharp,landscape,1,NA,NA,lpi,lpi,89.41,NA
50,sharp_50_rot26,sharp,landscape,1,NA,NA,lpi,lpi,70.06,NA
51,sharp_51_rot174,sharp,landscape,1,NA,NA,lpi,lpi,54.010000000000005,NA
52,sharp_52_rot258,sharp,landscape,1,NA,NA,lpi,lpi,57.14,NA
53,sharp_53_rot89,sharp,landscape,1,NA,NA,lpi,lpi,51,NA
54,sharp_54_rot216,sharp,landscape,1,NA,NA,lpi,lpi,93,NA
55,random_55,random,landscape,1,NA,NA,lpi,lpi,79.44,NA
56,sharp_56_rot328,sharp,landscape,1,NA,NA,lpi,lpi,70.08,NA
57,sharp_57_rot74,sharp,landscape,1,NA,NA,lpi,lpi,73.94000000000001,NA
58,random_58,random,landscape,1,NA,NA,lpi,lpi,79.43,NA
59,sharp_59_rot291,sharp,landscape,1,NA,NA,lpi,lpi,58.550000000000004,NA
60,random_60,random,landscape,1,NA,NA,lpi,lpi,70.15,NA
61,random_61,random,landscape,1,NA,NA,lpi,lpi,87.86,NA
62,sharp_62_rot178,sharp,landscape,1,NA,NA,lpi,lpi,52,NA
63,random_63,random,landscape,1,NA,NA,lpi,lpi,59.35,NA
64,sharp_64_rot282,sharp,landscape,1,NA,NA,lpi,lpi,84.76,NA
65,random_65,random,landscape,1,NA,NA,lpi,lpi,80.60000000000001,NA
66,sharp_66_rot51,sharp,landscape,1,NA,NA,lpi,lpi,91.81,NA
67,random_67,random,landscape,1,NA,NA,lpi,lpi,58.50000000000001,NA
68,sharp_68_rot332,sharp,landscape,1,NA,NA,lpi,lpi,68.17,NA
69,random_69,random,landscape,1,NA,NA,lpi,lpi,78.11,NA
70,random_70,random,landscape,1,NA,NA,lpi,lpi,52.55000000000001,NA
71,random_71,random,landscape,1,NA,NA,lpi,lpi,56.55,NA
72,random_72,random,landscape,1,NA,NA,lpi,lpi,55.080000000000005,NA
73,sharp_73_rot288,sharp,landscape,1,NA,NA,lpi,lpi,64.75000000000001,NA
74,sharp_74_rot285,sharp,landscape,1,NA,NA,lpi,lpi,73.8,NA
75,sharp_75_rot69,sharp,landscape,1,NA,NA,lpi,lpi,73.55000000000001,NA
76,random_76,random,landscape,1,NA,NA,lpi,lpi,61.63000000000001,NA
77,random_77,random,landscape,1,NA,NA,lpi,lpi,59.74,NA
78,random_78,random,landscape,1,NA,NA,lpi,lpi,77.07000000000001,NA
79,random_79,random,landscape,1,NA,NA,lpi,lpi,62.440000000000005,NA
80,sharp_80_rot260,sharp,landscape,1,NA,NA,lpi,lpi,85.54,NA
81,sharp_81_rot193,sharp,landscape,1,NA,NA,lpi,lpi,80.79,NA
82,random_82,random,landscape,1,NA,NA,lpi,lpi,56.10000000000001,NA
83,random_83,random,landscape,1,NA,NA,lpi,lpi,87.47,NA
84,sharp_84_rot19,sharp,landscape,1,NA,NA,lpi,lpi,94.4,NA
85,random_85,random,landscape,1,NA,NA,lpi,lpi,50.91,NA
86,sharp_86_rot322,sharp,landscape,1,NA,NA,lpi,lpi,53.81,NA
87,random_87,random,landscape,1,NA,NA,lpi,lpi,67.16000000000001,NA
88,sharp_88_rot76,sharp,landscape,1,NA,NA,lpi,lpi,67.52,NA
89,sharp_89_rot22,sharp,landscape,1,NA,NA,lpi,lpi,55.44,NA
90,sharp_90_rot226,sharp,landscape,1,NA,NA,lpi,lpi,91.69,NA
91,sharp_91_rot271,sharp,landscape,1,NA,NA,lpi,lpi,82.01,NA
92,random_92,random,landscape,1,NA,NA,lpi,lpi,63.57000000000001,NA
93,sharp_93_rot226,sharp,landscape,1,NA,NA,lpi,lpi,66.78,NA
94,random_94,random,landscape,1,NA,NA,lpi,lpi,61.38,NA
95,sharp_95_rot353,sharp,landscape,1,NA,NA,lpi,lpi,64.09,NA
96,sharp_96_rot338,sharp,landscape,1,NA,NA,lpi,lpi,67.24,NA
97,sharp_97_rot301,sharp,landscape,1,NA,NA,lpi,lpi,86.41000000000001,NA
98,random_98,random,landscape,1,NA,NA,lpi,lpi,49.49,NA
99,sharp_99_rot291,sharp,landscape,1,NA,NA,lpi,lpi,90.94000000000001,NA
100,random_100,random,landscape,1,NA,NA,lpi,lpi,74.49,NA
1,random_1,random,landscape,1,NA,NA,lsi,lsi,15.455,NA
2,sharp_2_rot108,sharp,landscape,1,NA,NA,lsi,lsi,1.3175,NA
3,random_3,random,landscape,1,NA,NA,lsi,lsi,15.0375,NA
4,sharp_4_rot87,sharp,landscape,1,NA,NA,lsi,lsi,1.265,NA
5,sharp_5_rot329,sharp,landscape,1,NA,NA,lsi,lsi,1.3525,NA
6,random_6,random,landscape,1,NA,NA,lsi,lsi,25.0225,NA
7,sharp_7_rot144,sharp,landscape,1,NA,NA,lsi,lsi,1.4225,NA
8,sharp_8_rot184,sharp,landscape,1,NA,NA,lsi,lsi,1.265,NA
9,sharp_9_rot64,sharp,landscape,1,NA,NA,lsi,lsi,1.37,NA
10,random_10,random,landscape,1,NA,NA,lsi,lsi,24.815,NA
11,random_11,random,landscape,1,NA,NA,lsi,lsi,15.1975,NA
12,sharp_12_rot167,sharp,landscape,1,NA,NA,lsi,lsi,1.3075,NA
13,random_13,random,landscape,1,NA,NA,lsi,lsi,17.565,NA
14,random_14,random,landscape,1,NA,NA,lsi,lsi,25.5625,NA
15,random_15,random,landscape,1,NA,NA,lsi,lsi,19.785,NA
16,random_16,random,landscape,1,NA,NA,lsi,lsi,24.74,NA
17,random_17,random,landscape,1,NA,NA,lsi,lsi,25.685,NA
18,random_18,random,landscape,1,NA,NA,lsi,lsi,13.7325,NA
19,sharp_19_rot112,sharp,landscape,1,NA,NA,lsi,lsi,1.35,NA
20,random_20,random,landscape,1,NA,NA,lsi,lsi,15.2725,NA
21,random_21,random,landscape,1,NA,NA,lsi,lsi,13.1925,NA
22,random_22,random,landscape,1,NA,NA,lsi,lsi,16.655,NA
23,sharp_23_rot279,sharp,landscape,1,NA,NA,lsi,lsi,1.2875,NA
24,random_24,random,landscape,1,NA,NA,lsi,lsi,24.6125,NA
25,random_25,random,landscape,1,NA,NA,lsi,lsi,15.005,NA
26,random_26,random,landscape,1,NA,NA,lsi,lsi,11.98,NA
27,sharp_27_rot305,sharp,landscape,1,NA,NA,lsi,lsi,1.2775,NA
28,random_28,random,landscape,1,NA,NA,lsi,lsi,25.79,NA
29,sharp_29_rot195,sharp,landscape,1,NA,NA,lsi,lsi,1.305,NA
30,sharp_30_rot81,sharp,landscape,1,NA,NA,lsi,lsi,1.29,NA
31,sharp_31_rot308,sharp,landscape,1,NA,NA,lsi,lsi,1.2325,NA
32,random_32,random,landscape,1,NA,NA,lsi,lsi,25.805,NA
33,sharp_33_rot300,sharp,landscape,1,NA,NA,lsi,lsi,1.37,NA
34,sharp_34_rot273,sharp,landscape,1,NA,NA,lsi,lsi,1.265,NA
35,random_35,random,landscape,1,NA,NA,lsi,lsi,11.0825,NA
36,random_36,random,landscape,1,NA,NA,lsi,lsi,19.8175,NA
37,random_37,random,landscape,1,NA,NA,lsi,lsi,22.9125,NA
38,sharp_38_rot249,sharp,landscape,1,NA,NA,lsi,lsi,1.345,NA
39,sharp_39_rot66,sharp,landscape,1,NA,NA,lsi,lsi,1.3325,NA
40,sharp_40_rot331,sharp,landscape,1,NA,NA,lsi,lsi,1.3875,NA
41,sharp_41_rot185,sharp,landscape,1,NA,NA,lsi,lsi,1.27,NA
42,random_42,random,landscape,1,NA,NA,lsi,lsi,23.975,NA
43,random_43,random,landscape,1,NA,NA,lsi,lsi,24.87,NA
44,random_44,random,landscape,1,NA,NA,lsi,lsi,24.8075,NA
45,sharp_45_rot260,sharp,landscape,1,NA,NA,lsi,lsi,1.2925,NA
46,random_46,random,landscape,1,NA,NA,lsi,lsi,9.645,NA
47,sharp_47_rot311,sharp,landscape,1,NA,NA,lsi,lsi,1.2,NA
48,random_48,random,landscape,1,NA,NA,lsi,lsi,24.5025,NA
49,sharp_49_rot290,sharp,landscape,1,NA,NA,lsi,lsi,1.255,NA
50,sharp_50_rot26,sharp,landscape,1,NA,NA,lsi,lsi,1.37,NA
51,sharp_51_rot174,sharp,landscape,1,NA,NA,lsi,lsi,1.275,NA
52,sharp_52_rot258,sharp,landscape,1,NA,NA,lsi,lsi,1.3025,NA
53,sharp_53_rot89,sharp,landscape,1,NA,NA,lsi,lsi,1.255,NA
54,sharp_54_rot216,sharp,landscape,1,NA,NA,lsi,lsi,1.1875,NA
55,random_55,random,landscape,1,NA,NA,lsi,lsi,17.225,NA
56,sharp_56_rot328,sharp,landscape,1,NA,NA,lsi,lsi,1.395,NA
57,sharp_57_rot74,sharp,landscape,1,NA,NA,lsi,lsi,1.32,NA
58,random_58,random,landscape,1,NA,NA,lsi,lsi,17.21,NA
59,sharp_59_rot291,sharp,landscape,1,NA,NA,lsi,lsi,1.345,NA
60,random_60,random,landscape,1,NA,NA,lsi,lsi,21.8925,NA
61,random_61,random,landscape,1,NA,NA,lsi,lsi,11.52,NA
62,sharp_62_rot178,sharp,landscape,1,NA,NA,lsi,lsi,1.26,NA
63,random_63,random,landscape,1,NA,NA,lsi,lsi,24.86,NA
64,sharp_64_rot282,sharp,landscape,1,NA,NA,lsi,lsi,1.3025,NA
65,random_65,random,landscape,1,NA,NA,lsi,lsi,16.35,NA
66,sharp_66_rot51,sharp,landscape,1,NA,NA,lsi,lsi,1.2025,NA
67,random_67,random,landscape,1,NA,NA,lsi,lsi,24.9475,NA
68,sharp_68_rot332,sharp,landscape,1,NA,NA,lsi,lsi,1.38,NA
69,random_69,random,landscape,1,NA,NA,lsi,lsi,17.845,NA
70,random_70,random,landscape,1,NA,NA,lsi,lsi,25.4275,NA
71,random_71,random,landscape,1,NA,NA,lsi,lsi,25.5675,NA
72,random_72,random,landscape,1,NA,NA,lsi,lsi,25.775,NA
73,sharp_73_rot288,sharp,landscape,1,NA,NA,lsi,lsi,1.33,NA
74,sharp_74_rot285,sharp,landscape,1,NA,NA,lsi,lsi,1.3175,NA
75,sharp_75_rot69,sharp,landscape,1,NA,NA,lsi,lsi,1.345,NA
76,random_76,random,landscape,1,NA,NA,lsi,lsi,24.6325,NA
77,random_77,random,landscape,1,NA,NA,lsi,lsi,24.9,NA
78,random_78,random,landscape,1,NA,NA,lsi,lsi,18.48,NA
79,random_79,random,landscape,1,NA,NA,lsi,lsi,23.96,NA
80,sharp_80_rot260,sharp,landscape,1,NA,NA,lsi,lsi,1.2925,NA
81,sharp_81_rot193,sharp,landscape,1,NA,NA,lsi,lsi,1.3075,NA
82,random_82,random,landscape,1,NA,NA,lsi,lsi,25.4775,NA
83,random_83,random,landscape,1,NA,NA,lsi,lsi,11.7225,NA
84,sharp_84_rot19,sharp,landscape,1,NA,NA,lsi,lsi,1.1875,NA
85,random_85,random,landscape,1,NA,NA,lsi,lsi,26.1425,NA
86,sharp_86_rot322,sharp,landscape,1,NA,NA,lsi,lsi,1.4425,NA
87,random_87,random,landscape,1,NA,NA,lsi,lsi,22.9725,NA
88,sharp_88_rot76,sharp,landscape,1,NA,NA,lsi,lsi,1.3125,NA
89,sharp_89_rot22,sharp,landscape,1,NA,NA,lsi,lsi,1.35,NA
90,sharp_90_rot226,sharp,landscape,1,NA,NA,lsi,lsi,1.2,NA
91,sharp_91_rot271,sharp,landscape,1,NA,NA,lsi,lsi,1.255,NA
92,random_92,random,landscape,1,NA,NA,lsi,lsi,24.08,NA
93,sharp_93_rot226,sharp,landscape,1,NA,NA,lsi,lsi,1.405,NA
94,random_94,random,landscape,1,NA,NA,lsi,lsi,24.64,NA
95,sharp_95_rot353,sharp,landscape,1,NA,NA,lsi,lsi,1.28,NA
96,sharp_96_rot338,sharp,landscape,1,NA,NA,lsi,lsi,1.35,NA
97,sharp_97_rot301,sharp,landscape,1,NA,NA,lsi,lsi,1.265,NA
98,random_98,random,landscape,1,NA,NA,lsi,lsi,25.9025,NA
99,sharp_99_rot291,sharp,landscape,1,NA,NA,lsi,lsi,1.235,NA
100,random_100,random,landscape,1,NA,NA,lsi,lsi,19.7275,NA
1,random_1,random,landscape,1,NA,NA,mesh,mesh,0.6739590800000002,NA
2,sharp_2_rot108,sharp,landscape,1,NA,NA,mesh,mesh,0.7408180000000002,NA
3,random_3,random,landscape,1,NA,NA,mesh,mesh,0.6863234,NA
4,sharp_4_rot87,sharp,landscape,1,NA,NA,mesh,mesh,0.5802401800000001,NA
5,sharp_5_rot329,sharp,landscape,1,NA,NA,mesh,mesh,0.6399205000000001,NA
6,random_6,random,landscape,1,NA,NA,mesh,mesh,0.4520211400000001,NA
7,sharp_7_rot144,sharp,landscape,1,NA,NA,mesh,mesh,0.54392648,NA
8,sharp_8_rot184,sharp,landscape,1,NA,NA,mesh,mesh,0.52012018,NA
9,sharp_9_rot64,sharp,landscape,1,NA,NA,mesh,mesh,0.5202005000000001,NA
10,random_10,random,landscape,1,NA,NA,mesh,mesh,0.40045198000000004,NA
11,random_11,random,landscape,1,NA,NA,mesh,mesh,0.6836812400000002,NA
12,sharp_12_rot167,sharp,landscape,1,NA,NA,mesh,mesh,0.6423644800000001,NA
13,random_13,random,landscape,1,NA,NA,mesh,mesh,0.6182734000000001,NA
14,random_14,random,landscape,1,NA,NA,mesh,mesh,0.46795964,NA
15,random_15,random,landscape,1,NA,NA,mesh,mesh,0.5593399600000001,NA
16,random_16,random,landscape,1,NA,NA,mesh,mesh,0.36886606000000005,NA
17,random_17,random,landscape,1,NA,NA,mesh,mesh,0.46225394000000003,NA
18,random_18,random,landscape,1,NA,NA,mesh,mesh,0.72220996,NA
19,sharp_19_rot112,sharp,landscape,1,NA,NA,mesh,mesh,0.50095922,NA
20,random_20,random,landscape,1,NA,NA,mesh,mesh,0.6764296,NA
21,random_21,random,landscape,1,NA,NA,mesh,mesh,0.73535178,NA
22,random_22,random,landscape,1,NA,NA,mesh,mesh,0.6446059400000002,NA
23,sharp_23_rot279,sharp,landscape,1,NA,NA,mesh,mesh,0.6609713800000001,NA
24,random_24,random,landscape,1,NA,NA,mesh,mesh,0.38041636,NA
25,random_25,random,landscape,1,NA,NA,mesh,mesh,0.6903003800000002,NA
26,random_26,random,landscape,1,NA,NA,mesh,mesh,0.76530778,NA
27,sharp_27_rot305,sharp,landscape,1,NA,NA,mesh,mesh,0.7440209800000002,NA
28,random_28,random,landscape,1,NA,NA,mesh,mesh,0.46496036000000013,NA
29,sharp_29_rot195,sharp,landscape,1,NA,NA,mesh,mesh,0.7775125,NA
30,sharp_30_rot81,sharp,landscape,1,NA,NA,mesh,mesh,0.5032805,NA
31,sharp_31_rot308,sharp,landscape,1,NA,NA,mesh,mesh,0.8093697800000001,NA
32,random_32,random,landscape,1,NA,NA,mesh,mesh,0.46411906000000003,NA
33,sharp_33_rot300,sharp,landscape,1,NA,NA,mesh,mesh,0.6160656200000001,NA
34,sharp_34_rot273,sharp,landscape,1,NA,NA,mesh,mesh,0.5289441800000001,NA
35,random_35,random,landscape,1,NA,NA,mesh,mesh,0.7809563800000001,NA
36,random_36,random,landscape,1,NA,NA,mesh,mesh,0.5541340000000001,NA
37,random_37,random,landscape,1,NA,NA,mesh,mesh,0.44945826,NA
38,sharp_38_rot249,sharp,landscape,1,NA,NA,mesh,mesh,0.5448201800000001,NA
39,sharp_39_rot66,sharp,landscape,1,NA,NA,mesh,mesh,0.6871496200000001,NA
40,sharp_40_rot331,sharp,landscape,1,NA,NA,mesh,mesh,0.5092208200000001,NA
41,sharp_41_rot185,sharp,landscape,1,NA,NA,mesh,mesh,0.669362,NA
42,random_42,random,landscape,1,NA,NA,mesh,mesh,0.40806820000000005,NA
43,random_43,random,landscape,1,NA,NA,mesh,mesh,0.3998377,NA
44,random_44,random,landscape,1,NA,NA,mesh,mesh,0.38659962,NA
45,sharp_45_rot260,sharp,landscape,1,NA,NA,mesh,mesh,0.7111200200000001,NA
46,random_46,random,landscape,1,NA,NA,mesh,mesh,0.81362732,NA
47,sharp_47_rot311,sharp,landscape,1,NA,NA,mesh,mesh,0.8492808200000002,NA
48,random_48,random,landscape,1,NA,NA,mesh,mesh,0.40115138000000006,NA
49,sharp_49_rot290,sharp,landscape,1,NA,NA,mesh,mesh,0.81062962,NA
50,sharp_50_rot26,sharp,landscape,1,NA,NA,mesh,mesh,0.58048072,NA
51,sharp_51_rot174,sharp,landscape,1,NA,NA,mesh,mesh,0.50321602,NA
52,sharp_52_rot258,sharp,landscape,1,NA,NA,mesh,mesh,0.51019592,NA
53,sharp_53_rot89,sharp,landscape,1,NA,NA,mesh,mesh,0.5002,NA
54,sharp_54_rot216,sharp,landscape,1,NA,NA,mesh,mesh,0.8698000000000001,NA
55,random_55,random,landscape,1,NA,NA,mesh,mesh,0.6311931,NA
56,sharp_56_rot328,sharp,landscape,1,NA,NA,mesh,mesh,0.58064128,NA
57,sharp_57_rot74,sharp,landscape,1,NA,NA,mesh,mesh,0.6146247200000001,NA
58,random_58,random,landscape,1,NA,NA,mesh,mesh,0.63103956,NA
59,sharp_59_rot291,sharp,landscape,1,NA,NA,mesh,mesh,0.5146205,NA
60,random_60,random,landscape,1,NA,NA,mesh,mesh,0.49276522,NA
61,random_61,random,landscape,1,NA,NA,mesh,mesh,0.7719688,NA
62,sharp_62_rot178,sharp,landscape,1,NA,NA,mesh,mesh,0.5008000000000001,NA
63,random_63,random,landscape,1,NA,NA,mesh,mesh,0.41145778000000005,NA
64,sharp_64_rot282,sharp,landscape,1,NA,NA,mesh,mesh,0.74165152,NA
65,random_65,random,landscape,1,NA,NA,mesh,mesh,0.6497342200000001,NA
66,sharp_66_rot51,sharp,landscape,1,NA,NA,mesh,mesh,0.84961522,NA
67,random_67,random,landscape,1,NA,NA,mesh,mesh,0.3741600000000001,NA
68,sharp_68_rot332,sharp,landscape,1,NA,NA,mesh,mesh,0.5660297800000001,NA
69,random_69,random,landscape,1,NA,NA,mesh,mesh,0.6103043800000001,NA
70,random_70,random,landscape,1,NA,NA,mesh,mesh,0.4667195400000001,NA
71,random_71,random,landscape,1,NA,NA,mesh,mesh,0.40968128,NA
72,random_72,random,landscape,1,NA,NA,mesh,mesh,0.4792198600000001,NA
73,sharp_73_rot288,sharp,landscape,1,NA,NA,mesh,mesh,0.5435125000000002,NA
74,sharp_74_rot285,sharp,landscape,1,NA,NA,mesh,mesh,0.61328800000000006,NA
75,sharp_75_rot69,sharp,landscape,1,NA,NA,mesh,mesh,0.6109205,NA
76,random_76,random,landscape,1,NA,NA,mesh,mesh,0.4026252000000001,NA
77,random_77,random,landscape,1,NA,NA,mesh,mesh,0.40684422000000003,NA
78,random_78,random,landscape,1,NA,NA,mesh,mesh,0.5941858,NA
79,random_79,random,landscape,1,NA,NA,mesh,mesh,0.39673176000000004,NA
80,sharp_80_rot260,sharp,landscape,1,NA,NA,mesh,mesh,0.7526183200000001,NA
81,sharp_81_rot193,sharp,landscape,1,NA,NA,mesh,mesh,0.6896048200000001,NA
82,random_82,random,landscape,1,NA,NA,mesh,mesh,0.4670936600000001,NA
83,random_83,random,landscape,1,NA,NA,mesh,mesh,0.76513494,NA
84,sharp_84_rot19,sharp,landscape,1,NA,NA,mesh,mesh,0.8942720000000002,NA
85,random_85,random,landscape,1,NA,NA,mesh,mesh,0.47775222,NA
86,sharp_86_rot322,sharp,landscape,1,NA,NA,mesh,mesh,0.5029032200000001,NA
87,random_87,random,landscape,1,NA,NA,mesh,mesh,0.4529406400000001,NA
88,sharp_88_rot76,sharp,landscape,1,NA,NA,mesh,mesh,0.56139008,NA
89,sharp_89_rot22,sharp,landscape,1,NA,NA,mesh,mesh,0.50591872,NA
90,sharp_90_rot226,sharp,landscape,1,NA,NA,mesh,mesh,0.8476112200000001,NA
91,sharp_91_rot271,sharp,landscape,1,NA,NA,mesh,mesh,0.7049280200000001,NA
92,random_92,random,landscape,1,NA,NA,mesh,mesh,0.41050314000000004,NA
93,sharp_93_rot226,sharp,landscape,1,NA,NA,mesh,mesh,0.55631368,NA
94,random_94,random,landscape,1,NA,NA,mesh,mesh,0.38743848000000003,NA
95,sharp_95_rot353,sharp,landscape,1,NA,NA,mesh,mesh,0.5397056200000001,NA
96,sharp_96_rot338,sharp,landscape,1,NA,NA,mesh,mesh,0.55944352,NA
97,sharp_97_rot301,sharp,landscape,1,NA,NA,mesh,mesh,0.7651376200000002,NA
98,random_98,random,landscape,1,NA,NA,mesh,mesh,0.47564808000000003,NA
99,sharp_99_rot291,sharp,landscape,1,NA,NA,mesh,mesh,0.8352167200000002,NA
100,random_100,random,landscape,1,NA,NA,mesh,mesh,0.5553161799999999,NA
1,random_1,random,landscape,1,NA,NA,msidi,msidi,0.3482057376978351,NA
2,sharp_2_rot108,sharp,landscape,1,NA,NA,msidi,msidi,0.3000002978892046,NA
3,random_3,random,landscape,1,NA,NA,msidi,msidi,0.3345038072501167,NA
4,sharp_4_rot87,sharp,landscape,1,NA,NA,msidi,msidi,0.5443131577105659,NA
5,sharp_5_rot329,sharp,landscape,1,NA,NA,msidi,msidi,0.4464113290942072,NA
6,random_6,random,landscape,1,NA,NA,msidi,msidi,0.6675564348265518,NA
7,sharp_7_rot144,sharp,landscape,1,NA,NA,msidi,msidi,0.6089411883182047,NA
8,sharp_8_rot184,sharp,landscape,1,NA,NA,msidi,msidi,0.6536953787250948,NA
9,sharp_9_rot64,sharp,landscape,1,NA,NA,msidi,msidi,0.6535409647992665,NA
10,random_10,random,landscape,1,NA,NA,msidi,msidi,0.6546921450783966,NA
11,random_11,random,landscape,1,NA,NA,msidi,msidi,0.3374376304639293,NA
12,sharp_12_rot167,sharp,landscape,1,NA,NA,msidi,msidi,0.4425994105308329,NA
13,random_13,random,landscape,1,NA,NA,msidi,msidi,0.40957045351863963,NA
14,random_14,random,landscape,1,NA,NA,msidi,msidi,0.6931468205600099,NA
15,random_15,random,landscape,1,NA,NA,msidi,msidi,0.47367342672293544,NA
16,random_16,random,landscape,1,NA,NA,msidi,msidi,0.6576101283779716,NA
17,random_17,random,landscape,1,NA,NA,msidi,msidi,0.6922595346341809,NA
18,random_18,random,landscape,1,NA,NA,msidi,msidi,0.29474686275098433,NA
19,sharp_19_rot112,sharp,landscape,1,NA,NA,msidi,msidi,0.6912305784157933,NA
20,random_20,random,landscape,1,NA,NA,msidi,msidi,0.34547571859729115,NA
21,random_21,random,landscape,1,NA,NA,msidi,msidi,0.28022660034709795,NA
22,random_22,random,landscape,1,NA,NA,msidi,msidi,0.3807105267061918,NA
23,sharp_23_rot279,sharp,landscape,1,NA,NA,msidi,msidi,0.4140447381011204,NA
24,random_24,random,landscape,1,NA,NA,msidi,msidi,0.6547683216665428,NA
25,random_25,random,landscape,1,NA,NA,msidi,msidi,0.3300924388781776,NA
26,random_26,random,landscape,1,NA,NA,msidi,msidi,0.24724404923907414,NA
27,sharp_27_rot305,sharp,landscape,1,NA,NA,msidi,msidi,0.295686045621896,NA
28,random_28,random,landscape,1,NA,NA,msidi,msidi,0.6901047733777907,NA
29,sharp_29_rot195,sharp,landscape,1,NA,NA,msidi,msidi,0.2516555578875661,NA
30,sharp_30_rot81,sharp,landscape,1,NA,NA,msidi,msidi,0.6866076102381031,NA
31,sharp_31_rot308,sharp,landscape,1,NA,NA,msidi,msidi,0.21149938353588132,NA
32,random_32,random,landscape,1,NA,NA,msidi,msidi,0.6827565110265211,NA
33,sharp_33_rot300,sharp,landscape,1,NA,NA,msidi,msidi,0.4844017951480798,NA
34,sharp_34_rot273,sharp,landscape,1,NA,NA,msidi,msidi,0.6368723725402197,NA
35,random_35,random,landscape,1,NA,NA,msidi,msidi,0.23010349059847968,NA
36,random_36,random,landscape,1,NA,NA,msidi,msidi,0.47921830627854173,NA
37,random_37,random,landscape,1,NA,NA,msidi,msidi,0.5838766828542802,NA
38,sharp_38_rot249,sharp,landscape,1,NA,NA,msidi,msidi,0.6072994837168336,NA
39,sharp_39_rot66,sharp,landscape,1,NA,NA,msidi,msidi,0.37520322299023345,NA
40,sharp_40_rot331,sharp,landscape,1,NA,NA,msidi,msidi,0.6748735254678347,NA
41,sharp_41_rot185,sharp,landscape,1,NA,NA,msidi,msidi,0.4014302590704899,NA
42,random_42,random,landscape,1,NA,NA,msidi,msidi,0.6230836131391789,NA
43,random_43,random,landscape,1,NA,NA,msidi,msidi,0.6447849555624682,NA
44,random_44,random,landscape,1,NA,NA,msidi,msidi,0.6633879712167797,NA
45,sharp_45_rot260,sharp,landscape,1,NA,NA,msidi,msidi,0.3409140589240694,NA
46,random_46,random,landscape,1,NA,NA,msidi,msidi,0.19454637633653493,NA
47,sharp_47_rot311,sharp,landscape,1,NA,NA,msidi,msidi,0.16336538175507723,NA
48,random_48,random,landscape,1,NA,NA,msidi,msidi,0.6325225587435105,NA
49,sharp_49_rot290,sharp,landscape,1,NA,NA,msidi,msidi,0.20994402462157866,NA
50,sharp_50_rot26,sharp,landscape,1,NA,NA,msidi,msidi,0.5438986911433779,NA
51,sharp_51_rot174,sharp,landscape,1,NA,NA,msidi,msidi,0.6867357378546561,NA
52,sharp_52_rot258,sharp,landscape,1,NA,NA,msidi,msidi,0.672960470170376,NA
53,sharp_53_rot89,sharp,landscape,1,NA,NA,msidi,msidi,0.6927472605386185,NA
54,sharp_54_rot216,sharp,landscape,1,NA,NA,msidi,msidi,0.13949197881859887,NA
55,random_55,random,landscape,1,NA,NA,msidi,msidi,0.39550083675810616,NA
56,sharp_56_rot328,sharp,landscape,1,NA,NA,msidi,msidi,0.543622131055767,NA
57,sharp_57_rot74,sharp,landscape,1,NA,NA,msidi,msidi,0.4867434088124719,NA
58,random_58,random,landscape,1,NA,NA,msidi,msidi,0.39567571099621524,NA
59,sharp_59_rot291,sharp,landscape,1,NA,NA,msidi,msidi,0.6643255431615356,NA
60,random_60,random,landscape,1,NA,NA,msidi,msidi,0.542375150518694,NA
61,random_61,random,landscape,1,NA,NA,msidi,msidi,0.23993890698790662,NA
62,sharp_62_rot178,sharp,landscape,1,NA,NA,msidi,msidi,0.691548459196248,NA
63,random_63,random,landscape,1,NA,NA,msidi,msidi,0.658122334682156,NA
64,sharp_64_rot282,sharp,landscape,1,NA,NA,msidi,msidi,0.2988757957303578,NA
65,random_65,random,landscape,1,NA,NA,msidi,msidi,0.3750251408085469,NA
66,sharp_66_rot51,sharp,landscape,1,NA,NA,msidi,msidi,0.16297171434230434,NA
67,random_67,random,landscape,1,NA,NA,msidi,msidi,0.6634554162844573,NA
68,sharp_68_rot332,sharp,landscape,1,NA,NA,msidi,msidi,0.5691085873220767,NA
69,random_69,random,landscape,1,NA,NA,msidi,msidi,0.4183271506826191,NA
70,random_70,random,landscape,1,NA,NA,msidi,msidi,0.6881188438611404,NA
71,random_71,random,landscape,1,NA,NA,msidi,msidi,0.6744983166320342,NA
72,random_72,random,landscape,1,NA,NA,msidi,msidi,0.6824303712492265,NA
73,sharp_73_rot288,sharp,landscape,1,NA,NA,msidi,msidi,0.6097025736053105,NA
74,sharp_74_rot285,sharp,landscape,1,NA,NA,msidi,msidi,0.4889206328223972,NA
75,sharp_75_rot69,sharp,landscape,1,NA,NA,msidi,msidi,0.4927884428424611,NA
76,random_76,random,landscape,1,NA,NA,msidi,msidi,0.6393931662285791,NA
77,random_77,random,landscape,1,NA,NA,msidi,msidi,0.6554507053904705,NA
78,random_78,random,landscape,1,NA,NA,msidi,msidi,0.43609394853642813,NA
79,random_79,random,landscape,1,NA,NA,msidi,msidi,0.6324284078817239,NA
80,sharp_80_rot260,sharp,landscape,1,NA,NA,msidi,msidi,0.2841970588389729,NA
81,sharp_81_rot193,sharp,landscape,1,NA,NA,msidi,msidi,0.3716365700979157,NA
82,random_82,random,landscape,1,NA,NA,msidi,msidi,0.6766938421496292,NA
83,random_83,random,landscape,1,NA,NA,msidi,msidi,0.24743601335049406,NA
84,sharp_84_rot19,sharp,landscape,1,NA,NA,msidi,msidi,0.11174529952415416,NA
85,random_85,random,landscape,1,NA,NA,msidi,msidi,0.6921866420248238,NA
86,sharp_86_rot322,sharp,landscape,1,NA,NA,msidi,msidi,0.6873575329613237,NA
87,random_87,random,landscape,1,NA,NA,msidi,msidi,0.5806894101034928,NA
88,sharp_88_rot76,sharp,landscape,1,NA,NA,msidi,msidi,0.5773392853209114,NA
89,sharp_89_rot22,sharp,landscape,1,NA,NA,msidi,msidi,0.6813792550085062,NA
90,sharp_90_rot226,sharp,landscape,1,NA,NA,msidi,msidi,0.1653332152994854,NA
91,sharp_91_rot271,sharp,landscape,1,NA,NA,msidi,msidi,0.3496595806731358,NA
92,random_92,random,landscape,1,NA,NA,msidi,msidi,0.6216707450062912,NA
93,sharp_93_rot226,sharp,landscape,1,NA,NA,msidi,msidi,0.5864229711552487,NA
94,random_94,random,landscape,1,NA,NA,msidi,msidi,0.6420349525639245,NA
95,sharp_95_rot353,sharp,landscape,1,NA,NA,msidi,msidi,0.6167314362192423,NA
96,sharp_96_rot338,sharp,landscape,1,NA,NA,msidi,msidi,0.5808127036000283,NA
97,sharp_97_rot301,sharp,landscape,1,NA,NA,msidi,msidi,0.26769956591000593,NA
98,random_98,random,landscape,1,NA,NA,msidi,msidi,0.6929833539802523,NA
99,sharp_99_rot291,sharp,landscape,1,NA,NA,msidi,msidi,0.18006404289705502,NA
100,random_100,random,landscape,1,NA,NA,msidi,msidi,0.47811319103431,NA
1,random_1,random,landscape,1,NA,NA,msiei,msiei,0.5023546909857499,NA
2,sharp_2_rot108,sharp,landscape,1,NA,NA,msiei,msiei,0.4328089420299673,NA
3,random_3,random,landscape,1,NA,NA,msiei,msiei,0.4825869838782211,NA
4,sharp_4_rot87,sharp,landscape,1,NA,NA,msiei,msiei,0.7852778933196457,NA
5,sharp_5_rot329,sharp,landscape,1,NA,NA,msiei,msiei,0.6440354106808638,NA
6,random_6,random,landscape,1,NA,NA,msiei,msiei,0.9630803580377828,NA
7,sharp_7_rot144,sharp,landscape,1,NA,NA,msiei,msiei,0.8785164325797062,NA
8,sharp_8_rot184,sharp,landscape,1,NA,NA,msiei,msiei,0.9430830811387271,NA
9,sharp_9_rot64,sharp,landscape,1,NA,NA,msiei,msiei,0.9428603089336904,NA
10,random_10,random,landscape,1,NA,NA,msiei,msiei,0.9445211110135605,NA
11,random_11,random,landscape,1,NA,NA,msiei,msiei,0.4868195960796334,NA
12,sharp_12_rot167,sharp,landscape,1,NA,NA,msiei,msiei,0.6385359746732111,NA
13,random_13,random,landscape,1,NA,NA,msiei,msiei,0.5908852621859851,NA
14,random_14,random,landscape,1,NA,NA,msiei,msiei,0.9999994806298784,NA
15,random_15,random,landscape,1,NA,NA,msiei,msiei,0.6833663037340608,NA
16,random_16,random,landscape,1,NA,NA,msiei,msiei,0.9487308710492542,NA
17,random_17,random,landscape,1,NA,NA,msiei,msiei,0.9987193976248344,NA
18,random_18,random,landscape,1,NA,NA,msiei,msiei,0.42522983720842505,NA
19,sharp_19_rot112,sharp,landscape,1,NA,NA,msiei,msiei,0.9972349275912747,NA
20,random_20,random,landscape,1,NA,NA,msiei,msiei,0.498416105967863,NA
21,random_21,random,landscape,1,NA,NA,msiei,msiei,0.4042815266459317,NA
22,random_22,random,landscape,1,NA,NA,msiei,msiei,0.5492491888932483,NA
23,sharp_23_rot279,sharp,landscape,1,NA,NA,msiei,msiei,0.5973402903646561,NA
24,random_24,random,landscape,1,NA,NA,msiei,msiei,0.9446310105995108,NA
25,random_25,random,landscape,1,NA,NA,msiei,msiei,0.47622272460449006,NA
26,random_26,random,landscape,1,NA,NA,msiei,msiei,0.35669776372651896,NA
27,sharp_27_rot305,sharp,landscape,1,NA,NA,msiei,msiei,0.42658479167877716,NA
28,random_28,random,landscape,1,NA,NA,msiei,msiei,0.9956107342459407,NA
29,sharp_29_rot195,sharp,landscape,1,NA,NA,msiei,msiei,0.3630622253765371,NA
30,sharp_30_rot81,sharp,landscape,1,NA,NA,msiei,msiei,0.9905653943271336,NA
31,sharp_31_rot308,sharp,landscape,1,NA,NA,msiei,msiei,0.3051291117782889,NA
32,random_32,random,landscape,1,NA,NA,msiei,msiei,0.985009432592613,NA
33,sharp_33_rot300,sharp,landscape,1,NA,NA,msiei,msiei,0.6988440676578462,NA
34,sharp_34_rot273,sharp,landscape,1,NA,NA,msiei,msiei,0.9188126135429634,NA
35,random_35,random,landscape,1,NA,NA,msiei,msiei,0.33196916477766686,NA
36,random_36,random,landscape,1,NA,NA,msiei,msiei,0.6913658739712606,NA
37,random_37,random,landscape,1,NA,NA,msiei,msiei,0.8423559948445681,NA
38,sharp_38_rot249,sharp,landscape,1,NA,NA,msiei,msiei,0.8761479534927037,NA
39,sharp_39_rot66,sharp,landscape,1,NA,NA,msiei,msiei,0.5413038291335657,NA
40,sharp_40_rot331,sharp,landscape,1,NA,NA,msiei,msiei,0.9736366884196967,NA
41,sharp_41_rot185,sharp,landscape,1,NA,NA,msiei,msiei,0.5791414440237677,NA
42,random_42,random,landscape,1,NA,NA,msiei,msiei,0.8989196387350709,NA
43,random_43,random,landscape,1,NA,NA,msiei,msiei,0.9302280578297835,NA
44,random_44,random,landscape,1,NA,NA,msiei,msiei,0.9570665362598385,NA
45,sharp_45_rot260,sharp,landscape,1,NA,NA,msiei,msiei,0.4918350221790828,NA
46,random_46,random,landscape,1,NA,NA,msiei,msiei,0.2806710923636369,NA
47,sharp_47_rot311,sharp,landscape,1,NA,NA,msiei,msiei,0.23568642611098226,NA
48,random_48,random,landscape,1,NA,NA,msiei,msiei,0.9125371587496607,NA
49,sharp_49_rot290,sharp,landscape,1,NA,NA,msiei,msiei,0.30288520318582196,NA
50,sharp_50_rot26,sharp,landscape,1,NA,NA,msiei,msiei,0.7846799444585493,NA
51,sharp_51_rot174,sharp,landscape,1,NA,NA,msiei,msiei,0.9907502434041356,NA
52,sharp_52_rot258,sharp,landscape,1,NA,NA,msiei,msiei,0.9708767330291066,NA
53,sharp_53_rot89,sharp,landscape,1,NA,NA,msiei,msiei,0.9994230373684796,NA
54,sharp_54_rot216,sharp,landscape,1,NA,NA,msiei,msiei,0.20124438608538092,NA
55,random_55,random,landscape,1,NA,NA,msiei,msiei,0.5705870958583552,NA
56,sharp_56_rot328,sharp,landscape,1,NA,NA,msiei,msiei,0.7842809525916452,NA
57,sharp_57_rot74,sharp,landscape,1,NA,NA,msiei,msiei,0.7022223020791426,NA
58,random_58,random,landscape,1,NA,NA,msiei,msiei,0.5708393860544544,NA
59,sharp_59_rot291,sharp,landscape,1,NA,NA,msiei,msiei,0.9584191666550145,NA
60,random_60,random,landscape,1,NA,NA,msiei,msiei,0.7824819399547249,NA
61,random_61,random,landscape,1,NA,NA,msiei,msiei,0.34615867122777116,NA
62,sharp_62_rot178,sharp,landscape,1,NA,NA,msiei,msiei,0.9976935326168306,NA
63,random_63,random,landscape,1,NA,NA,msiei,msiei,0.9494698285442131,NA
64,sharp_64_rot282,sharp,landscape,1,NA,NA,msiei,msiei,0.43118662834193,NA
65,random_65,random,landscape,1,NA,NA,msiei,msiei,0.5410469108531758,NA
66,sharp_66_rot51,sharp,landscape,1,NA,NA,msiei,msiei,0.23511848408681524,NA
67,random_67,random,landscape,1,NA,NA,msiei,msiei,0.9571638389245093,NA
68,sharp_68_rot332,sharp,landscape,1,NA,NA,msiei,msiei,0.8210501366568836,NA
69,random_69,random,landscape,1,NA,NA,msiei,msiei,0.6035185057590248,NA
70,random_70,random,landscape,1,NA,NA,msiei,msiei,0.9927456435807143,NA
71,random_71,random,landscape,1,NA,NA,msiei,msiei,0.9730953764929896,NA
72,random_72,random,landscape,1,NA,NA,msiei,msiei,0.9845389123532733,NA
73,sharp_73_rot288,sharp,landscape,1,NA,NA,msiei,msiei,0.8796148793576197,NA
74,sharp_74_rot285,sharp,landscape,1,NA,NA,msiei,msiei,0.7053633723611663,NA
75,sharp_75_rot69,sharp,landscape,1,NA,NA,msiei,msiei,0.710943442696213,NA
76,random_76,random,landscape,1,NA,NA,msiei,msiei,0.9224493500962637,NA
77,random_77,random,landscape,1,NA,NA,msiei,msiei,0.9456154822140047,NA
78,random_78,random,landscape,1,NA,NA,msiei,msiei,0.6291505769151917,NA
79,random_79,random,landscape,1,NA,NA,msiei,msiei,0.9124013277682658,NA
80,sharp_80_rot260,sharp,landscape,1,NA,NA,msiei,msiei,0.41000968742221516,NA
81,sharp_81_rot193,sharp,landscape,1,NA,NA,msiei,msiei,0.5361582366932466,NA
82,random_82,random,landscape,1,NA,NA,msiei,msiei,0.9762628502693691,NA
83,random_83,random,landscape,1,NA,NA,msiei,msiei,0.3569747093980931,NA
84,sharp_84_rot19,sharp,landscape,1,NA,NA,msiei,msiei,0.16121438946614905,NA
85,random_85,random,landscape,1,NA,NA,msiei,msiei,0.9986142358187975,NA
86,sharp_86_rot322,sharp,landscape,1,NA,NA,msiei,msiei,0.991647304120974,NA
87,random_87,random,landscape,1,NA,NA,msiei,msiei,0.8377577322530467,NA
88,sharp_88_rot76,sharp,landscape,1,NA,NA,msiei,msiei,0.8329245238428572,NA
89,sharp_89_rot22,sharp,landscape,1,NA,NA,msiei,msiei,0.9830224721653883,NA
90,sharp_90_rot226,sharp,landscape,1,NA,NA,msiei,msiei,0.23852540980679487,NA
91,sharp_91_rot271,sharp,landscape,1,NA,NA,msiei,msiei,0.5044521430364475,NA
92,random_92,random,landscape,1,NA,NA,msiei,msiei,0.8968813008863236,NA
93,sharp_93_rot226,sharp,landscape,1,NA,NA,msiei,msiei,0.8460295123490489,NA
94,random_94,random,landscape,1,NA,NA,msiei,msiei,0.9262606421413547,NA
95,sharp_95_rot353,sharp,landscape,1,NA,NA,msiei,msiei,0.889755384593829,NA
96,sharp_96_rot338,sharp,landscape,1,NA,NA,msiei,msiei,0.8379356071690723,NA
97,sharp_97_rot301,sharp,landscape,1,NA,NA,msiei,msiei,0.38620883618649376,NA
98,random_98,random,landscape,1,NA,NA,msiei,msiei,0.9997636482059112,NA
99,sharp_99_rot291,sharp,landscape,1,NA,NA,msiei,msiei,0.25977750172999886,NA
100,random_100,random,landscape,1,NA,NA,msiei,msiei,0.6897715296887966,NA
1,random_1,random,landscape,1,NA,NA,mutinf,mutinf,3.806848145160302e-5,NA
2,sharp_2_rot108,sharp,landscape,1,NA,NA,mutinf,mutinf,0.5603416237475942,NA
3,random_3,random,landscape,1,NA,NA,mutinf,mutinf,3.680236376535362e-6,NA
4,sharp_4_rot87,sharp,landscape,1,NA,NA,mutinf,mutinf,0.8322700502234036,NA
5,sharp_5_rot329,sharp,landscape,1,NA,NA,mutinf,mutinf,0.7261446373776945,NA
6,random_6,random,landscape,1,NA,NA,mutinf,mutinf,9.40946934457898e-6,NA
7,sharp_7_rot144,sharp,landscape,1,NA,NA,mutinf,mutinf,0.8646921279366098,NA
8,sharp_8_rot184,sharp,landscape,1,NA,NA,mutinf,mutinf,0.922540274631735,NA
9,sharp_9_rot64,sharp,landscape,1,NA,NA,mutinf,mutinf,0.9070398597042824,NA
10,random_10,random,landscape,1,NA,NA,mutinf,mutinf,1.0850026346265196e-6,NA
11,random_11,random,landscape,1,NA,NA,mutinf,mutinf,1.7564207510645247e-7,NA
12,sharp_12_rot167,sharp,landscape,1,NA,NA,mutinf,mutinf,0.7282686599131819,NA
13,random_13,random,landscape,1,NA,NA,mutinf,mutinf,1.581315412302331e-5,NA
14,random_14,random,landscape,1,NA,NA,mutinf,mutinf,4.139979807304961e-5,NA
15,random_15,random,landscape,1,NA,NA,mutinf,mutinf,2.53272431876006e-5,NA
16,random_16,random,landscape,1,NA,NA,mutinf,mutinf,1.530291200380063e-5,NA
17,random_17,random,landscape,1,NA,NA,mutinf,mutinf,2.1383804238439552e-6,NA
18,random_18,random,landscape,1,NA,NA,mutinf,mutinf,6.472955354719367e-5,NA
19,sharp_19_rot112,sharp,landscape,1,NA,NA,mutinf,mutinf,0.9379330654588458,NA
20,random_20,random,landscape,1,NA,NA,mutinf,mutinf,1.3204602497851603e-4,NA
21,random_21,random,landscape,1,NA,NA,mutinf,mutinf,5.244848056062956e-5,NA
22,random_22,random,landscape,1,NA,NA,mutinf,mutinf,7.710038183450507e-7,NA
23,sharp_23_rot279,sharp,landscape,1,NA,NA,mutinf,mutinf,0.7008599781530507,NA
24,random_24,random,landscape,1,NA,NA,mutinf,mutinf,3.427802953037684e-5,NA
25,random_25,random,landscape,1,NA,NA,mutinf,mutinf,2.749423953418706e-5,NA
26,random_26,random,landscape,1,NA,NA,mutinf,mutinf,1.1105399983390996e-4,NA
27,sharp_27_rot305,sharp,landscape,1,NA,NA,mutinf,mutinf,0.5611512144032638,NA
28,random_28,random,landscape,1,NA,NA,mutinf,mutinf,1.544588122337487e-5,NA
29,sharp_29_rot195,sharp,landscape,1,NA,NA,mutinf,mutinf,0.49513088931562155,NA
30,sharp_30_rot81,sharp,landscape,1,NA,NA,mutinf,mutinf,0.943371576634243,NA
31,sharp_31_rot308,sharp,landscape,1,NA,NA,mutinf,mutinf,0.44621591758085577,NA
32,random_32,random,landscape,1,NA,NA,mutinf,mutinf,1.2107074643230575e-4,NA
33,sharp_33_rot300,sharp,landscape,1,NA,NA,mutinf,mutinf,0.7615911925006937,NA
34,sharp_34_rot273,sharp,landscape,1,NA,NA,mutinf,mutinf,0.909534614678462,NA
35,random_35,random,landscape,1,NA,NA,mutinf,mutinf,4.3747506760949406e-5,NA
36,random_36,random,landscape,1,NA,NA,mutinf,mutinf,1.0795112634909287e-6,NA
37,random_37,random,landscape,1,NA,NA,mutinf,mutinf,1.7751076741845395e-7,NA
38,sharp_38_rot249,sharp,landscape,1,NA,NA,mutinf,mutinf,0.8741864085976613,NA
39,sharp_39_rot66,sharp,landscape,1,NA,NA,mutinf,mutinf,0.6512659971509416,NA
40,sharp_40_rot331,sharp,landscape,1,NA,NA,mutinf,mutinf,0.9205970053606474,NA
41,sharp_41_rot185,sharp,landscape,1,NA,NA,mutinf,mutinf,0.6895279278486587,NA
42,random_42,random,landscape,1,NA,NA,mutinf,mutinf,6.951897786322547e-7,NA
43,random_43,random,landscape,1,NA,NA,mutinf,mutinf,1.558164067820833e-4,NA
44,random_44,random,landscape,1,NA,NA,mutinf,mutinf,4.759241236018674e-5,NA
45,sharp_45_rot260,sharp,landscape,1,NA,NA,mutinf,mutinf,0.6157030775854522,NA
46,random_46,random,landscape,1,NA,NA,mutinf,mutinf,9.286079723347385e-5,NA
47,sharp_47_rot311,sharp,landscape,1,NA,NA,mutinf,mutinf,0.37099266957650934,NA
48,random_48,random,landscape,1,NA,NA,mutinf,mutinf,1.1371332219267671e-4,NA
49,sharp_49_rot290,sharp,landscape,1,NA,NA,mutinf,mutinf,0.43989009849804905,NA
50,sharp_50_rot26,sharp,landscape,1,NA,NA,mutinf,mutinf,0.8167278166356852,NA
51,sharp_51_rot174,sharp,landscape,1,NA,NA,mutinf,mutinf,0.945720269477268,NA
52,sharp_52_rot258,sharp,landscape,1,NA,NA,mutinf,mutinf,0.9314571357444075,NA
53,sharp_53_rot89,sharp,landscape,1,NA,NA,mutinf,mutinf,0.9531415680018387,NA
54,sharp_54_rot216,sharp,landscape,1,NA,NA,mutinf,mutinf,0.3293033399342241,NA
55,random_55,random,landscape,1,NA,NA,mutinf,mutinf,8.399762600364014e-6,NA
56,sharp_56_rot328,sharp,landscape,1,NA,NA,mutinf,mutinf,0.8130704705483583,NA
57,sharp_57_rot74,sharp,landscape,1,NA,NA,mutinf,mutinf,0.7707528443347507,NA
58,random_58,random,landscape,1,NA,NA,mutinf,mutinf,1.3896491850573511e-6,NA
59,sharp_59_rot291,sharp,landscape,1,NA,NA,mutinf,mutinf,0.9187695955302408,NA
60,random_60,random,landscape,1,NA,NA,mutinf,mutinf,4.969736594184759e-5,NA
61,random_61,random,landscape,1,NA,NA,mutinf,mutinf,5.515408074474593e-6,NA
62,sharp_62_rot178,sharp,landscape,1,NA,NA,mutinf,mutinf,0.9515059652846531,NA
63,random_63,random,landscape,1,NA,NA,mutinf,mutinf,3.235782708443935e-8,NA
64,sharp_64_rot282,sharp,landscape,1,NA,NA,mutinf,mutinf,0.5606641733106135,NA
65,random_65,random,landscape,1,NA,NA,mutinf,mutinf,6.509928376230434e-5,NA
66,sharp_66_rot51,sharp,landscape,1,NA,NA,mutinf,mutinf,0.3698471198042707,NA
67,random_67,random,landscape,1,NA,NA,mutinf,mutinf,3.6680051482829157e-6,NA
68,sharp_68_rot332,sharp,landscape,1,NA,NA,mutinf,mutinf,0.8373380235012264,NA
69,random_69,random,landscape,1,NA,NA,mutinf,mutinf,1.0568737476956969e-5,NA
70,random_70,random,landscape,1,NA,NA,mutinf,mutinf,4.541649282652216e-5,NA
71,random_71,random,landscape,1,NA,NA,mutinf,mutinf,9.837356393083141e-5,NA
72,random_72,random,landscape,1,NA,NA,mutinf,mutinf,1.0364443300514559e-4,NA
73,sharp_73_rot288,sharp,landscape,1,NA,NA,mutinf,mutinf,0.8783043995838334,NA
74,sharp_74_rot285,sharp,landscape,1,NA,NA,mutinf,mutinf,0.7731890305350003,NA
75,sharp_75_rot69,sharp,landscape,1,NA,NA,mutinf,mutinf,0.773064639866275,NA
76,random_76,random,landscape,1,NA,NA,mutinf,mutinf,8.052053542950688e-5,NA
77,random_77,random,landscape,1,NA,NA,mutinf,mutinf,1.4132630921093181e-5,NA
78,random_78,random,landscape,1,NA,NA,mutinf,mutinf,3.4058944553549964e-9,NA
79,random_79,random,landscape,1,NA,NA,mutinf,mutinf,7.593614909007229e-5,NA
80,sharp_80_rot260,sharp,landscape,1,NA,NA,mutinf,mutinf,0.5423593015991193,NA
81,sharp_81_rot193,sharp,landscape,1,NA,NA,mutinf,mutinf,0.6502879321436632,NA
82,random_82,random,landscape,1,NA,NA,mutinf,mutinf,2.374382841163758e-5,NA
83,random_83,random,landscape,1,NA,NA,mutinf,mutinf,8.498347062735334e-5,NA
84,sharp_84_rot19,sharp,landscape,1,NA,NA,mutinf,mutinf,0.27434180595169533,NA
85,random_85,random,landscape,1,NA,NA,mutinf,mutinf,2.0487962136850335e-4,NA
86,sharp_86_rot322,sharp,landscape,1,NA,NA,mutinf,mutinf,0.9221228127615582,NA
87,random_87,random,landscape,1,NA,NA,mutinf,mutinf,4.578647006958647e-5,NA
88,sharp_88_rot76,sharp,landscape,1,NA,NA,mutinf,mutinf,0.8539825170864399,NA
89,sharp_89_rot22,sharp,landscape,1,NA,NA,mutinf,mutinf,0.930734794683189,NA
90,sharp_90_rot226,sharp,landscape,1,NA,NA,mutinf,mutinf,0.37449064713449376,NA
91,sharp_91_rot271,sharp,landscape,1,NA,NA,mutinf,mutinf,0.6317372639153133,NA
92,random_92,random,landscape,1,NA,NA,mutinf,mutinf,3.4586578515405364e-5,NA
93,sharp_93_rot226,sharp,landscape,1,NA,NA,mutinf,mutinf,0.8486508920940175,NA
94,random_94,random,landscape,1,NA,NA,mutinf,mutinf,4.2938110490498005e-5,NA
95,sharp_95_rot353,sharp,landscape,1,NA,NA,mutinf,mutinf,0.8913080102474534,NA
96,sharp_96_rot338,sharp,landscape,1,NA,NA,mutinf,mutinf,0.8515173352164259,NA
97,sharp_97_rot301,sharp,landscape,1,NA,NA,mutinf,mutinf,0.5247857439420659,NA
98,random_98,random,landscape,1,NA,NA,mutinf,mutinf,2.8750491536388978e-5,NA
99,sharp_99_rot291,sharp,landscape,1,NA,NA,mutinf,mutinf,0.39400609726379693,NA
100,random_100,random,landscape,1,NA,NA,mutinf,mutinf,1.776289486143945e-5,NA
1,random_1,random,landscape,1,NA,NA,ndca,ndca,155,NA
2,sharp_2_rot108,sharp,landscape,1,NA,NA,ndca,ndca,2,NA
3,random_3,random,landscape,1,NA,NA,ndca,ndca,150,NA
4,sharp_4_rot87,sharp,landscape,1,NA,NA,ndca,ndca,2,NA
5,sharp_5_rot329,sharp,landscape,1,NA,NA,ndca,ndca,2,NA
6,random_6,random,landscape,1,NA,NA,ndca,ndca,367,NA
7,sharp_7_rot144,sharp,landscape,1,NA,NA,ndca,ndca,2,NA
8,sharp_8_rot184,sharp,landscape,1,NA,NA,ndca,ndca,2,NA
9,sharp_9_rot64,sharp,landscape,1,NA,NA,ndca,ndca,2,NA
10,random_10,random,landscape,1,NA,NA,ndca,ndca,389,NA
11,random_11,random,landscape,1,NA,NA,ndca,ndca,142,NA
12,sharp_12_rot167,sharp,landscape,1,NA,NA,ndca,ndca,2,NA
13,random_13,random,landscape,1,NA,NA,ndca,ndca,240,NA
14,random_14,random,landscape,1,NA,NA,ndca,ndca,363,NA
15,random_15,random,landscape,1,NA,NA,ndca,ndca,326,NA
16,random_16,random,landscape,1,NA,NA,ndca,ndca,403,NA
17,random_17,random,landscape,1,NA,NA,ndca,ndca,365,NA
18,random_18,random,landscape,1,NA,NA,ndca,ndca,100,NA
19,sharp_19_rot112,sharp,landscape,1,NA,NA,ndca,ndca,2,NA
20,random_20,random,landscape,1,NA,NA,ndca,ndca,143,NA
21,random_21,random,landscape,1,NA,NA,ndca,ndca,74,NA
22,random_22,random,landscape,1,NA,NA,ndca,ndca,197,NA
23,sharp_23_rot279,sharp,landscape,1,NA,NA,ndca,ndca,2,NA
24,random_24,random,landscape,1,NA,NA,ndca,ndca,413,NA
25,random_25,random,landscape,1,NA,NA,ndca,ndca,125,NA
26,random_26,random,landscape,1,NA,NA,ndca,ndca,49,NA
27,sharp_27_rot305,sharp,landscape,1,NA,NA,ndca,ndca,2,NA
28,random_28,random,landscape,1,NA,NA,ndca,ndca,385,NA
29,sharp_29_rot195,sharp,landscape,1,NA,NA,ndca,ndca,2,NA
30,sharp_30_rot81,sharp,landscape,1,NA,NA,ndca,ndca,2,NA
31,sharp_31_rot308,sharp,landscape,1,NA,NA,ndca,ndca,2,NA
32,random_32,random,landscape,1,NA,NA,ndca,ndca,378,NA
33,sharp_33_rot300,sharp,landscape,1,NA,NA,ndca,ndca,2,NA
34,sharp_34_rot273,sharp,landscape,1,NA,NA,ndca,ndca,2,NA
35,random_35,random,landscape,1,NA,NA,ndca,ndca,39,NA
36,random_36,random,landscape,1,NA,NA,ndca,ndca,325,NA
37,random_37,random,landscape,1,NA,NA,ndca,ndca,409,NA
38,sharp_38_rot249,sharp,landscape,1,NA,NA,ndca,ndca,2,NA
39,sharp_39_rot66,sharp,landscape,1,NA,NA,ndca,ndca,2,NA
40,sharp_40_rot331,sharp,landscape,1,NA,NA,ndca,ndca,2,NA
41,sharp_41_rot185,sharp,landscape,1,NA,NA,ndca,ndca,2,NA
42,random_42,random,landscape,1,NA,NA,ndca,ndca,403,NA
43,random_43,random,landscape,1,NA,NA,ndca,ndca,395,NA
44,random_44,random,landscape,1,NA,NA,ndca,ndca,400,NA
45,sharp_45_rot260,sharp,landscape,1,NA,NA,ndca,ndca,2,NA
46,random_46,random,landscape,1,NA,NA,ndca,ndca,14,NA
47,sharp_47_rot311,sharp,landscape,1,NA,NA,ndca,ndca,2,NA
48,random_48,random,landscape,1,NA,NA,ndca,ndca,366,NA
49,sharp_49_rot290,sharp,landscape,1,NA,NA,ndca,ndca,2,NA
50,sharp_50_rot26,sharp,landscape,1,NA,NA,ndca,ndca,2,NA
51,sharp_51_rot174,sharp,landscape,1,NA,NA,ndca,ndca,2,NA
52,sharp_52_rot258,sharp,landscape,1,NA,NA,ndca,ndca,2,NA
53,sharp_53_rot89,sharp,landscape,1,NA,NA,ndca,ndca,2,NA
54,sharp_54_rot216,sharp,landscape,1,NA,NA,ndca,ndca,2,NA
55,random_55,random,landscape,1,NA,NA,ndca,ndca,249,NA
56,sharp_56_rot328,sharp,landscape,1,NA,NA,ndca,ndca,2,NA
57,sharp_57_rot74,sharp,landscape,1,NA,NA,ndca,ndca,2,NA
58,random_58,random,landscape,1,NA,NA,ndca,ndca,225,NA
59,sharp_59_rot291,sharp,landscape,1,NA,NA,ndca,ndca,2,NA
60,random_60,random,landscape,1,NA,NA,ndca,ndca,375,NA
61,random_61,random,landscape,1,NA,NA,ndca,ndca,40,NA
62,sharp_62_rot178,sharp,landscape,1,NA,NA,ndca,ndca,2,NA
63,random_63,random,landscape,1,NA,NA,ndca,ndca,402,NA
64,sharp_64_rot282,sharp,landscape,1,NA,NA,ndca,ndca,2,NA
65,random_65,random,landscape,1,NA,NA,ndca,ndca,196,NA
66,sharp_66_rot51,sharp,landscape,1,NA,NA,ndca,ndca,2,NA
67,random_67,random,landscape,1,NA,NA,ndca,ndca,387,NA
68,sharp_68_rot332,sharp,landscape,1,NA,NA,ndca,ndca,2,NA
69,random_69,random,landscape,1,NA,NA,ndca,ndca,266,NA
70,random_70,random,landscape,1,NA,NA,ndca,ndca,395,NA
71,random_71,random,landscape,1,NA,NA,ndca,ndca,355,NA
72,random_72,random,landscape,1,NA,NA,ndca,ndca,371,NA
73,sharp_73_rot288,sharp,landscape,1,NA,NA,ndca,ndca,2,NA
74,sharp_74_rot285,sharp,landscape,1,NA,NA,ndca,ndca,2,NA
75,sharp_75_rot69,sharp,landscape,1,NA,NA,ndca,ndca,2,NA
76,random_76,random,landscape,1,NA,NA,ndca,ndca,373,NA
77,random_77,random,landscape,1,NA,NA,ndca,ndca,392,NA
78,random_78,random,landscape,1,NA,NA,ndca,ndca,278,NA
79,random_79,random,landscape,1,NA,NA,ndca,ndca,390,NA
80,sharp_80_rot260,sharp,landscape,1,NA,NA,ndca,ndca,2,NA
81,sharp_81_rot193,sharp,landscape,1,NA,NA,ndca,ndca,2,NA
82,random_82,random,landscape,1,NA,NA,ndca,ndca,364,NA
83,random_83,random,landscape,1,NA,NA,ndca,ndca,34,NA
84,sharp_84_rot19,sharp,landscape,1,NA,NA,ndca,ndca,2,NA
85,random_85,random,landscape,1,NA,NA,ndca,ndca,350,NA
86,sharp_86_rot322,sharp,landscape,1,NA,NA,ndca,ndca,2,NA
87,random_87,random,landscape,1,NA,NA,ndca,ndca,399,NA
88,sharp_88_rot76,sharp,landscape,1,NA,NA,ndca,ndca,2,NA
89,sharp_89_rot22,sharp,landscape,1,NA,NA,ndca,ndca,2,NA
90,sharp_90_rot226,sharp,landscape,1,NA,NA,ndca,ndca,2,NA
91,sharp_91_rot271,sharp,landscape,1,NA,NA,ndca,ndca,2,NA
92,random_92,random,landscape,1,NA,NA,ndca,ndca,395,NA
93,sharp_93_rot226,sharp,landscape,1,NA,NA,ndca,ndca,2,NA
94,random_94,random,landscape,1,NA,NA,ndca,ndca,393,NA
95,sharp_95_rot353,sharp,landscape,1,NA,NA,ndca,ndca,2,NA
96,sharp_96_rot338,sharp,landscape,1,NA,NA,ndca,ndca,2,NA
97,sharp_97_rot301,sharp,landscape,1,NA,NA,ndca,ndca,2,NA
98,random_98,random,landscape,1,NA,NA,ndca,ndca,395,NA
99,sharp_99_rot291,sharp,landscape,1,NA,NA,ndca,ndca,2,NA
100,random_100,random,landscape,1,NA,NA,ndca,ndca,323,NA
1,random_1,random,landscape,1,NA,NA,np,np,759,NA
2,sharp_2_rot108,sharp,landscape,1,NA,NA,np,np,2,NA
3,random_3,random,landscape,1,NA,NA,np,np,764,NA
4,sharp_4_rot87,sharp,landscape,1,NA,NA,np,np,2,NA
5,sharp_5_rot329,sharp,landscape,1,NA,NA,np,np,2,NA
6,random_6,random,landscape,1,NA,NA,np,np,148,NA
7,sharp_7_rot144,sharp,landscape,1,NA,NA,np,np,2,NA
8,sharp_8_rot184,sharp,landscape,1,NA,NA,np,np,2,NA
9,sharp_9_rot64,sharp,landscape,1,NA,NA,np,np,2,NA
10,random_10,random,landscape,1,NA,NA,np,np,191,NA
11,random_11,random,landscape,1,NA,NA,np,np,765,NA
12,sharp_12_rot167,sharp,landscape,1,NA,NA,np,np,2,NA
13,random_13,random,landscape,1,NA,NA,np,np,697,NA
14,random_14,random,landscape,1,NA,NA,np,np,111,NA
15,random_15,random,landscape,1,NA,NA,np,np,633,NA
16,random_16,random,landscape,1,NA,NA,np,np,172,NA
17,random_17,random,landscape,1,NA,NA,np,np,104,NA
18,random_18,random,landscape,1,NA,NA,np,np,770,NA
19,sharp_19_rot112,sharp,landscape,1,NA,NA,np,np,2,NA
20,random_20,random,landscape,1,NA,NA,np,np,707,NA
21,random_21,random,landscape,1,NA,NA,np,np,739,NA
22,random_22,random,landscape,1,NA,NA,np,np,726,NA
23,sharp_23_rot279,sharp,landscape,1,NA,NA,np,np,2,NA
24,random_24,random,landscape,1,NA,NA,np,np,216,NA
25,random_25,random,landscape,1,NA,NA,np,np,762,NA
26,random_26,random,landscape,1,NA,NA,np,np,731,NA
27,sharp_27_rot305,sharp,landscape,1,NA,NA,np,np,2,NA
28,random_28,random,landscape,1,NA,NA,np,np,99,NA
29,sharp_29_rot195,sharp,landscape,1,NA,NA,np,np,2,NA
30,sharp_30_rot81,sharp,landscape,1,NA,NA,np,np,2,NA
31,sharp_31_rot308,sharp,landscape,1,NA,NA,np,np,2,NA
32,random_32,random,landscape,1,NA,NA,np,np,139,NA
33,sharp_33_rot300,sharp,landscape,1,NA,NA,np,np,2,NA
34,sharp_34_rot273,sharp,landscape,1,NA,NA,np,np,2,NA
35,random_35,random,landscape,1,NA,NA,np,np,685,NA
36,random_36,random,landscape,1,NA,NA,np,np,629,NA
37,random_37,random,landscape,1,NA,NA,np,np,425,NA
38,sharp_38_rot249,sharp,landscape,1,NA,NA,np,np,2,NA
39,sharp_39_rot66,sharp,landscape,1,NA,NA,np,np,2,NA
40,sharp_40_rot331,sharp,landscape,1,NA,NA,np,np,2,NA
41,sharp_41_rot185,sharp,landscape,1,NA,NA,np,np,2,NA
42,random_42,random,landscape,1,NA,NA,np,np,266,NA
43,random_43,random,landscape,1,NA,NA,np,np,206,NA
44,random_44,random,landscape,1,NA,NA,np,np,167,NA
45,sharp_45_rot260,sharp,landscape,1,NA,NA,np,np,2,NA
46,random_46,random,landscape,1,NA,NA,np,np,615,NA
47,sharp_47_rot311,sharp,landscape,1,NA,NA,np,np,2,NA
48,random_48,random,landscape,1,NA,NA,np,np,265,NA
49,sharp_49_rot290,sharp,landscape,1,NA,NA,np,np,2,NA
50,sharp_50_rot26,sharp,landscape,1,NA,NA,np,np,2,NA
51,sharp_51_rot174,sharp,landscape,1,NA,NA,np,np,2,NA
52,sharp_52_rot258,sharp,landscape,1,NA,NA,np,np,2,NA
53,sharp_53_rot89,sharp,landscape,1,NA,NA,np,np,2,NA
54,sharp_54_rot216,sharp,landscape,1,NA,NA,np,np,2,NA
55,random_55,random,landscape,1,NA,NA,np,np,732,NA
56,sharp_56_rot328,sharp,landscape,1,NA,NA,np,np,2,NA
57,sharp_57_rot74,sharp,landscape,1,NA,NA,np,np,2,NA
58,random_58,random,landscape,1,NA,NA,np,np,707,NA
59,sharp_59_rot291,sharp,landscape,1,NA,NA,np,np,2,NA
60,random_60,random,landscape,1,NA,NA,np,np,478,NA
61,random_61,random,landscape,1,NA,NA,np,np,702,NA
62,sharp_62_rot178,sharp,landscape,1,NA,NA,np,np,2,NA
63,random_63,random,landscape,1,NA,NA,np,np,188,NA
64,sharp_64_rot282,sharp,landscape,1,NA,NA,np,np,2,NA
65,random_65,random,landscape,1,NA,NA,np,np,735,NA
66,sharp_66_rot51,sharp,landscape,1,NA,NA,np,np,2,NA
67,random_67,random,landscape,1,NA,NA,np,np,198,NA
68,sharp_68_rot332,sharp,landscape,1,NA,NA,np,np,2,NA
69,random_69,random,landscape,1,NA,NA,np,np,692,NA
70,random_70,random,landscape,1,NA,NA,np,np,119,NA
71,random_71,random,landscape,1,NA,NA,np,np,146,NA
72,random_72,random,landscape,1,NA,NA,np,np,98,NA
73,sharp_73_rot288,sharp,landscape,1,NA,NA,np,np,2,NA
74,sharp_74_rot285,sharp,landscape,1,NA,NA,np,np,2,NA
75,sharp_75_rot69,sharp,landscape,1,NA,NA,np,np,2,NA
76,random_76,random,landscape,1,NA,NA,np,np,203,NA
77,random_77,random,landscape,1,NA,NA,np,np,211,NA
78,random_78,random,landscape,1,NA,NA,np,np,680,NA
79,random_79,random,landscape,1,NA,NA,np,np,283,NA
80,sharp_80_rot260,sharp,landscape,1,NA,NA,np,np,2,NA
81,sharp_81_rot193,sharp,landscape,1,NA,NA,np,np,2,NA
82,random_82,random,landscape,1,NA,NA,np,np,112,NA
83,random_83,random,landscape,1,NA,NA,np,np,704,NA
84,sharp_84_rot19,sharp,landscape,1,NA,NA,np,np,2,NA
85,random_85,random,landscape,1,NA,NA,np,np,103,NA
86,sharp_86_rot322,sharp,landscape,1,NA,NA,np,np,2,NA
87,random_87,random,landscape,1,NA,NA,np,np,414,NA
88,sharp_88_rot76,sharp,landscape,1,NA,NA,np,np,2,NA
89,sharp_89_rot22,sharp,landscape,1,NA,NA,np,np,2,NA
90,sharp_90_rot226,sharp,landscape,1,NA,NA,np,np,2,NA
91,sharp_91_rot271,sharp,landscape,1,NA,NA,np,np,2,NA
92,random_92,random,landscape,1,NA,NA,np,np,290,NA
93,sharp_93_rot226,sharp,landscape,1,NA,NA,np,np,2,NA
94,random_94,random,landscape,1,NA,NA,np,np,232,NA
95,sharp_95_rot353,sharp,landscape,1,NA,NA,np,np,2,NA
96,sharp_96_rot338,sharp,landscape,1,NA,NA,np,np,2,NA
97,sharp_97_rot301,sharp,landscape,1,NA,NA,np,np,2,NA
98,random_98,random,landscape,1,NA,NA,np,np,87,NA
99,sharp_99_rot291,sharp,landscape,1,NA,NA,np,np,2,NA
100,random_100,random,landscape,1,NA,NA,np,np,612,NA
1,random_1,random,landscape,1,NA,NA,pafrac,pafrac,1.6849879080045507,NA
2,sharp_2_rot108,sharp,landscape,1,NA,NA,pafrac,pafrac,NA,PAFRAC = NA for NP < 10
3,random_3,random,landscape,1,NA,NA,pafrac,pafrac,1.691567338776965,NA
4,sharp_4_rot87,sharp,landscape,1,NA,NA,pafrac,pafrac,NA,PAFRAC = NA for NP < 10
5,sharp_5_rot329,sharp,landscape,1,NA,NA,pafrac,pafrac,NA,PAFRAC = NA for NP < 10
6,random_6,random,landscape,1,NA,NA,pafrac,pafrac,1.7546882431192496,NA
7,sharp_7_rot144,sharp,landscape,1,NA,NA,pafrac,pafrac,NA,PAFRAC = NA for NP < 10
8,sharp_8_rot184,sharp,landscape,1,NA,NA,pafrac,pafrac,NA,PAFRAC = NA for NP < 10
9,sharp_9_rot64,sharp,landscape,1,NA,NA,pafrac,pafrac,NA,PAFRAC = NA for NP < 10
10,random_10,random,landscape,1,NA,NA,pafrac,pafrac,1.759988384372851,NA
11,random_11,random,landscape,1,NA,NA,pafrac,pafrac,1.695670367897238,NA
12,sharp_12_rot167,sharp,landscape,1,NA,NA,pafrac,pafrac,NA,PAFRAC = NA for NP < 10
13,random_13,random,landscape,1,NA,NA,pafrac,pafrac,1.7211944873752147,NA
14,random_14,random,landscape,1,NA,NA,pafrac,pafrac,1.761884324987979,NA
15,random_15,random,landscape,1,NA,NA,pafrac,pafrac,1.7360043195235326,NA
16,random_16,random,landscape,1,NA,NA,pafrac,pafrac,1.7765774105323813,NA
17,random_17,random,landscape,1,NA,NA,pafrac,pafrac,1.765628388211863,NA
18,random_18,random,landscape,1,NA,NA,pafrac,pafrac,1.692640668316622,NA
19,sharp_19_rot112,sharp,landscape,1,NA,NA,pafrac,pafrac,NA,PAFRAC = NA for NP < 10
20,random_20,random,landscape,1,NA,NA,pafrac,pafrac,1.6980586660931771,NA
21,random_21,random,landscape,1,NA,NA,pafrac,pafrac,1.697177937476087,NA
22,random_22,random,landscape,1,NA,NA,pafrac,pafrac,1.7180586825030815,NA
23,sharp_23_rot279,sharp,landscape,1,NA,NA,pafrac,pafrac,NA,PAFRAC = NA for NP < 10
24,random_24,random,landscape,1,NA,NA,pafrac,pafrac,1.7672306040755283,NA
25,random_25,random,landscape,1,NA,NA,pafrac,pafrac,1.7012800171274864,NA
26,random_26,random,landscape,1,NA,NA,pafrac,pafrac,1.6731139127581522,NA
27,sharp_27_rot305,sharp,landscape,1,NA,NA,pafrac,pafrac,NA,PAFRAC = NA for NP < 10
28,random_28,random,landscape,1,NA,NA,pafrac,pafrac,1.773548710556533,NA
29,sharp_29_rot195,sharp,landscape,1,NA,NA,pafrac,pafrac,NA,PAFRAC = NA for NP < 10
30,sharp_30_rot81,sharp,landscape,1,NA,NA,pafrac,pafrac,NA,PAFRAC = NA for NP < 10
31,sharp_31_rot308,sharp,landscape,1,NA,NA,pafrac,pafrac,NA,PAFRAC = NA for NP < 10
32,random_32,random,landscape,1,NA,NA,pafrac,pafrac,1.7749669475999188,NA
33,sharp_33_rot300,sharp,landscape,1,NA,NA,pafrac,pafrac,NA,PAFRAC = NA for NP < 10
34,sharp_34_rot273,sharp,landscape,1,NA,NA,pafrac,pafrac,NA,PAFRAC = NA for NP < 10
35,random_35,random,landscape,1,NA,NA,pafrac,pafrac,1.6410467178867134,NA
36,random_36,random,landscape,1,NA,NA,pafrac,pafrac,1.7301166535272834,NA
37,random_37,random,landscape,1,NA,NA,pafrac,pafrac,1.7567776507760553,NA
38,sharp_38_rot249,sharp,landscape,1,NA,NA,pafrac,pafrac,NA,PAFRAC = NA for NP < 10
39,sharp_39_rot66,sharp,landscape,1,NA,NA,pafrac,pafrac,NA,PAFRAC = NA for NP < 10
40,sharp_40_rot331,sharp,landscape,1,NA,NA,pafrac,pafrac,NA,PAFRAC = NA for NP < 10
41,sharp_41_rot185,sharp,landscape,1,NA,NA,pafrac,pafrac,NA,PAFRAC = NA for NP < 10
42,random_42,random,landscape,1,NA,NA,pafrac,pafrac,1.770235859288429,NA
43,random_43,random,landscape,1,NA,NA,pafrac,pafrac,1.785049620585422,NA
44,random_44,random,landscape,1,NA,NA,pafrac,pafrac,1.7710672024585559,NA
45,sharp_45_rot260,sharp,landscape,1,NA,NA,pafrac,pafrac,NA,PAFRAC = NA for NP < 10
46,random_46,random,landscape,1,NA,NA,pafrac,pafrac,1.6334925111311043,NA
47,sharp_47_rot311,sharp,landscape,1,NA,NA,pafrac,pafrac,NA,PAFRAC = NA for NP < 10
48,random_48,random,landscape,1,NA,NA,pafrac,pafrac,1.7712720109607434,NA
49,sharp_49_rot290,sharp,landscape,1,NA,NA,pafrac,pafrac,NA,PAFRAC = NA for NP < 10
50,sharp_50_rot26,sharp,landscape,1,NA,NA,pafrac,pafrac,NA,PAFRAC = NA for NP < 10
51,sharp_51_rot174,sharp,landscape,1,NA,NA,pafrac,pafrac,NA,PAFRAC = NA for NP < 10
52,sharp_52_rot258,sharp,landscape,1,NA,NA,pafrac,pafrac,NA,PAFRAC = NA for NP < 10
53,sharp_53_rot89,sharp,landscape,1,NA,NA,pafrac,pafrac,NA,PAFRAC = NA for NP < 10
54,sharp_54_rot216,sharp,landscape,1,NA,NA,pafrac,pafrac,NA,PAFRAC = NA for NP < 10
55,random_55,random,landscape,1,NA,NA,pafrac,pafrac,1.7178503611156681,NA
56,sharp_56_rot328,sharp,landscape,1,NA,NA,pafrac,pafrac,NA,PAFRAC = NA for NP < 10
57,sharp_57_rot74,sharp,landscape,1,NA,NA,pafrac,pafrac,NA,PAFRAC = NA for NP < 10
58,random_58,random,landscape,1,NA,NA,pafrac,pafrac,1.7141277812329496,NA
59,sharp_59_rot291,sharp,landscape,1,NA,NA,pafrac,pafrac,NA,PAFRAC = NA for NP < 10
60,random_60,random,landscape,1,NA,NA,pafrac,pafrac,1.7597408567438457,NA
61,random_61,random,landscape,1,NA,NA,pafrac,pafrac,1.6570100524655789,NA
62,sharp_62_rot178,sharp,landscape,1,NA,NA,pafrac,pafrac,NA,PAFRAC = NA for NP < 10
63,random_63,random,landscape,1,NA,NA,pafrac,pafrac,1.7509932620019133,NA
64,sharp_64_rot282,sharp,landscape,1,NA,NA,pafrac,pafrac,NA,PAFRAC = NA for NP < 10
65,random_65,random,landscape,1,NA,NA,pafrac,pafrac,1.696838225085153,NA
66,sharp_66_rot51,sharp,landscape,1,NA,NA,pafrac,pafrac,NA,PAFRAC = NA for NP < 10
67,random_67,random,landscape,1,NA,NA,pafrac,pafrac,1.7694446108633581,NA
68,sharp_68_rot332,sharp,landscape,1,NA,NA,pafrac,pafrac,NA,PAFRAC = NA for NP < 10
69,random_69,random,landscape,1,NA,NA,pafrac,pafrac,1.7168283665901847,NA
70,random_70,random,landscape,1,NA,NA,pafrac,pafrac,1.7575254546375687,NA
71,random_71,random,landscape,1,NA,NA,pafrac,pafrac,1.7621310316225531,NA
72,random_72,random,landscape,1,NA,NA,pafrac,pafrac,1.7867598743527924,NA
73,sharp_73_rot288,sharp,landscape,1,NA,NA,pafrac,pafrac,NA,PAFRAC = NA for NP < 10
74,sharp_74_rot285,sharp,landscape,1,NA,NA,pafrac,pafrac,NA,PAFRAC = NA for NP < 10
75,sharp_75_rot69,sharp,landscape,1,NA,NA,pafrac,pafrac,NA,PAFRAC = NA for NP < 10
76,random_76,random,landscape,1,NA,NA,pafrac,pafrac,1.7871277889239223,NA
77,random_77,random,landscape,1,NA,NA,pafrac,pafrac,1.757373458945262,NA
78,random_78,random,landscape,1,NA,NA,pafrac,pafrac,1.7272872723222263,NA
79,random_79,random,landscape,1,NA,NA,pafrac,pafrac,1.7557845016447278,NA
80,sharp_80_rot260,sharp,landscape,1,NA,NA,pafrac,pafrac,NA,PAFRAC = NA for NP < 10
81,sharp_81_rot193,sharp,landscape,1,NA,NA,pafrac,pafrac,NA,PAFRAC = NA for NP < 10
82,random_82,random,landscape,1,NA,NA,pafrac,pafrac,1.7681667124808658,NA
83,random_83,random,landscape,1,NA,NA,pafrac,pafrac,1.6456741119863263,NA
84,sharp_84_rot19,sharp,landscape,1,NA,NA,pafrac,pafrac,NA,PAFRAC = NA for NP < 10
85,random_85,random,landscape,1,NA,NA,pafrac,pafrac,1.793443489722838,NA
86,sharp_86_rot322,sharp,landscape,1,NA,NA,pafrac,pafrac,NA,PAFRAC = NA for NP < 10
87,random_87,random,landscape,1,NA,NA,pafrac,pafrac,1.754865404620347,NA
88,sharp_88_rot76,sharp,landscape,1,NA,NA,pafrac,pafrac,NA,PAFRAC = NA for NP < 10
89,sharp_89_rot22,sharp,landscape,1,NA,NA,pafrac,pafrac,NA,PAFRAC = NA for NP < 10
90,sharp_90_rot226,sharp,landscape,1,NA,NA,pafrac,pafrac,NA,PAFRAC = NA for NP < 10
91,sharp_91_rot271,sharp,landscape,1,NA,NA,pafrac,pafrac,NA,PAFRAC = NA for NP < 10
92,random_92,random,landscape,1,NA,NA,pafrac,pafrac,1.7733366741283427,NA
93,sharp_93_rot226,sharp,landscape,1,NA,NA,pafrac,pafrac,NA,PAFRAC = NA for NP < 10
94,random_94,random,landscape,1,NA,NA,pafrac,pafrac,1.775945469524927,NA
95,sharp_95_rot353,sharp,landscape,1,NA,NA,pafrac,pafrac,NA,PAFRAC = NA for NP < 10
96,sharp_96_rot338,sharp,landscape,1,NA,NA,pafrac,pafrac,NA,PAFRAC = NA for NP < 10
97,sharp_97_rot301,sharp,landscape,1,NA,NA,pafrac,pafrac,NA,PAFRAC = NA for NP < 10
98,random_98,random,landscape,1,NA,NA,pafrac,pafrac,1.7858062946881499,NA
99,sharp_99_rot291,sharp,landscape,1,NA,NA,pafrac,pafrac,NA,PAFRAC = NA for NP < 10
100,random_100,random,landscape,1,NA,NA,pafrac,pafrac,1.7308269297254297,NA
1,random_1,random,landscape,1,NA,NA,para_cv,para_cv,15.35608532934409,NA
2,sharp_2_rot108,sharp,landscape,1,NA,NA,para_cv,para_cv,78.78077114424708,NA
3,random_3,random,landscape,1,NA,NA,para_cv,para_cv,14.853423405139104,NA
4,sharp_4_rot87,sharp,landscape,1,NA,NA,para_cv,para_cv,40.27603910309637,NA
5,sharp_5_rot329,sharp,landscape,1,NA,NA,para_cv,para_cv,55.41512775563614,NA
6,random_6,random,landscape,1,NA,NA,para_cv,para_cv,21.274079935146677,NA
7,sharp_7_rot144,sharp,landscape,1,NA,NA,para_cv,para_cv,30.80339256012848,NA
8,sharp_8_rot184,sharp,landscape,1,NA,NA,para_cv,para_cv,19.379991383705068,NA
9,sharp_9_rot64,sharp,landscape,1,NA,NA,para_cv,para_cv,20.535245948430536,NA
10,random_10,random,landscape,1,NA,NA,para_cv,para_cv,21.471758579872766,NA
11,random_11,random,landscape,1,NA,NA,para_cv,para_cv,14.94199985111136,NA
12,sharp_12_rot167,sharp,landscape,1,NA,NA,para_cv,para_cv,57.27158205749864,NA
13,random_13,random,landscape,1,NA,NA,para_cv,para_cv,16.677213665726327,NA
14,random_14,random,landscape,1,NA,NA,para_cv,para_cv,21.074739476654,NA
15,random_15,random,landscape,1,NA,NA,para_cv,para_cv,17.536849835636424,NA
16,random_16,random,landscape,1,NA,NA,para_cv,para_cv,22.608634603849616,NA
17,random_17,random,landscape,1,NA,NA,para_cv,para_cv,22.37926828217833,NA
18,random_18,random,landscape,1,NA,NA,para_cv,para_cv,13.4981807014918,NA
19,sharp_19_rot112,sharp,landscape,1,NA,NA,para_cv,para_cv,4.532810472151456,NA
20,random_20,random,landscape,1,NA,NA,para_cv,para_cv,15.706333038011577,NA
21,random_21,random,landscape,1,NA,NA,para_cv,para_cv,13.409223019091721,NA
22,random_22,random,landscape,1,NA,NA,para_cv,para_cv,15.702526842609677,NA
23,sharp_23_rot279,sharp,landscape,1,NA,NA,para_cv,para_cv,60.905231534496174,NA
24,random_24,random,landscape,1,NA,NA,para_cv,para_cv,22.08261420237399,NA
25,random_25,random,landscape,1,NA,NA,para_cv,para_cv,14.286288275524523,NA
26,random_26,random,landscape,1,NA,NA,para_cv,para_cv,12.310581815877281,NA
27,sharp_27_rot305,sharp,landscape,1,NA,NA,para_cv,para_cv,72.90016215935245,NA
28,random_28,random,landscape,1,NA,NA,para_cv,para_cv,21.839294567840348,NA
29,sharp_29_rot195,sharp,landscape,1,NA,NA,para_cv,para_cv,86.75851059630163,NA
30,sharp_30_rot81,sharp,landscape,1,NA,NA,para_cv,para_cv,7.891023948957658,NA
31,sharp_31_rot308,sharp,landscape,1,NA,NA,para_cv,para_cv,83.61592929772053,NA
32,random_32,random,landscape,1,NA,NA,para_cv,para_cv,19.829637827588687,NA
33,sharp_33_rot300,sharp,landscape,1,NA,NA,para_cv,para_cv,50.65143676810497,NA
34,sharp_34_rot273,sharp,landscape,1,NA,NA,para_cv,para_cv,23.37521121908909,NA
35,random_35,random,landscape,1,NA,NA,para_cv,para_cv,12.83609562388233,NA
36,random_36,random,landscape,1,NA,NA,para_cv,para_cv,17.964643411732983,NA
37,random_37,random,landscape,1,NA,NA,para_cv,para_cv,20.192103110334713,NA
38,sharp_38_rot249,sharp,landscape,1,NA,NA,para_cv,para_cv,30.60259494708185,NA
39,sharp_39_rot66,sharp,landscape,1,NA,NA,para_cv,para_cv,66.21861209095866,NA
40,sharp_40_rot331,sharp,landscape,1,NA,NA,para_cv,para_cv,14.096310304141879,NA
41,sharp_41_rot185,sharp,landscape,1,NA,NA,para_cv,para_cv,62.52894492463354,NA
42,random_42,random,landscape,1,NA,NA,para_cv,para_cv,21.391289441691075,NA
43,random_43,random,landscape,1,NA,NA,para_cv,para_cv,20.620850370251713,NA
44,random_44,random,landscape,1,NA,NA,para_cv,para_cv,20.251810430680425,NA
45,sharp_45_rot260,sharp,landscape,1,NA,NA,para_cv,para_cv,72.56623411189665,NA
46,random_46,random,landscape,1,NA,NA,para_cv,para_cv,12.227785539525101,NA
47,sharp_47_rot311,sharp,landscape,1,NA,NA,para_cv,para_cv,89.73327651918142,NA
48,random_48,random,landscape,1,NA,NA,para_cv,para_cv,20.474727410051237,NA
49,sharp_49_rot290,sharp,landscape,1,NA,NA,para_cv,para_cv,88.11378724072092,NA
50,sharp_50_rot26,sharp,landscape,1,NA,NA,para_cv,para_cv,42.44003981631623,NA
51,sharp_51_rot174,sharp,landscape,1,NA,NA,para_cv,para_cv,7.708363208736249,NA
52,sharp_52_rot258,sharp,landscape,1,NA,NA,para_cv,para_cv,13.677765402565218,NA
53,sharp_53_rot89,sharp,landscape,1,NA,NA,para_cv,para_cv,1.8921124625736099,NA
54,sharp_54_rot216,sharp,landscape,1,NA,NA,para_cv,para_cv,94.14018639080601,NA
55,random_55,random,landscape,1,NA,NA,para_cv,para_cv,15.994230002604008,NA
56,sharp_56_rot328,sharp,landscape,1,NA,NA,para_cv,para_cv,42.19133253697227,NA
57,sharp_57_rot74,sharp,landscape,1,NA,NA,para_cv,para_cv,50.559344053576424,NA
58,random_58,random,landscape,1,NA,NA,para_cv,para_cv,16.198004729606446,NA
59,sharp_59_rot291,sharp,landscape,1,NA,NA,para_cv,para_cv,17.63126923262582,NA
60,random_60,random,landscape,1,NA,NA,para_cv,para_cv,19.36343546371067,NA
61,random_61,random,landscape,1,NA,NA,para_cv,para_cv,13.295792073297552,NA
62,sharp_62_rot178,sharp,landscape,1,NA,NA,para_cv,para_cv,3.798045902107836,NA
63,random_63,random,landscape,1,NA,NA,para_cv,para_cv,21.69123043073785,NA
64,sharp_64_rot282,sharp,landscape,1,NA,NA,para_cv,para_cv,79.84949390567321,NA
65,random_65,random,landscape,1,NA,NA,para_cv,para_cv,16.702777479251754,NA
66,sharp_66_rot51,sharp,landscape,1,NA,NA,para_cv,para_cv,90.36722134518456,NA
67,random_67,random,landscape,1,NA,NA,para_cv,para_cv,20.61978625626419,NA
68,sharp_68_rot332,sharp,landscape,1,NA,NA,para_cv,para_cv,38.35445110254979,NA
69,random_69,random,landscape,1,NA,NA,para_cv,para_cv,16.54144717983364,NA
70,random_70,random,landscape,1,NA,NA,para_cv,para_cv,21.381157973100073,NA
71,random_71,random,landscape,1,NA,NA,para_cv,para_cv,23.43415189261181,NA
72,random_72,random,landscape,1,NA,NA,para_cv,para_cv,20.476712223066535,NA
73,sharp_73_rot288,sharp,landscape,1,NA,NA,para_cv,para_cv,29.732839061620943,NA
74,sharp_74_rot285,sharp,landscape,1,NA,NA,para_cv,para_cv,50.44090890494686,NA
75,sharp_75_rot69,sharp,landscape,1,NA,NA,para_cv,para_cv,49.86103633217186,NA
76,random_76,random,landscape,1,NA,NA,para_cv,para_cv,20.218011710315732,NA
77,random_77,random,landscape,1,NA,NA,para_cv,para_cv,22.279591008309033,NA
78,random_78,random,landscape,1,NA,NA,para_cv,para_cv,17.152048649107503,NA
79,random_79,random,landscape,1,NA,NA,para_cv,para_cv,22.54361919921441,NA
80,sharp_80_rot260,sharp,landscape,1,NA,NA,para_cv,para_cv,81.88343069990552,NA
81,sharp_81_rot193,sharp,landscape,1,NA,NA,para_cv,para_cv,68.32520142061935,NA
82,random_82,random,landscape,1,NA,NA,para_cv,para_cv,21.314945796585047,NA
83,random_83,random,landscape,1,NA,NA,para_cv,para_cv,13.32347746412631,NA
84,sharp_84_rot19,sharp,landscape,1,NA,NA,para_cv,para_cv,102.78918087492251,NA
85,random_85,random,landscape,1,NA,NA,para_cv,para_cv,19.690707820696804,NA
86,sharp_86_rot322,sharp,landscape,1,NA,NA,para_cv,para_cv,8.16199465108065,NA
87,random_87,random,landscape,1,NA,NA,para_cv,para_cv,20.4725108992151,NA
88,sharp_88_rot76,sharp,landscape,1,NA,NA,para_cv,para_cv,35.67007501534511,NA
89,sharp_89_rot22,sharp,landscape,1,NA,NA,para_cv,para_cv,11.263234254194174,NA
90,sharp_90_rot226,sharp,landscape,1,NA,NA,para_cv,para_cv,89.17348043897037,NA
91,sharp_91_rot271,sharp,landscape,1,NA,NA,para_cv,para_cv,70.07505265457434,NA
92,random_92,random,landscape,1,NA,NA,para_cv,para_cv,21.48184224652356,NA
93,sharp_93_rot226,sharp,landscape,1,NA,NA,para_cv,para_cv,33.80663625207448,NA
94,random_94,random,landscape,1,NA,NA,para_cv,para_cv,20.420050497500092,NA
95,sharp_95_rot353,sharp,landscape,1,NA,NA,para_cv,para_cv,27.865591681122737,NA
96,sharp_96_rot338,sharp,landscape,1,NA,NA,para_cv,para_cv,35.85627227493306,NA
97,sharp_97_rot301,sharp,landscape,1,NA,NA,para_cv,para_cv,76.69653354744025,NA
98,random_98,random,landscape,1,NA,NA,para_cv,para_cv,20.35409712475347,NA
99,sharp_99_rot291,sharp,landscape,1,NA,NA,para_cv,para_cv,91.95290195541105,NA
100,random_100,random,landscape,1,NA,NA,para_cv,para_cv,17.801028379907624,NA
1,random_1,random,landscape,1,NA,NA,para_mn,para_mn,3.596346010205794,NA
2,sharp_2_rot108,sharp,landscape,1,NA,NA,para_mn,para_mn,0.10661928683319058,NA
3,random_3,random,landscape,1,NA,NA,para_mn,para_mn,3.6344121058739347,NA
4,sharp_4_rot87,sharp,landscape,1,NA,NA,para_mn,para_mn,0.06908140945934273,NA
5,sharp_5_rot329,sharp,landscape,1,NA,NA,para_mn,para_mn,0.08603350093521014,NA
6,random_6,random,landscape,1,NA,NA,para_mn,para_mn,3.363731398206217,NA
7,sharp_7_rot144,sharp,landscape,1,NA,NA,para_mn,para_mn,0.07889333281178,NA
8,sharp_8_rot184,sharp,landscape,1,NA,NA,para_mn,para_mn,0.06292992274607422,NA
9,sharp_9_rot64,sharp,landscape,1,NA,NA,para_mn,para_mn,0.07169244653235361,NA
10,random_10,random,landscape,1,NA,NA,para_mn,para_mn,3.348192444099052,NA
11,random_11,random,landscape,1,NA,NA,para_mn,para_mn,3.6322268601869823,NA
12,sharp_12_rot167,sharp,landscape,1,NA,NA,para_mn,para_mn,0.08240769820626319,NA
13,random_13,random,landscape,1,NA,NA,para_mn,para_mn,3.5025004261408,NA
14,random_14,random,landscape,1,NA,NA,para_mn,para_mn,3.3720449611757037,NA
15,random_15,random,landscape,1,NA,NA,para_mn,para_mn,3.459388084972726,NA
16,random_16,random,landscape,1,NA,NA,para_mn,para_mn,3.258636940945009,NA
17,random_17,random,landscape,1,NA,NA,para_mn,para_mn,3.2622200150798646,NA
18,random_18,random,landscape,1,NA,NA,para_mn,para_mn,3.6822871394258683,NA
19,sharp_19_rot112,sharp,landscape,1,NA,NA,para_mn,para_mn,0.0680955973177182,NA
20,random_20,random,landscape,1,NA,NA,para_mn,para_mn,3.5667284201853735,NA
21,random_21,random,landscape,1,NA,NA,para_mn,para_mn,3.702113514732056,NA
22,random_22,random,landscape,1,NA,NA,para_mn,para_mn,3.5676439187806683,NA
23,sharp_23_rot279,sharp,landscape,1,NA,NA,para_mn,para_mn,0.08337296125619129,NA
24,random_24,random,landscape,1,NA,NA,para_mn,para_mn,3.2327212571342514,NA
25,random_25,random,landscape,1,NA,NA,para_mn,para_mn,3.6468845581264975,NA
26,random_26,random,landscape,1,NA,NA,para_mn,para_mn,3.75330254015549,NA
27,sharp_27_rot305,sharp,landscape,1,NA,NA,para_mn,para_mn,0.09720507563471413,NA
28,random_28,random,landscape,1,NA,NA,para_mn,para_mn,3.3399019534706844,NA
29,sharp_29_rot195,sharp,landscape,1,NA,NA,para_mn,para_mn,0.11860891061295578,NA
30,sharp_30_rot81,sharp,landscape,1,NA,NA,para_mn,para_mn,0.06348693779889858,NA
31,sharp_31_rot308,sharp,landscape,1,NA,NA,para_mn,para_mn,0.10954915752602079,NA
32,random_32,random,landscape,1,NA,NA,para_mn,para_mn,3.3725267780151604,NA
33,sharp_33_rot300,sharp,landscape,1,NA,NA,para_mn,para_mn,0.08411499902665659,NA
34,sharp_34_rot273,sharp,landscape,1,NA,NA,para_mn,para_mn,0.06373461217398821,NA
35,random_35,random,landscape,1,NA,NA,para_mn,para_mn,3.74046983035629,NA
36,random_36,random,landscape,1,NA,NA,para_mn,para_mn,3.4354213814102703,NA
37,random_37,random,landscape,1,NA,NA,para_mn,para_mn,3.2547155369800995,NA
38,sharp_38_rot249,sharp,landscape,1,NA,NA,para_mn,para_mn,0.07228308144240664,NA
39,sharp_39_rot66,sharp,landscape,1,NA,NA,para_mn,para_mn,0.09333835554235222,NA
40,sharp_40_rot331,sharp,landscape,1,NA,NA,para_mn,para_mn,0.07197424308015674,NA
41,sharp_41_rot185,sharp,landscape,1,NA,NA,para_mn,para_mn,0.08294388424802956,NA
42,random_42,random,landscape,1,NA,NA,para_mn,para_mn,3.303281626743431,NA
43,random_43,random,landscape,1,NA,NA,para_mn,para_mn,3.3387647167379173,NA
44,random_44,random,landscape,1,NA,NA,para_mn,para_mn,3.3813876836062966,NA
45,sharp_45_rot260,sharp,landscape,1,NA,NA,para_mn,para_mn,0.0951132023756025,NA
46,random_46,random,landscape,1,NA,NA,para_mn,para_mn,3.763134669547519,NA
47,sharp_47_rot311,sharp,landscape,1,NA,NA,para_mn,para_mn,0.11923100961669243,NA
48,random_48,random,landscape,1,NA,NA,para_mn,para_mn,3.3834235535885777,NA
49,sharp_49_rot290,sharp,landscape,1,NA,NA,para_mn,para_mn,0.11868614299659745,NA
50,sharp_50_rot26,sharp,landscape,1,NA,NA,para_mn,para_mn,0.07912675670114613,NA
51,sharp_51_rot174,sharp,landscape,1,NA,NA,para_mn,para_mn,0.06227221739316151,NA
52,sharp_52_rot258,sharp,landscape,1,NA,NA,para_mn,para_mn,0.06509909023215976,NA
53,sharp_53_rot89,sharp,landscape,1,NA,NA,para_mn,para_mn,0.06041616646658663,NA
54,sharp_54_rot216,sharp,landscape,1,NA,NA,para_mn,para_mn,0.12864823348694315,NA
55,random_55,random,landscape,1,NA,NA,para_mn,para_mn,3.5404229572685195,NA
56,sharp_56_rot328,sharp,landscape,1,NA,NA,para_mn,para_mn,0.08134629941640417,NA
57,sharp_57_rot74,sharp,landscape,1,NA,NA,para_mn,para_mn,0.07914820068375947,NA
58,random_58,random,landscape,1,NA,NA,para_mn,para_mn,3.5523252685782922,NA
59,sharp_59_rot291,sharp,landscape,1,NA,NA,para_mn,para_mn,0.06907255044763942,NA
60,random_60,random,landscape,1,NA,NA,para_mn,para_mn,3.3418490069358135,NA
61,random_61,random,landscape,1,NA,NA,para_mn,para_mn,3.716187411257219,NA
62,sharp_62_rot178,sharp,landscape,1,NA,NA,para_mn,para_mn,0.06086538461538461,NA
63,random_63,random,landscape,1,NA,NA,para_mn,para_mn,3.3407232346862634,NA
64,sharp_64_rot282,sharp,landscape,1,NA,NA,para_mn,para_mn,0.10568330032365586,NA
65,random_65,random,landscape,1,NA,NA,para_mn,para_mn,3.531971034014449,NA
66,sharp_66_rot51,sharp,landscape,1,NA,NA,para_mn,para_mn,0.12068521827807308,NA
67,random_67,random,landscape,1,NA,NA,para_mn,para_mn,3.398796629675291,NA
68,sharp_68_rot332,sharp,landscape,1,NA,NA,para_mn,para_mn,0.07809697172308275,NA
69,random_69,random,landscape,1,NA,NA,para_mn,para_mn,3.5299380683389185,NA
70,random_70,random,landscape,1,NA,NA,para_mn,para_mn,3.3666048491156455,NA
71,random_71,random,landscape,1,NA,NA,para_mn,para_mn,3.262192953009323,NA
72,random_72,random,landscape,1,NA,NA,para_mn,para_mn,3.3904185754073954,NA
73,sharp_73_rot288,sharp,landscape,1,NA,NA,para_mn,para_mn,0.07079054738629205,NA
74,sharp_74_rot285,sharp,landscape,1,NA,NA,para_mn,para_mn,0.07877386789135067,NA
75,sharp_75_rot69,sharp,landscape,1,NA,NA,para_mn,para_mn,0.08106106849628418,NA
76,random_76,random,landscape,1,NA,NA,para_mn,para_mn,3.3194567274119917,NA
77,random_77,random,landscape,1,NA,NA,para_mn,para_mn,3.2306192387891093,NA
78,random_78,random,landscape,1,NA,NA,para_mn,para_mn,3.4688524829802407,NA
79,random_79,random,landscape,1,NA,NA,para_mn,para_mn,3.203189885492144,NA
80,sharp_80_rot260,sharp,landscape,1,NA,NA,para_mn,para_mn,0.10774168887526353,NA
81,sharp_81_rot193,sharp,landscape,1,NA,NA,para_mn,para_mn,0.09195896663086067,NA
82,random_82,random,landscape,1,NA,NA,para_mn,para_mn,3.3812566244178344,NA
83,random_83,random,landscape,1,NA,NA,para_mn,para_mn,3.7170088438691247,NA
84,sharp_84_rot19,sharp,landscape,1,NA,NA,para_mn,para_mn,0.15511501210653753,NA
85,random_85,random,landscape,1,NA,NA,para_mn,para_mn,3.4470963599322006,NA
86,sharp_86_rot322,sharp,landscape,1,NA,NA,para_mn,para_mn,0.07573305946580462,NA
87,random_87,random,landscape,1,NA,NA,para_mn,para_mn,3.2746091593225666,NA
88,sharp_88_rot76,sharp,landscape,1,NA,NA,para_mn,para_mn,0.07130162491536898,NA
89,sharp_89_rot22,sharp,landscape,1,NA,NA,para_mn,para_mn,0.06859438187983968,NA
90,sharp_90_rot226,sharp,landscape,1,NA,NA,para_mn,para_mn,0.11808218426579699,NA
91,sharp_91_rot271,sharp,landscape,1,NA,NA,para_mn,para_mn,0.08846221183048286,NA
92,random_92,random,landscape,1,NA,NA,para_mn,para_mn,3.2738010193463696,NA
93,sharp_93_rot226,sharp,landscape,1,NA,NA,para_mn,para_mn,0.07871489028555129,NA
94,random_94,random,landscape,1,NA,NA,para_mn,para_mn,3.3801506801232715,NA
95,sharp_95_rot353,sharp,landscape,1,NA,NA,para_mn,para_mn,0.06606850164018949,NA
96,sharp_96_rot338,sharp,landscape,1,NA,NA,para_mn,para_mn,0.0745141235920534,NA
97,sharp_97_rot301,sharp,landscape,1,NA,NA,para_mn,para_mn,0.1011439976040437,NA
98,random_98,random,landscape,1,NA,NA,para_mn,para_mn,3.424148561573721,NA
99,sharp_99_rot291,sharp,landscape,1,NA,NA,para_mn,para_mn,0.12574528192423406,NA
100,random_100,random,landscape,1,NA,NA,para_mn,para_mn,3.4492635511850485,NA
1,random_1,random,landscape,1,NA,NA,para_sd,para_sd,0.5522579620656635,NA
2,sharp_2_rot108,sharp,landscape,1,NA,NA,para_sd,para_sd,0.08399549635568423,NA
3,random_3,random,landscape,1,NA,NA,para_sd,para_sd,0.539834618373088,NA
4,sharp_4_rot87,sharp,landscape,1,NA,NA,para_sd,para_sd,0.027823255486814993,NA
5,sharp_5_rot329,sharp,landscape,1,NA,NA,para_sd,para_sd,0.04767557445589311,NA
6,random_6,random,landscape,1,NA,NA,para_sd,para_sd,0.7156029064580175,NA
7,sharp_7_rot144,sharp,landscape,1,NA,NA,para_sd,para_sd,0.024301823009781242,NA
8,sharp_8_rot184,sharp,landscape,1,NA,NA,para_sd,para_sd,0.01219581360596144,NA
9,sharp_9_rot64,sharp,landscape,1,NA,NA,para_sd,para_sd,0.014722220221865874,NA
10,random_10,random,landscape,1,NA,NA,para_sd,para_sd,0.7189157983864898,NA
11,random_11,random,landscape,1,NA,NA,para_sd,para_sd,0.5427273320411657,NA
12,sharp_12_rot167,sharp,landscape,1,NA,NA,para_sd,para_sd,0.04719619249989586,NA
13,random_13,random,landscape,1,NA,NA,para_sd,para_sd,0.5841194797104763,NA
14,random_14,random,landscape,1,NA,NA,para_sd,para_sd,0.7106496906034181,NA
15,random_15,random,landscape,1,NA,NA,para_sd,para_sd,0.6066676936935654,NA
16,random_16,random,landscape,1,NA,NA,para_sd,para_sd,0.7367333190443199,NA
17,random_17,random,landscape,1,NA,NA,para_sd,para_sd,0.7300609691296412,NA
18,random_18,random,landscape,1,NA,NA,para_sd,para_sd,0.497041772027497,NA
19,sharp_19_rot112,sharp,landscape,1,NA,NA,para_sd,para_sd,0.0030866443662916168,NA
20,random_20,random,landscape,1,NA,NA,para_sd,para_sd,0.5602022442357237,NA
21,random_21,random,landscape,1,NA,NA,para_sd,para_sd,0.4964246576103564,NA
22,random_22,random,landscape,1,NA,NA,para_sd,para_sd,0.5602102439952662,NA
23,sharp_23_rot279,sharp,landscape,1,NA,NA,para_sd,para_sd,0.05077849509024909,NA
24,random_24,random,landscape,1,NA,NA,para_sd,para_sd,0.7138693634510911,NA
25,random_25,random,landscape,1,NA,NA,para_sd,para_sd,0.5210044410495401,NA
26,random_26,random,landscape,1,NA,NA,para_sd,para_sd,0.4620533800032418,NA
27,sharp_27_rot305,sharp,landscape,1,NA,NA,para_sd,para_sd,0.0708626577648278,NA
28,random_28,random,landscape,1,NA,NA,para_sd,para_sd,0.7294110258955169,NA
29,sharp_29_rot195,sharp,landscape,1,NA,NA,para_sd,para_sd,0.10290332428229917,NA
30,sharp_30_rot81,sharp,landscape,1,NA,NA,para_sd,para_sd,0.0050097694661709385,NA
31,sharp_31_rot308,sharp,landscape,1,NA,NA,para_sd,para_sd,0.09160054610320603,NA
32,random_32,random,landscape,1,NA,NA,para_sd,para_sd,0.6687598457188522,NA
33,sharp_33_rot300,sharp,landscape,1,NA,NA,para_sd,para_sd,0.04260545554447907,NA
34,sharp_34_rot273,sharp,landscape,1,NA,NA,para_sd,para_sd,0.014898100215337013,NA
35,random_35,random,landscape,1,NA,NA,para_sd,para_sd,0.4801302842070025,NA
36,random_36,random,landscape,1,NA,NA,para_sd,para_sd,0.6171612008607864,NA
37,random_37,random,landscape,1,NA,NA,para_sd,para_sd,0.6571955171751058,NA
38,sharp_38_rot249,sharp,landscape,1,NA,NA,para_sd,para_sd,0.022120498629088995,NA
39,sharp_39_rot66,sharp,landscape,1,NA,NA,para_sd,para_sd,0.06180736358867003,NA
40,sharp_40_rot331,sharp,landscape,1,NA,NA,para_sd,para_sd,0.010145712643636257,NA
41,sharp_41_rot185,sharp,landscape,1,NA,NA,para_sd,para_sd,0.0518639356998022,NA
42,random_42,random,landscape,1,NA,NA,para_sd,para_sd,0.7066145338508888,NA
43,random_43,random,landscape,1,NA,NA,para_sd,para_sd,0.6884816764532843,NA
44,random_44,random,landscape,1,NA,NA,para_sd,para_sd,0.6847922236103232,NA
45,sharp_45_rot260,sharp,landscape,1,NA,NA,para_sd,para_sd,0.06902006910720176,NA
46,random_46,random,landscape,1,NA,NA,para_sd,para_sd,0.4601480369557872,NA
47,sharp_47_rot311,sharp,landscape,1,NA,NA,para_sd,para_sd,0.10698989155595841,NA
48,random_48,random,landscape,1,NA,NA,para_sd,para_sd,0.69274674972473,NA
49,sharp_49_rot290,sharp,landscape,1,NA,NA,para_sd,para_sd,0.10457885552423968,NA
50,sharp_50_rot26,sharp,landscape,1,NA,NA,para_sd,para_sd,0.03358142704932609,NA
51,sharp_51_rot174,sharp,landscape,1,NA,NA,para_sd,para_sd,0.004800168694798717,NA
52,sharp_52_rot258,sharp,landscape,1,NA,NA,para_sd,para_sd,0.00890410084115906,NA
53,sharp_53_rot89,sharp,landscape,1,NA,NA,para_sd,para_sd,0.001143141815123504,NA
54,sharp_54_rot216,sharp,landscape,1,NA,NA,para_sd,para_sd,0.1211096867930876,NA
55,random_55,random,landscape,1,NA,NA,para_sd,para_sd,0.5662633908505216,NA
56,sharp_56_rot328,sharp,landscape,1,NA,NA,para_sd,para_sd,0.03432108769329622,NA
57,sharp_57_rot74,sharp,landscape,1,NA,NA,para_sd,para_sd,0.04001681109591708,NA
58,random_58,random,landscape,1,NA,NA,para_sd,para_sd,0.5754058150153166,NA
59,sharp_59_rot291,sharp,landscape,1,NA,NA,para_sd,para_sd,0.012178367335264596,NA
60,random_60,random,landscape,1,NA,NA,para_sd,para_sd,0.6470967757526721,NA
61,random_61,random,landscape,1,NA,NA,para_sd,para_sd,0.4940965512548189,NA
62,sharp_62_rot178,sharp,landscape,1,NA,NA,para_sd,para_sd,0.0023116952461867887,NA
63,random_63,random,landscape,1,NA,NA,para_sd,para_sd,0.7246439748889966,NA
64,sharp_64_rot282,sharp,landscape,1,NA,NA,para_sd,para_sd,0.08438758045125191,NA
65,random_65,random,landscape,1,NA,NA,para_sd,para_sd,0.5899372624430607,NA
66,sharp_66_rot51,sharp,landscape,1,NA,NA,para_sd,para_sd,0.10905987833226544,NA
67,random_67,random,landscape,1,NA,NA,para_sd,para_sd,0.7008246003241562,NA
68,sharp_68_rot332,sharp,landscape,1,NA,NA,para_sd,para_sd,0.029953664832101906,NA
69,random_69,random,landscape,1,NA,NA,para_sd,para_sd,0.5839028410551221,NA
70,random_70,random,landscape,1,NA,NA,para_sd,para_sd,0.7198191011194636,NA
71,random_71,random,landscape,1,NA,NA,para_sd,para_sd,0.7644672516382834,NA
72,random_72,random,landscape,1,NA,NA,para_sd,para_sd,0.6942462548435644,NA
73,sharp_73_rot288,sharp,landscape,1,NA,NA,para_sd,para_sd,0.021048039525206726,NA
74,sharp_74_rot285,sharp,landscape,1,NA,NA,para_sd,para_sd,0.03973425494397938,NA
75,sharp_75_rot69,sharp,landscape,1,NA,NA,para_sd,para_sd,0.040417888814178966,NA
76,random_76,random,landscape,1,NA,NA,para_sd,para_sd,0.6711281498670199,NA
77,random_77,random,landscape,1,NA,NA,para_sd,para_sd,0.7197687534379601,NA
78,random_78,random,landscape,1,NA,NA,para_sd,para_sd,0.5949792654465444,NA
79,random_79,random,landscape,1,NA,NA,para_sd,para_sd,0.7221149300131011,NA
80,sharp_80_rot260,sharp,landscape,1,NA,NA,para_sd,para_sd,0.08822259114508423,NA
81,sharp_81_rot193,sharp,landscape,1,NA,NA,para_sd,para_sd,0.06283114917485569,NA
82,random_82,random,landscape,1,NA,NA,para_sd,para_sd,0.7207130167381026,NA
83,random_83,random,landscape,1,NA,NA,para_sd,para_sd,0.4952348356524847,NA
84,sharp_84_rot19,sharp,landscape,1,NA,NA,para_sd,para_sd,0.1594414503583468,NA
85,random_85,random,landscape,1,NA,NA,para_sd,para_sd,0.6787576725321247,NA
86,sharp_86_rot322,sharp,landscape,1,NA,NA,para_sd,para_sd,0.006181328262698702,NA
87,random_87,random,landscape,1,NA,NA,para_sd,para_sd,0.6703947170490083,NA
88,sharp_88_rot76,sharp,landscape,1,NA,NA,para_sd,para_sd,0.025433343094472118,NA
89,sharp_89_rot22,sharp,landscape,1,NA,NA,para_sd,para_sd,0.007725945916342865,NA
90,sharp_90_rot226,sharp,landscape,1,NA,NA,para_sd,para_sd,0.10529799348816943,NA
91,sharp_91_rot271,sharp,landscape,1,NA,NA,para_sd,para_sd,0.06198994151961195,NA
92,random_92,random,landscape,1,NA,NA,para_sd,para_sd,0.7032727704410673,NA
93,sharp_93_rot226,sharp,landscape,1,NA,NA,para_sd,para_sd,0.026610856635055836,NA
94,random_94,random,landscape,1,NA,NA,para_sd,para_sd,0.6902284757727648,NA
95,sharp_95_rot353,sharp,landscape,1,NA,NA,para_sd,para_sd,0.01841037889689108,NA
96,sharp_96_rot338,sharp,landscape,1,NA,NA,para_sd,para_sd,0.026717987038446796,NA
97,sharp_97_rot301,sharp,landscape,1,NA,NA,para_sd,para_sd,0.07757394005360754,NA
98,random_98,random,landscape,1,NA,NA,para_sd,para_sd,0.696954523918564,NA
99,sharp_99_rot291,sharp,landscape,1,NA,NA,para_sd,para_sd,0.11562643580134616,NA
100,random_100,random,landscape,1,NA,NA,para_sd,para_sd,0.61400438364426,NA
1,random_1,random,landscape,1,NA,NA,pd,pd,75900,NA
2,sharp_2_rot108,sharp,landscape,1,NA,NA,pd,pd,200,NA
3,random_3,random,landscape,1,NA,NA,pd,pd,76400,NA
4,sharp_4_rot87,sharp,landscape,1,NA,NA,pd,pd,200,NA
5,sharp_5_rot329,sharp,landscape,1,NA,NA,pd,pd,200,NA
6,random_6,random,landscape,1,NA,NA,pd,pd,14800,NA
7,sharp_7_rot144,sharp,landscape,1,NA,NA,pd,pd,200,NA
8,sharp_8_rot184,sharp,landscape,1,NA,NA,pd,pd,200,NA
9,sharp_9_rot64,sharp,landscape,1,NA,NA,pd,pd,200,NA
10,random_10,random,landscape,1,NA,NA,pd,pd,19100,NA
11,random_11,random,landscape,1,NA,NA,pd,pd,76500,NA
12,sharp_12_rot167,sharp,landscape,1,NA,NA,pd,pd,200,NA
13,random_13,random,landscape,1,NA,NA,pd,pd,69700,NA
14,random_14,random,landscape,1,NA,NA,pd,pd,11100,NA
15,random_15,random,landscape,1,NA,NA,pd,pd,63300,NA
16,random_16,random,landscape,1,NA,NA,pd,pd,17200,NA
17,random_17,random,landscape,1,NA,NA,pd,pd,10400,NA
18,random_18,random,landscape,1,NA,NA,pd,pd,77000,NA
19,sharp_19_rot112,sharp,landscape,1,NA,NA,pd,pd,200,NA
20,random_20,random,landscape,1,NA,NA,pd,pd,70700,NA
21,random_21,random,landscape,1,NA,NA,pd,pd,73900,NA
22,random_22,random,landscape,1,NA,NA,pd,pd,72600,NA
23,sharp_23_rot279,sharp,landscape,1,NA,NA,pd,pd,200,NA
24,random_24,random,landscape,1,NA,NA,pd,pd,21600,NA
25,random_25,random,landscape,1,NA,NA,pd,pd,76200,NA
26,random_26,random,landscape,1,NA,NA,pd,pd,73100,NA
27,sharp_27_rot305,sharp,landscape,1,NA,NA,pd,pd,200,NA
28,random_28,random,landscape,1,NA,NA,pd,pd,9900,NA
29,sharp_29_rot195,sharp,landscape,1,NA,NA,pd,pd,200,NA
30,sharp_30_rot81,sharp,landscape,1,NA,NA,pd,pd,200,NA
31,sharp_31_rot308,sharp,landscape,1,NA,NA,pd,pd,200,NA
32,random_32,random,landscape,1,NA,NA,pd,pd,13900,NA
33,sharp_33_rot300,sharp,landscape,1,NA,NA,pd,pd,200,NA
34,sharp_34_rot273,sharp,landscape,1,NA,NA,pd,pd,200,NA
35,random_35,random,landscape,1,NA,NA,pd,pd,68500,NA
36,random_36,random,landscape,1,NA,NA,pd,pd,62900,NA
37,random_37,random,landscape,1,NA,NA,pd,pd,42500,NA
38,sharp_38_rot249,sharp,landscape,1,NA,NA,pd,pd,200,NA
39,sharp_39_rot66,sharp,landscape,1,NA,NA,pd,pd,200,NA
40,sharp_40_rot331,sharp,landscape,1,NA,NA,pd,pd,200,NA
41,sharp_41_rot185,sharp,landscape,1,NA,NA,pd,pd,200,NA
42,random_42,random,landscape,1,NA,NA,pd,pd,26600,NA
43,random_43,random,landscape,1,NA,NA,pd,pd,20600,NA
44,random_44,random,landscape,1,NA,NA,pd,pd,16700,NA
45,sharp_45_rot260,sharp,landscape,1,NA,NA,pd,pd,200,NA
46,random_46,random,landscape,1,NA,NA,pd,pd,61500,NA
47,sharp_47_rot311,sharp,landscape,1,NA,NA,pd,pd,200,NA
48,random_48,random,landscape,1,NA,NA,pd,pd,26500,NA
49,sharp_49_rot290,sharp,landscape,1,NA,NA,pd,pd,200,NA
50,sharp_50_rot26,sharp,landscape,1,NA,NA,pd,pd,200,NA
51,sharp_51_rot174,sharp,landscape,1,NA,NA,pd,pd,200,NA
52,sharp_52_rot258,sharp,landscape,1,NA,NA,pd,pd,200,NA
53,sharp_53_rot89,sharp,landscape,1,NA,NA,pd,pd,200,NA
54,sharp_54_rot216,sharp,landscape,1,NA,NA,pd,pd,200,NA
55,random_55,random,landscape,1,NA,NA,pd,pd,73200,NA
56,sharp_56_rot328,sharp,landscape,1,NA,NA,pd,pd,200,NA
57,sharp_57_rot74,sharp,landscape,1,NA,NA,pd,pd,200,NA
58,random_58,random,landscape,1,NA,NA,pd,pd,70700,NA
59,sharp_59_rot291,sharp,landscape,1,NA,NA,pd,pd,200,NA
60,random_60,random,landscape,1,NA,NA,pd,pd,47800,NA
61,random_61,random,landscape,1,NA,NA,pd,pd,70200,NA
62,sharp_62_rot178,sharp,landscape,1,NA,NA,pd,pd,200,NA
63,random_63,random,landscape,1,NA,NA,pd,pd,18800,NA
64,sharp_64_rot282,sharp,landscape,1,NA,NA,pd,pd,200,NA
65,random_65,random,landscape,1,NA,NA,pd,pd,73500,NA
66,sharp_66_rot51,sharp,landscape,1,NA,NA,pd,pd,200,NA
67,random_67,random,landscape,1,NA,NA,pd,pd,19800,NA
68,sharp_68_rot332,sharp,landscape,1,NA,NA,pd,pd,200,NA
69,random_69,random,landscape,1,NA,NA,pd,pd,69200,NA
70,random_70,random,landscape,1,NA,NA,pd,pd,11900,NA
71,random_71,random,landscape,1,NA,NA,pd,pd,14600,NA
72,random_72,random,landscape,1,NA,NA,pd,pd,9800,NA
73,sharp_73_rot288,sharp,landscape,1,NA,NA,pd,pd,200,NA
74,sharp_74_rot285,sharp,landscape,1,NA,NA,pd,pd,200,NA
75,sharp_75_rot69,sharp,landscape,1,NA,NA,pd,pd,200,NA
76,random_76,random,landscape,1,NA,NA,pd,pd,20300,NA
77,random_77,random,landscape,1,NA,NA,pd,pd,21100,NA
78,random_78,random,landscape,1,NA,NA,pd,pd,68000,NA
79,random_79,random,landscape,1,NA,NA,pd,pd,28300,NA
80,sharp_80_rot260,sharp,landscape,1,NA,NA,pd,pd,200,NA
81,sharp_81_rot193,sharp,landscape,1,NA,NA,pd,pd,200,NA
82,random_82,random,landscape,1,NA,NA,pd,pd,11200,NA
83,random_83,random,landscape,1,NA,NA,pd,pd,70400,NA
84,sharp_84_rot19,sharp,landscape,1,NA,NA,pd,pd,200,NA
85,random_85,random,landscape,1,NA,NA,pd,pd,10300,NA
86,sharp_86_rot322,sharp,landscape,1,NA,NA,pd,pd,200,NA
87,random_87,random,landscape,1,NA,NA,pd,pd,41400,NA
88,sharp_88_rot76,sharp,landscape,1,NA,NA,pd,pd,200,NA
89,sharp_89_rot22,sharp,landscape,1,NA,NA,pd,pd,200,NA
90,sharp_90_rot226,sharp,landscape,1,NA,NA,pd,pd,200,NA
91,sharp_91_rot271,sharp,landscape,1,NA,NA,pd,pd,200,NA
92,random_92,random,landscape,1,NA,NA,pd,pd,29000,NA
93,sharp_93_rot226,sharp,landscape,1,NA,NA,pd,pd,200,NA
94,random_94,random,landscape,1,NA,NA,pd,pd,23200,NA
95,sharp_95_rot353,sharp,landscape,1,NA,NA,pd,pd,200,NA
96,sharp_96_rot338,sharp,landscape,1,NA,NA,pd,pd,200,NA
97,sharp_97_rot301,sharp,landscape,1,NA,NA,pd,pd,200,NA
98,random_98,random,landscape,1,NA,NA,pd,pd,8700,NA
99,sharp_99_rot291,sharp,landscape,1,NA,NA,pd,pd,200,NA
100,random_100,random,landscape,1,NA,NA,pd,pd,61200,NA
1,random_1,random,landscape,1,NA,NA,pladj,pladj,70.09,NA
2,sharp_2_rot108,sharp,landscape,1,NA,NA,pladj,pladj,98.36500000000001,NA
3,random_3,random,landscape,1,NA,NA,pladj,pladj,70.92500000000001,NA
4,sharp_4_rot87,sharp,landscape,1,NA,NA,pladj,pladj,98.47,NA
5,sharp_5_rot329,sharp,landscape,1,NA,NA,pladj,pladj,98.295,NA
6,random_6,random,landscape,1,NA,NA,pladj,pladj,50.955,NA
7,sharp_7_rot144,sharp,landscape,1,NA,NA,pladj,pladj,98.155,NA
8,sharp_8_rot184,sharp,landscape,1,NA,NA,pladj,pladj,98.47,NA
9,sharp_9_rot64,sharp,landscape,1,NA,NA,pladj,pladj,98.26,NA
10,random_10,random,landscape,1,NA,NA,pladj,pladj,51.370000000000005,NA
11,random_11,random,landscape,1,NA,NA,pladj,pladj,70.60499999999999,NA
12,sharp_12_rot167,sharp,landscape,1,NA,NA,pladj,pladj,98.385,NA
13,random_13,random,landscape,1,NA,NA,pladj,pladj,65.86999999999999,NA
14,random_14,random,landscape,1,NA,NA,pladj,pladj,49.875,NA
15,random_15,random,landscape,1,NA,NA,pladj,pladj,61.42999999999999,NA
16,random_16,random,landscape,1,NA,NA,pladj,pladj,51.519999999999996,NA
17,random_17,random,landscape,1,NA,NA,pladj,pladj,49.63,NA
18,random_18,random,landscape,1,NA,NA,pladj,pladj,73.535,NA
19,sharp_19_rot112,sharp,landscape,1,NA,NA,pladj,pladj,98.3,NA
20,random_20,random,landscape,1,NA,NA,pladj,pladj,70.455,NA
21,random_21,random,landscape,1,NA,NA,pladj,pladj,74.615,NA
22,random_22,random,landscape,1,NA,NA,pladj,pladj,67.69,NA
23,sharp_23_rot279,sharp,landscape,1,NA,NA,pladj,pladj,98.425,NA
24,random_24,random,landscape,1,NA,NA,pladj,pladj,51.775000000000006,NA
25,random_25,random,landscape,1,NA,NA,pladj,pladj,70.99,NA
26,random_26,random,landscape,1,NA,NA,pladj,pladj,77.03999999999999,NA
27,sharp_27_rot305,sharp,landscape,1,NA,NA,pladj,pladj,98.44500000000001,NA
28,random_28,random,landscape,1,NA,NA,pladj,pladj,49.419999999999995,NA
29,sharp_29_rot195,sharp,landscape,1,NA,NA,pladj,pladj,98.39,NA
30,sharp_30_rot81,sharp,landscape,1,NA,NA,pladj,pladj,98.42,NA
31,sharp_31_rot308,sharp,landscape,1,NA,NA,pladj,pladj,98.535,NA
32,random_32,random,landscape,1,NA,NA,pladj,pladj,49.39,NA
33,sharp_33_rot300,sharp,landscape,1,NA,NA,pladj,pladj,98.26,NA
34,sharp_34_rot273,sharp,landscape,1,NA,NA,pladj,pladj,98.47,NA
35,random_35,random,landscape,1,NA,NA,pladj,pladj,78.835,NA
36,random_36,random,landscape,1,NA,NA,pladj,pladj,61.365,NA
37,random_37,random,landscape,1,NA,NA,pladj,pladj,55.175,NA
38,sharp_38_rot249,sharp,landscape,1,NA,NA,pladj,pladj,98.31,NA
39,sharp_39_rot66,sharp,landscape,1,NA,NA,pladj,pladj,98.335,NA
40,sharp_40_rot331,sharp,landscape,1,NA,NA,pladj,pladj,98.225,NA
41,sharp_41_rot185,sharp,landscape,1,NA,NA,pladj,pladj,98.46000000000001,NA
42,random_42,random,landscape,1,NA,NA,pladj,pladj,53.05,NA
43,random_43,random,landscape,1,NA,NA,pladj,pladj,51.25999999999999,NA
44,random_44,random,landscape,1,NA,NA,pladj,pladj,51.385000000000005,NA
45,sharp_45_rot260,sharp,landscape,1,NA,NA,pladj,pladj,98.41499999999999,NA
46,random_46,random,landscape,1,NA,NA,pladj,pladj,81.71000000000001,NA
47,sharp_47_rot311,sharp,landscape,1,NA,NA,pladj,pladj,98.6,NA
48,random_48,random,landscape,1,NA,NA,pladj,pladj,51.995000000000005,NA
49,sharp_49_rot290,sharp,landscape,1,NA,NA,pladj,pladj,98.49,NA
50,sharp_50_rot26,sharp,landscape,1,NA,NA,pladj,pladj,98.26,NA
51,sharp_51_rot174,sharp,landscape,1,NA,NA,pladj,pladj,98.45,NA
52,sharp_52_rot258,sharp,landscape,1,NA,NA,pladj,pladj,98.395,NA
53,sharp_53_rot89,sharp,landscape,1,NA,NA,pladj,pladj,98.49,NA
54,sharp_54_rot216,sharp,landscape,1,NA,NA,pladj,pladj,98.625,NA
55,random_55,random,landscape,1,NA,NA,pladj,pladj,66.55,NA
56,sharp_56_rot328,sharp,landscape,1,NA,NA,pladj,pladj,98.21,NA
57,sharp_57_rot74,sharp,landscape,1,NA,NA,pladj,pladj,98.36,NA
58,random_58,random,landscape,1,NA,NA,pladj,pladj,66.58,NA
59,sharp_59_rot291,sharp,landscape,1,NA,NA,pladj,pladj,98.31,NA
60,random_60,random,landscape,1,NA,NA,pladj,pladj,57.215,NA
61,random_61,random,landscape,1,NA,NA,pladj,pladj,77.96,NA
62,sharp_62_rot178,sharp,landscape,1,NA,NA,pladj,pladj,98.48,NA
63,random_63,random,landscape,1,NA,NA,pladj,pladj,51.28,NA
64,sharp_64_rot282,sharp,landscape,1,NA,NA,pladj,pladj,98.395,NA
65,random_65,random,landscape,1,NA,NA,pladj,pladj,68.30000000000001,NA
66,sharp_66_rot51,sharp,landscape,1,NA,NA,pladj,pladj,98.595,NA
67,random_67,random,landscape,1,NA,NA,pladj,pladj,51.105000000000004,NA
68,sharp_68_rot332,sharp,landscape,1,NA,NA,pladj,pladj,98.24000000000001,NA
69,random_69,random,landscape,1,NA,NA,pladj,pladj,65.31,NA
70,random_70,random,landscape,1,NA,NA,pladj,pladj,50.144999999999996,NA
71,random_71,random,landscape,1,NA,NA,pladj,pladj,49.864999999999995,NA
72,random_72,random,landscape,1,NA,NA,pladj,pladj,49.45,NA
73,sharp_73_rot288,sharp,landscape,1,NA,NA,pladj,pladj,98.34,NA
74,sharp_74_rot285,sharp,landscape,1,NA,NA,pladj,pladj,98.36500000000001,NA
75,sharp_75_rot69,sharp,landscape,1,NA,NA,pladj,pladj,98.31,NA
76,random_76,random,landscape,1,NA,NA,pladj,pladj,51.735,NA
77,random_77,random,landscape,1,NA,NA,pladj,pladj,51.2,NA
78,random_78,random,landscape,1,NA,NA,pladj,pladj,64.03999999999999,NA
79,random_79,random,landscape,1,NA,NA,pladj,pladj,53.080000000000005,NA
80,sharp_80_rot260,sharp,landscape,1,NA,NA,pladj,pladj,98.41499999999999,NA
81,sharp_81_rot193,sharp,landscape,1,NA,NA,pladj,pladj,98.385,NA
82,random_82,random,landscape,1,NA,NA,pladj,pladj,50.044999999999995,NA
83,random_83,random,landscape,1,NA,NA,pladj,pladj,77.55499999999999,NA
84,sharp_84_rot19,sharp,landscape,1,NA,NA,pladj,pladj,98.625,NA
85,random_85,random,landscape,1,NA,NA,pladj,pladj,48.715,NA
86,sharp_86_rot322,sharp,landscape,1,NA,NA,pladj,pladj,98.115,NA
87,random_87,random,landscape,1,NA,NA,pladj,pladj,55.055,NA
88,sharp_88_rot76,sharp,landscape,1,NA,NA,pladj,pladj,98.375,NA
89,sharp_89_rot22,sharp,landscape,1,NA,NA,pladj,pladj,98.3,NA
90,sharp_90_rot226,sharp,landscape,1,NA,NA,pladj,pladj,98.6,NA
91,sharp_91_rot271,sharp,landscape,1,NA,NA,pladj,pladj,98.49,NA
92,random_92,random,landscape,1,NA,NA,pladj,pladj,52.839999999999996,NA
93,sharp_93_rot226,sharp,landscape,1,NA,NA,pladj,pladj,98.19,NA
94,random_94,random,landscape,1,NA,NA,pladj,pladj,51.72,NA
95,sharp_95_rot353,sharp,landscape,1,NA,NA,pladj,pladj,98.44000000000001,NA
96,sharp_96_rot338,sharp,landscape,1,NA,NA,pladj,pladj,98.3,NA
97,sharp_97_rot301,sharp,landscape,1,NA,NA,pladj,pladj,98.47,NA
98,random_98,random,landscape,1,NA,NA,pladj,pladj,49.195,NA
99,sharp_99_rot291,sharp,landscape,1,NA,NA,pladj,pladj,98.53,NA
100,random_100,random,landscape,1,NA,NA,pladj,pladj,61.545,NA
1,random_1,random,landscape,1,NA,NA,pr,pr,2,NA
2,sharp_2_rot108,sharp,landscape,1,NA,NA,pr,pr,2,NA
3,random_3,random,landscape,1,NA,NA,pr,pr,2,NA
4,sharp_4_rot87,sharp,landscape,1,NA,NA,pr,pr,2,NA
5,sharp_5_rot329,sharp,landscape,1,NA,NA,pr,pr,2,NA
6,random_6,random,landscape,1,NA,NA,pr,pr,2,NA
7,sharp_7_rot144,sharp,landscape,1,NA,NA,pr,pr,2,NA
8,sharp_8_rot184,sharp,landscape,1,NA,NA,pr,pr,2,NA
9,sharp_9_rot64,sharp,landscape,1,NA,NA,pr,pr,2,NA
10,random_10,random,landscape,1,NA,NA,pr,pr,2,NA
11,random_11,random,landscape,1,NA,NA,pr,pr,2,NA
12,sharp_12_rot167,sharp,landscape,1,NA,NA,pr,pr,2,NA
13,random_13,random,landscape,1,NA,NA,pr,pr,2,NA
14,random_14,random,landscape,1,NA,NA,pr,pr,2,NA
15,random_15,random,landscape,1,NA,NA,pr,pr,2,NA
16,random_16,random,landscape,1,NA,NA,pr,pr,2,NA
17,random_17,random,landscape,1,NA,NA,pr,pr,2,NA
18,random_18,random,landscape,1,NA,NA,pr,pr,2,NA
19,sharp_19_rot112,sharp,landscape,1,NA,NA,pr,pr,2,NA
20,random_20,random,landscape,1,NA,NA,pr,pr,2,NA
21,random_21,random,landscape,1,NA,NA,pr,pr,2,NA
22,random_22,random,landscape,1,NA,NA,pr,pr,2,NA
23,sharp_23_rot279,sharp,landscape,1,NA,NA,pr,pr,2,NA
24,random_24,random,landscape,1,NA,NA,pr,pr,2,NA
25,random_25,random,landscape,1,NA,NA,pr,pr,2,NA
26,random_26,random,landscape,1,NA,NA,pr,pr,2,NA
27,sharp_27_rot305,sharp,landscape,1,NA,NA,pr,pr,2,NA
28,random_28,random,landscape,1,NA,NA,pr,pr,2,NA
29,sharp_29_rot195,sharp,landscape,1,NA,NA,pr,pr,2,NA
30,sharp_30_rot81,sharp,landscape,1,NA,NA,pr,pr,2,NA
31,sharp_31_rot308,sharp,landscape,1,NA,NA,pr,pr,2,NA
32,random_32,random,landscape,1,NA,NA,pr,pr,2,NA
33,sharp_33_rot300,sharp,landscape,1,NA,NA,pr,pr,2,NA
34,sharp_34_rot273,sharp,landscape,1,NA,NA,pr,pr,2,NA
35,random_35,random,landscape,1,NA,NA,pr,pr,2,NA
36,random_36,random,landscape,1,NA,NA,pr,pr,2,NA
37,random_37,random,landscape,1,NA,NA,pr,pr,2,NA
38,sharp_38_rot249,sharp,landscape,1,NA,NA,pr,pr,2,NA
39,sharp_39_rot66,sharp,landscape,1,NA,NA,pr,pr,2,NA
40,sharp_40_rot331,sharp,landscape,1,NA,NA,pr,pr,2,NA
41,sharp_41_rot185,sharp,landscape,1,NA,NA,pr,pr,2,NA
42,random_42,random,landscape,1,NA,NA,pr,pr,2,NA
43,random_43,random,landscape,1,NA,NA,pr,pr,2,NA
44,random_44,random,landscape,1,NA,NA,pr,pr,2,NA
45,sharp_45_rot260,sharp,landscape,1,NA,NA,pr,pr,2,NA
46,random_46,random,landscape,1,NA,NA,pr,pr,2,NA
47,sharp_47_rot311,sharp,landscape,1,NA,NA,pr,pr,2,NA
48,random_48,random,landscape,1,NA,NA,pr,pr,2,NA
49,sharp_49_rot290,sharp,landscape,1,NA,NA,pr,pr,2,NA
50,sharp_50_rot26,sharp,landscape,1,NA,NA,pr,pr,2,NA
51,sharp_51_rot174,sharp,landscape,1,NA,NA,pr,pr,2,NA
52,sharp_52_rot258,sharp,landscape,1,NA,NA,pr,pr,2,NA
53,sharp_53_rot89,sharp,landscape,1,NA,NA,pr,pr,2,NA
54,sharp_54_rot216,sharp,landscape,1,NA,NA,pr,pr,2,NA
55,random_55,random,landscape,1,NA,NA,pr,pr,2,NA
56,sharp_56_rot328,sharp,landscape,1,NA,NA,pr,pr,2,NA
57,sharp_57_rot74,sharp,landscape,1,NA,NA,pr,pr,2,NA
58,random_58,random,landscape,1,NA,NA,pr,pr,2,NA
59,sharp_59_rot291,sharp,landscape,1,NA,NA,pr,pr,2,NA
60,random_60,random,landscape,1,NA,NA,pr,pr,2,NA
61,random_61,random,landscape,1,NA,NA,pr,pr,2,NA
62,sharp_62_rot178,sharp,landscape,1,NA,NA,pr,pr,2,NA
63,random_63,random,landscape,1,NA,NA,pr,pr,2,NA
64,sharp_64_rot282,sharp,landscape,1,NA,NA,pr,pr,2,NA
65,random_65,random,landscape,1,NA,NA,pr,pr,2,NA
66,sharp_66_rot51,sharp,landscape,1,NA,NA,pr,pr,2,NA
67,random_67,random,landscape,1,NA,NA,pr,pr,2,NA
68,sharp_68_rot332,sharp,landscape,1,NA,NA,pr,pr,2,NA
69,random_69,random,landscape,1,NA,NA,pr,pr,2,NA
70,random_70,random,landscape,1,NA,NA,pr,pr,2,NA
71,random_71,random,landscape,1,NA,NA,pr,pr,2,NA
72,random_72,random,landscape,1,NA,NA,pr,pr,2,NA
73,sharp_73_rot288,sharp,landscape,1,NA,NA,pr,pr,2,NA
74,sharp_74_rot285,sharp,landscape,1,NA,NA,pr,pr,2,NA
75,sharp_75_rot69,sharp,landscape,1,NA,NA,pr,pr,2,NA
76,random_76,random,landscape,1,NA,NA,pr,pr,2,NA
77,random_77,random,landscape,1,NA,NA,pr,pr,2,NA
78,random_78,random,landscape,1,NA,NA,pr,pr,2,NA
79,random_79,random,landscape,1,NA,NA,pr,pr,2,NA
80,sharp_80_rot260,sharp,landscape,1,NA,NA,pr,pr,2,NA
81,sharp_81_rot193,sharp,landscape,1,NA,NA,pr,pr,2,NA
82,random_82,random,landscape,1,NA,NA,pr,pr,2,NA
83,random_83,random,landscape,1,NA,NA,pr,pr,2,NA
84,sharp_84_rot19,sharp,landscape,1,NA,NA,pr,pr,2,NA
85,random_85,random,landscape,1,NA,NA,pr,pr,2,NA
86,sharp_86_rot322,sharp,landscape,1,NA,NA,pr,pr,2,NA
87,random_87,random,landscape,1,NA,NA,pr,pr,2,NA
88,sharp_88_rot76,sharp,landscape,1,NA,NA,pr,pr,2,NA
89,sharp_89_rot22,sharp,landscape,1,NA,NA,pr,pr,2,NA
90,sharp_90_rot226,sharp,landscape,1,NA,NA,pr,pr,2,NA
91,sharp_91_rot271,sharp,landscape,1,NA,NA,pr,pr,2,NA
92,random_92,random,landscape,1,NA,NA,pr,pr,2,NA
93,sharp_93_rot226,sharp,landscape,1,NA,NA,pr,pr,2,NA
94,random_94,random,landscape,1,NA,NA,pr,pr,2,NA
95,sharp_95_rot353,sharp,landscape,1,NA,NA,pr,pr,2,NA
96,sharp_96_rot338,sharp,landscape,1,NA,NA,pr,pr,2,NA
97,sharp_97_rot301,sharp,landscape,1,NA,NA,pr,pr,2,NA
98,random_98,random,landscape,1,NA,NA,pr,pr,2,NA
99,sharp_99_rot291,sharp,landscape,1,NA,NA,pr,pr,2,NA
100,random_100,random,landscape,1,NA,NA,pr,pr,2,NA
1,random_1,random,landscape,1,NA,NA,prd,prd,200,NA
2,sharp_2_rot108,sharp,landscape,1,NA,NA,prd,prd,200,NA
3,random_3,random,landscape,1,NA,NA,prd,prd,200,NA
4,sharp_4_rot87,sharp,landscape,1,NA,NA,prd,prd,200,NA
5,sharp_5_rot329,sharp,landscape,1,NA,NA,prd,prd,200,NA
6,random_6,random,landscape,1,NA,NA,prd,prd,200,NA
7,sharp_7_rot144,sharp,landscape,1,NA,NA,prd,prd,200,NA
8,sharp_8_rot184,sharp,landscape,1,NA,NA,prd,prd,200,NA
9,sharp_9_rot64,sharp,landscape,1,NA,NA,prd,prd,200,NA
10,random_10,random,landscape,1,NA,NA,prd,prd,200,NA
11,random_11,random,landscape,1,NA,NA,prd,prd,200,NA
12,sharp_12_rot167,sharp,landscape,1,NA,NA,prd,prd,200,NA
13,random_13,random,landscape,1,NA,NA,prd,prd,200,NA
14,random_14,random,landscape,1,NA,NA,prd,prd,200,NA
15,random_15,random,landscape,1,NA,NA,prd,prd,200,NA
16,random_16,random,landscape,1,NA,NA,prd,prd,200,NA
17,random_17,random,landscape,1,NA,NA,prd,prd,200,NA
18,random_18,random,landscape,1,NA,NA,prd,prd,200,NA
19,sharp_19_rot112,sharp,landscape,1,NA,NA,prd,prd,200,NA
20,random_20,random,landscape,1,NA,NA,prd,prd,200,NA
21,random_21,random,landscape,1,NA,NA,prd,prd,200,NA
22,random_22,random,landscape,1,NA,NA,prd,prd,200,NA
23,sharp_23_rot279,sharp,landscape,1,NA,NA,prd,prd,200,NA
24,random_24,random,landscape,1,NA,NA,prd,prd,200,NA
25,random_25,random,landscape,1,NA,NA,prd,prd,200,NA
26,random_26,random,landscape,1,NA,NA,prd,prd,200,NA
27,sharp_27_rot305,sharp,landscape,1,NA,NA,prd,prd,200,NA
28,random_28,random,landscape,1,NA,NA,prd,prd,200,NA
29,sharp_29_rot195,sharp,landscape,1,NA,NA,prd,prd,200,NA
30,sharp_30_rot81,sharp,landscape,1,NA,NA,prd,prd,200,NA
31,sharp_31_rot308,sharp,landscape,1,NA,NA,prd,prd,200,NA
32,random_32,random,landscape,1,NA,NA,prd,prd,200,NA
33,sharp_33_rot300,sharp,landscape,1,NA,NA,prd,prd,200,NA
34,sharp_34_rot273,sharp,landscape,1,NA,NA,prd,prd,200,NA
35,random_35,random,landscape,1,NA,NA,prd,prd,200,NA
36,random_36,random,landscape,1,NA,NA,prd,prd,200,NA
37,random_37,random,landscape,1,NA,NA,prd,prd,200,NA
38,sharp_38_rot249,sharp,landscape,1,NA,NA,prd,prd,200,NA
39,sharp_39_rot66,sharp,landscape,1,NA,NA,prd,prd,200,NA
40,sharp_40_rot331,sharp,landscape,1,NA,NA,prd,prd,200,NA
41,sharp_41_rot185,sharp,landscape,1,NA,NA,prd,prd,200,NA
42,random_42,random,landscape,1,NA,NA,prd,prd,200,NA
43,random_43,random,landscape,1,NA,NA,prd,prd,200,NA
44,random_44,random,landscape,1,NA,NA,prd,prd,200,NA
45,sharp_45_rot260,sharp,landscape,1,NA,NA,prd,prd,200,NA
46,random_46,random,landscape,1,NA,NA,prd,prd,200,NA
47,sharp_47_rot311,sharp,landscape,1,NA,NA,prd,prd,200,NA
48,random_48,random,landscape,1,NA,NA,prd,prd,200,NA
49,sharp_49_rot290,sharp,landscape,1,NA,NA,prd,prd,200,NA
50,sharp_50_rot26,sharp,landscape,1,NA,NA,prd,prd,200,NA
51,sharp_51_rot174,sharp,landscape,1,NA,NA,prd,prd,200,NA
52,sharp_52_rot258,sharp,landscape,1,NA,NA,prd,prd,200,NA
53,sharp_53_rot89,sharp,landscape,1,NA,NA,prd,prd,200,NA
54,sharp_54_rot216,sharp,landscape,1,NA,NA,prd,prd,200,NA
55,random_55,random,landscape,1,NA,NA,prd,prd,200,NA
56,sharp_56_rot328,sharp,landscape,1,NA,NA,prd,prd,200,NA
57,sharp_57_rot74,sharp,landscape,1,NA,NA,prd,prd,200,NA
58,random_58,random,landscape,1,NA,NA,prd,prd,200,NA
59,sharp_59_rot291,sharp,landscape,1,NA,NA,prd,prd,200,NA
60,random_60,random,landscape,1,NA,NA,prd,prd,200,NA
61,random_61,random,landscape,1,NA,NA,prd,prd,200,NA
62,sharp_62_rot178,sharp,landscape,1,NA,NA,prd,prd,200,NA
63,random_63,random,landscape,1,NA,NA,prd,prd,200,NA
64,sharp_64_rot282,sharp,landscape,1,NA,NA,prd,prd,200,NA
65,random_65,random,landscape,1,NA,NA,prd,prd,200,NA
66,sharp_66_rot51,sharp,landscape,1,NA,NA,prd,prd,200,NA
67,random_67,random,landscape,1,NA,NA,prd,prd,200,NA
68,sharp_68_rot332,sharp,landscape,1,NA,NA,prd,prd,200,NA
69,random_69,random,landscape,1,NA,NA,prd,prd,200,NA
70,random_70,random,landscape,1,NA,NA,prd,prd,200,NA
71,random_71,random,landscape,1,NA,NA,prd,prd,200,NA
72,random_72,random,landscape,1,NA,NA,prd,prd,200,NA
73,sharp_73_rot288,sharp,landscape,1,NA,NA,prd,prd,200,NA
74,sharp_74_rot285,sharp,landscape,1,NA,NA,prd,prd,200,NA
75,sharp_75_rot69,sharp,landscape,1,NA,NA,prd,prd,200,NA
76,random_76,random,landscape,1,NA,NA,prd,prd,200,NA
77,random_77,random,landscape,1,NA,NA,prd,prd,200,NA
78,random_78,random,landscape,1,NA,NA,prd,prd,200,NA
79,random_79,random,landscape,1,NA,NA,prd,prd,200,NA
80,sharp_80_rot260,sharp,landscape,1,NA,NA,prd,prd,200,NA
81,sharp_81_rot193,sharp,landscape,1,NA,NA,prd,prd,200,NA
82,random_82,random,landscape,1,NA,NA,prd,prd,200,NA
83,random_83,random,landscape,1,NA,NA,prd,prd,200,NA
84,sharp_84_rot19,sharp,landscape,1,NA,NA,prd,prd,200,NA
85,random_85,random,landscape,1,NA,NA,prd,prd,200,NA
86,sharp_86_rot322,sharp,landscape,1,NA,NA,prd,prd,200,NA
87,random_87,random,landscape,1,NA,NA,prd,prd,200,NA
88,sharp_88_rot76,sharp,landscape,1,NA,NA,prd,prd,200,NA
89,sharp_89_rot22,sharp,landscape,1,NA,NA,prd,prd,200,NA
90,sharp_90_rot226,sharp,landscape,1,NA,NA,prd,prd,200,NA
91,sharp_91_rot271,sharp,landscape,1,NA,NA,prd,prd,200,NA
92,random_92,random,landscape,1,NA,NA,prd,prd,200,NA
93,sharp_93_rot226,sharp,landscape,1,NA,NA,prd,prd,200,NA
94,random_94,random,landscape,1,NA,NA,prd,prd,200,NA
95,sharp_95_rot353,sharp,landscape,1,NA,NA,prd,prd,200,NA
96,sharp_96_rot338,sharp,landscape,1,NA,NA,prd,prd,200,NA
97,sharp_97_rot301,sharp,landscape,1,NA,NA,prd,prd,200,NA
98,random_98,random,landscape,1,NA,NA,prd,prd,200,NA
99,sharp_99_rot291,sharp,landscape,1,NA,NA,prd,prd,200,NA
100,random_100,random,landscape,1,NA,NA,prd,prd,200,NA
1,random_1,random,landscape,1,NA,NA,relmutinf,relmutinf,5.612286703987391e-5,NA
2,sharp_2_rot108,sharp,landscape,1,NA,NA,relmutinf,relmutinf,0.9138296742661974,NA
3,random_3,random,landscape,1,NA,NA,relmutinf,relmutinf,5.5658570948573176e-6,NA
4,sharp_4_rot87,sharp,landscape,1,NA,NA,relmutinf,relmutinf,0.946105663925819,NA
5,sharp_5_rot329,sharp,landscape,1,NA,NA,relmutinf,relmutinf,0.9244794620762978,NA
6,random_6,random,landscape,1,NA,NA,relmutinf,relmutinf,9.589234473524636e-6,NA
7,sharp_7_rot144,sharp,landscape,1,NA,NA,relmutinf,relmutinf,0.9247707054373806,NA
8,sharp_8_rot184,sharp,landscape,1,NA,NA,relmutinf,relmutinf,0.950606029410778,NA
9,sharp_9_rot64,sharp,landscape,1,NA,NA,relmutinf,relmutinf,0.9347489444635455,NA
10,random_10,random,landscape,1,NA,NA,relmutinf,relmutinf,1.1165869188170872e-6,NA
11,random_11,random,landscape,1,NA,NA,relmutinf,relmutinf,2.6394709938584557e-7,NA
12,sharp_12_rot167,sharp,landscape,1,NA,NA,relmutinf,relmutinf,0.9322304120976624,NA
13,random_13,random,landscape,1,NA,NA,relmutinf,relmutinf,2.1119238304016947e-5,NA
14,random_14,random,landscape,1,NA,NA,relmutinf,relmutinf,4.13997987586245e-5,NA
15,random_15,random,landscape,1,NA,NA,relmutinf,relmutinf,3.1081692887703514e-5,NA
16,random_16,random,landscape,1,NA,NA,relmutinf,relmutinf,1.5717802343905035e-5,NA
17,random_17,random,landscape,1,NA,NA,relmutinf,relmutinf,2.139779177522548e-6,NA
18,random_18,random,landscape,1,NA,NA,relmutinf,relmutinf,1.0619684839743583e-4,NA
19,sharp_19_rot112,sharp,landscape,1,NA,NA,relmutinf,relmutinf,0.9392475869680517,NA
20,random_20,random,landscape,1,NA,NA,relmutinf,relmutinf,1.9558443758968552e-4,NA
21,random_21,random,landscape,1,NA,NA,relmutinf,relmutinf,8.882237863021277e-5,NA
22,random_22,random,landscape,1,NA,NA,relmutinf,relmutinf,1.0764671588509976e-6,NA
23,sharp_23_rot279,sharp,landscape,1,NA,NA,relmutinf,relmutinf,0.933613567581152,NA
24,random_24,random,landscape,1,NA,NA,relmutinf,relmutinf,3.528593789111149e-5,NA
25,random_25,random,landscape,1,NA,NA,relmutinf,relmutinf,4.19139421476675e-5,NA
26,random_26,random,landscape,1,NA,NA,relmutinf,relmutinf,2.0404100489169539e-4,NA
27,sharp_27_rot305,sharp,landscape,1,NA,NA,relmutinf,relmutinf,0.9223621335105937,NA
28,random_28,random,landscape,1,NA,NA,relmutinf,relmutinf,1.5479365663654638e-5,NA
29,sharp_29_rot195,sharp,landscape,1,NA,NA,relmutinf,relmutinf,0.9075875424955252,NA
30,sharp_30_rot81,sharp,landscape,1,NA,NA,relmutinf,relmutinf,0.9479088148313146,NA
31,sharp_31_rot308,sharp,landscape,1,NA,NA,relmutinf,relmutinf,0.918189841987489,NA
32,random_32,random,landscape,1,NA,NA,relmutinf,relmutinf,1.2200479370009673e-4,NA
33,sharp_33_rot300,sharp,landscape,1,NA,NA,relmutinf,relmutinf,0.9246173884487588,NA
34,sharp_34_rot273,sharp,landscape,1,NA,NA,relmutinf,relmutinf,0.9500073716236448,NA
35,random_35,random,landscape,1,NA,NA,relmutinf,relmutinf,8.442986646224695e-5,NA
36,random_36,random,landscape,1,NA,NA,relmutinf,relmutinf,1.3162203057474679e-6,NA
37,random_37,random,landscape,1,NA,NA,relmutinf,relmutinf,1.939345172433418e-7,NA
38,sharp_38_rot249,sharp,landscape,1,NA,NA,relmutinf,relmutinf,0.9362991331194461,NA
39,sharp_39_rot66,sharp,landscape,1,NA,NA,relmutinf,relmutinf,0.9210513514027474,NA
40,sharp_40_rot331,sharp,landscape,1,NA,NA,relmutinf,relmutinf,0.9331813113197949,NA
41,sharp_41_rot185,sharp,landscape,1,NA,NA,relmutinf,relmutinf,0.9359358306555562,NA
42,random_42,random,landscape,1,NA,NA,relmutinf,relmutinf,7.341302621747663e-7,NA
43,random_43,random,landscape,1,NA,NA,relmutinf,relmutinf,1.6163864774488743e-4,NA
44,random_44,random,landscape,1,NA,NA,relmutinf,relmutinf,4.865788944066166e-5,NA
45,sharp_45_rot260,sharp,landscape,1,NA,NA,relmutinf,relmutinf,0.925093035341936,NA
46,random_46,random,landscape,1,NA,NA,relmutinf,relmutinf,2.008248143895546e-4,NA
47,sharp_47_rot311,sharp,landscape,1,NA,NA,relmutinf,relmutinf,0.9151853437234079,NA
48,random_48,random,landscape,1,NA,NA,relmutinf,relmutinf,1.1911200167424533e-4,NA
49,sharp_49_rot290,sharp,landscape,1,NA,NA,relmutinf,relmutinf,0.9111770244386191,NA
50,sharp_50_rot26,sharp,landscape,1,NA,NA,relmutinf,relmutinf,0.9288319495743721,NA
51,sharp_51_rot174,sharp,landscape,1,NA,NA,relmutinf,relmutinf,0.9501784368679975,NA
52,sharp_52_rot258,sharp,landscape,1,NA,NA,relmutinf,relmutinf,0.9455480855408066,NA
53,sharp_53_rot89,sharp,landscape,1,NA,NA,relmutinf,relmutinf,0.9534194712186426,NA
54,sharp_54_rot216,sharp,landscape,1,NA,NA,relmutinf,relmutinf,0.9109893613513798,NA
55,random_55,random,landscape,1,NA,NA,relmutinf,relmutinf,1.1459438316178532e-5,NA
56,sharp_56_rot328,sharp,landscape,1,NA,NA,relmutinf,relmutinf,0.9248692592536283,NA
57,sharp_57_rot74,sharp,landscape,1,NA,NA,relmutinf,relmutinf,0.9333064102672334,NA
58,random_58,random,landscape,1,NA,NA,relmutinf,relmutinf,1.8943131543740877e-6,NA
59,sharp_59_rot291,sharp,landscape,1,NA,NA,relmutinf,relmutinf,0.9388867308976371,NA
60,random_60,random,landscape,1,NA,NA,relmutinf,relmutinf,5.6528846987932344e-5,NA
61,random_61,random,landscape,1,NA,NA,relmutinf,relmutinf,1.0348257730410683e-5,NA
62,sharp_62_rot178,sharp,landscape,1,NA,NA,relmutinf,relmutinf,0.9526168669290042,NA
63,random_63,random,landscape,1,NA,NA,relmutinf,relmutinf,3.321981452945815e-8,NA
64,sharp_64_rot282,sharp,landscape,1,NA,NA,relmutinf,relmutinf,0.9169900990692657,NA
65,random_65,random,landscape,1,NA,NA,relmutinf,relmutinf,9.164188522176422e-5,NA
66,sharp_66_rot51,sharp,landscape,1,NA,NA,relmutinf,relmutinf,0.9141573836949402,NA
67,random_67,random,landscape,1,NA,NA,relmutinf,relmutinf,3.7502208911923694e-6,NA
68,sharp_68_rot332,sharp,landscape,1,NA,NA,relmutinf,relmutinf,0.92882486017682,NA
69,random_69,random,landscape,1,NA,NA,relmutinf,relmutinf,1.3950712378851884e-5,NA
70,random_70,random,landscape,1,NA,NA,relmutinf,relmutinf,4.5585528480432516e-5,NA
71,random_71,random,landscape,1,NA,NA,relmutinf,relmutinf,9.97325072311013e-5,NA
72,random_72,random,landscape,1,NA,NA,relmutinf,relmutinf,1.0446316619997633e-4,NA
73,sharp_73_rot288,sharp,landscape,1,NA,NA,relmutinf,relmutinf,0.9387236173241162,NA
74,sharp_74_rot285,sharp,landscape,1,NA,NA,relmutinf,relmutinf,0.9338873453104708,NA
75,sharp_75_rot69,sharp,landscape,1,NA,NA,relmutinf,relmutinf,0.9294604126376198,NA
76,random_76,random,landscape,1,NA,NA,relmutinf,relmutinf,8.388793652439554e-5,NA
77,random_77,random,landscape,1,NA,NA,relmutinf,relmutinf,1.4540114248475153e-5,NA
78,random_78,random,landscape,1,NA,NA,relmutinf,relmutinf,4.387646561510955e-9,NA
79,random_79,random,landscape,1,NA,NA,relmutinf,relmutinf,7.9573868874235e-5,NA
80,sharp_80_rot260,sharp,landscape,1,NA,NA,relmutinf,relmutinf,0.9168709259099695,NA
81,sharp_81_rot193,sharp,landscape,1,NA,NA,relmutinf,relmutinf,0.9255720331616721,NA
82,random_82,random,landscape,1,NA,NA,relmutinf,relmutinf,2.403331019690523e-5,NA
83,random_83,random,landscape,1,NA,NA,relmutinf,relmutinf,1.562022471533093e-4,NA
84,sharp_84_rot19,sharp,landscape,1,NA,NA,relmutinf,relmutinf,0.8967763623718563,NA
85,random_85,random,landscape,1,NA,NA,relmutinf,relmutinf,2.0502418908746972e-4,NA
86,sharp_86_rot322,sharp,landscape,1,NA,NA,relmutinf,relmutinf,0.9260478559011847,NA
87,random_87,random,landscape,1,NA,NA,relmutinf,relmutinf,5.01937655758962e-5,NA
88,sharp_88_rot76,sharp,landscape,1,NA,NA,relmutinf,relmutinf,0.9399014852731182,NA
89,sharp_89_rot22,sharp,landscape,1,NA,NA,relmutinf,relmutinf,0.938855605172526,NA
90,sharp_90_rot226,sharp,landscape,1,NA,NA,relmutinf,relmutinf,0.9158361161189092,NA
91,sharp_91_rot271,sharp,landscape,1,NA,NA,relmutinf,relmutinf,0.9340996539177032,NA
92,random_92,random,landscape,1,NA,NA,relmutinf,relmutinf,3.655983568217838e-5,NA
93,sharp_93_rot226,sharp,landscape,1,NA,NA,relmutinf,relmutinf,0.9260544076895638,NA
94,random_94,random,landscape,1,NA,NA,relmutinf,relmutinf,4.463230805967536e-5,NA
95,sharp_95_rot353,sharp,landscape,1,NA,NA,relmutinf,relmutinf,0.9468568131018411,NA
96,sharp_96_rot338,sharp,landscape,1,NA,NA,relmutinf,relmutinf,0.9341554304329218,NA
97,sharp_97_rot301,sharp,landscape,1,NA,NA,relmutinf,relmutinf,0.9208233852462637,NA
98,random_98,random,landscape,1,NA,NA,relmutinf,relmutinf,2.8753615673431664e-5,NA
99,sharp_99_rot291,sharp,landscape,1,NA,NA,relmutinf,relmutinf,0.9086909760013494,NA
100,random_100,random,landscape,1,NA,NA,relmutinf,relmutinf,2.1674317180764603e-5,NA
1,random_1,random,landscape,1,NA,NA,rpr,rpr,NA,No maximum number of classes provided: RPR = NA
2,sharp_2_rot108,sharp,landscape,1,NA,NA,rpr,rpr,NA,No maximum number of classes provided: RPR = NA
3,random_3,random,landscape,1,NA,NA,rpr,rpr,NA,No maximum number of classes provided: RPR = NA
4,sharp_4_rot87,sharp,landscape,1,NA,NA,rpr,rpr,NA,No maximum number of classes provided: RPR = NA
5,sharp_5_rot329,sharp,landscape,1,NA,NA,rpr,rpr,NA,No maximum number of classes provided: RPR = NA
6,random_6,random,landscape,1,NA,NA,rpr,rpr,NA,No maximum number of classes provided: RPR = NA
7,sharp_7_rot144,sharp,landscape,1,NA,NA,rpr,rpr,NA,No maximum number of classes provided: RPR = NA
8,sharp_8_rot184,sharp,landscape,1,NA,NA,rpr,rpr,NA,No maximum number of classes provided: RPR = NA
9,sharp_9_rot64,sharp,landscape,1,NA,NA,rpr,rpr,NA,No maximum number of classes provided: RPR = NA
10,random_10,random,landscape,1,NA,NA,rpr,rpr,NA,No maximum number of classes provided: RPR = NA
11,random_11,random,landscape,1,NA,NA,rpr,rpr,NA,No maximum number of classes provided: RPR = NA
12,sharp_12_rot167,sharp,landscape,1,NA,NA,rpr,rpr,NA,No maximum number of classes provided: RPR = NA
13,random_13,random,landscape,1,NA,NA,rpr,rpr,NA,No maximum number of classes provided: RPR = NA
14,random_14,random,landscape,1,NA,NA,rpr,rpr,NA,No maximum number of classes provided: RPR = NA
15,random_15,random,landscape,1,NA,NA,rpr,rpr,NA,No maximum number of classes provided: RPR = NA
16,random_16,random,landscape,1,NA,NA,rpr,rpr,NA,No maximum number of classes provided: RPR = NA
17,random_17,random,landscape,1,NA,NA,rpr,rpr,NA,No maximum number of classes provided: RPR = NA
18,random_18,random,landscape,1,NA,NA,rpr,rpr,NA,No maximum number of classes provided: RPR = NA
19,sharp_19_rot112,sharp,landscape,1,NA,NA,rpr,rpr,NA,No maximum number of classes provided: RPR = NA
20,random_20,random,landscape,1,NA,NA,rpr,rpr,NA,No maximum number of classes provided: RPR = NA
21,random_21,random,landscape,1,NA,NA,rpr,rpr,NA,No maximum number of classes provided: RPR = NA
22,random_22,random,landscape,1,NA,NA,rpr,rpr,NA,No maximum number of classes provided: RPR = NA
23,sharp_23_rot279,sharp,landscape,1,NA,NA,rpr,rpr,NA,No maximum number of classes provided: RPR = NA
24,random_24,random,landscape,1,NA,NA,rpr,rpr,NA,No maximum number of classes provided: RPR = NA
25,random_25,random,landscape,1,NA,NA,rpr,rpr,NA,No maximum number of classes provided: RPR = NA
26,random_26,random,landscape,1,NA,NA,rpr,rpr,NA,No maximum number of classes provided: RPR = NA
27,sharp_27_rot305,sharp,landscape,1,NA,NA,rpr,rpr,NA,No maximum number of classes provided: RPR = NA
28,random_28,random,landscape,1,NA,NA,rpr,rpr,NA,No maximum number of classes provided: RPR = NA
29,sharp_29_rot195,sharp,landscape,1,NA,NA,rpr,rpr,NA,No maximum number of classes provided: RPR = NA
30,sharp_30_rot81,sharp,landscape,1,NA,NA,rpr,rpr,NA,No maximum number of classes provided: RPR = NA
31,sharp_31_rot308,sharp,landscape,1,NA,NA,rpr,rpr,NA,No maximum number of classes provided: RPR = NA
32,random_32,random,landscape,1,NA,NA,rpr,rpr,NA,No maximum number of classes provided: RPR = NA
33,sharp_33_rot300,sharp,landscape,1,NA,NA,rpr,rpr,NA,No maximum number of classes provided: RPR = NA
34,sharp_34_rot273,sharp,landscape,1,NA,NA,rpr,rpr,NA,No maximum number of classes provided: RPR = NA
35,random_35,random,landscape,1,NA,NA,rpr,rpr,NA,No maximum number of classes provided: RPR = NA
36,random_36,random,landscape,1,NA,NA,rpr,rpr,NA,No maximum number of classes provided: RPR = NA
37,random_37,random,landscape,1,NA,NA,rpr,rpr,NA,No maximum number of classes provided: RPR = NA
38,sharp_38_rot249,sharp,landscape,1,NA,NA,rpr,rpr,NA,No maximum number of classes provided: RPR = NA
39,sharp_39_rot66,sharp,landscape,1,NA,NA,rpr,rpr,NA,No maximum number of classes provided: RPR = NA
40,sharp_40_rot331,sharp,landscape,1,NA,NA,rpr,rpr,NA,No maximum number of classes provided: RPR = NA
41,sharp_41_rot185,sharp,landscape,1,NA,NA,rpr,rpr,NA,No maximum number of classes provided: RPR = NA
42,random_42,random,landscape,1,NA,NA,rpr,rpr,NA,No maximum number of classes provided: RPR = NA
43,random_43,random,landscape,1,NA,NA,rpr,rpr,NA,No maximum number of classes provided: RPR = NA
44,random_44,random,landscape,1,NA,NA,rpr,rpr,NA,No maximum number of classes provided: RPR = NA
45,sharp_45_rot260,sharp,landscape,1,NA,NA,rpr,rpr,NA,No maximum number of classes provided: RPR = NA
46,random_46,random,landscape,1,NA,NA,rpr,rpr,NA,No maximum number of classes provided: RPR = NA
47,sharp_47_rot311,sharp,landscape,1,NA,NA,rpr,rpr,NA,No maximum number of classes provided: RPR = NA
48,random_48,random,landscape,1,NA,NA,rpr,rpr,NA,No maximum number of classes provided: RPR = NA
49,sharp_49_rot290,sharp,landscape,1,NA,NA,rpr,rpr,NA,No maximum number of classes provided: RPR = NA
50,sharp_50_rot26,sharp,landscape,1,NA,NA,rpr,rpr,NA,No maximum number of classes provided: RPR = NA
51,sharp_51_rot174,sharp,landscape,1,NA,NA,rpr,rpr,NA,No maximum number of classes provided: RPR = NA
52,sharp_52_rot258,sharp,landscape,1,NA,NA,rpr,rpr,NA,No maximum number of classes provided: RPR = NA
53,sharp_53_rot89,sharp,landscape,1,NA,NA,rpr,rpr,NA,No maximum number of classes provided: RPR = NA
54,sharp_54_rot216,sharp,landscape,1,NA,NA,rpr,rpr,NA,No maximum number of classes provided: RPR = NA
55,random_55,random,landscape,1,NA,NA,rpr,rpr,NA,No maximum number of classes provided: RPR = NA
56,sharp_56_rot328,sharp,landscape,1,NA,NA,rpr,rpr,NA,No maximum number of classes provided: RPR = NA
57,sharp_57_rot74,sharp,landscape,1,NA,NA,rpr,rpr,NA,No maximum number of classes provided: RPR = NA
58,random_58,random,landscape,1,NA,NA,rpr,rpr,NA,No maximum number of classes provided: RPR = NA
59,sharp_59_rot291,sharp,landscape,1,NA,NA,rpr,rpr,NA,No maximum number of classes provided: RPR = NA
60,random_60,random,landscape,1,NA,NA,rpr,rpr,NA,No maximum number of classes provided: RPR = NA
61,random_61,random,landscape,1,NA,NA,rpr,rpr,NA,No maximum number of classes provided: RPR = NA
62,sharp_62_rot178,sharp,landscape,1,NA,NA,rpr,rpr,NA,No maximum number of classes provided: RPR = NA
63,random_63,random,landscape,1,NA,NA,rpr,rpr,NA,No maximum number of classes provided: RPR = NA
64,sharp_64_rot282,sharp,landscape,1,NA,NA,rpr,rpr,NA,No maximum number of classes provided: RPR = NA
65,random_65,random,landscape,1,NA,NA,rpr,rpr,NA,No maximum number of classes provided: RPR = NA
66,sharp_66_rot51,sharp,landscape,1,NA,NA,rpr,rpr,NA,No maximum number of classes provided: RPR = NA
67,random_67,random,landscape,1,NA,NA,rpr,rpr,NA,No maximum number of classes provided: RPR = NA
68,sharp_68_rot332,sharp,landscape,1,NA,NA,rpr,rpr,NA,No maximum number of classes provided: RPR = NA
69,random_69,random,landscape,1,NA,NA,rpr,rpr,NA,No maximum number of classes provided: RPR = NA
70,random_70,random,landscape,1,NA,NA,rpr,rpr,NA,No maximum number of classes provided: RPR = NA
71,random_71,random,landscape,1,NA,NA,rpr,rpr,NA,No maximum number of classes provided: RPR = NA
72,random_72,random,landscape,1,NA,NA,rpr,rpr,NA,No maximum number of classes provided: RPR = NA
73,sharp_73_rot288,sharp,landscape,1,NA,NA,rpr,rpr,NA,No maximum number of classes provided: RPR = NA
74,sharp_74_rot285,sharp,landscape,1,NA,NA,rpr,rpr,NA,No maximum number of classes provided: RPR = NA
75,sharp_75_rot69,sharp,landscape,1,NA,NA,rpr,rpr,NA,No maximum number of classes provided: RPR = NA
76,random_76,random,landscape,1,NA,NA,rpr,rpr,NA,No maximum number of classes provided: RPR = NA
77,random_77,random,landscape,1,NA,NA,rpr,rpr,NA,No maximum number of classes provided: RPR = NA
78,random_78,random,landscape,1,NA,NA,rpr,rpr,NA,No maximum number of classes provided: RPR = NA
79,random_79,random,landscape,1,NA,NA,rpr,rpr,NA,No maximum number of classes provided: RPR = NA
80,sharp_80_rot260,sharp,landscape,1,NA,NA,rpr,rpr,NA,No maximum number of classes provided: RPR = NA
81,sharp_81_rot193,sharp,landscape,1,NA,NA,rpr,rpr,NA,No maximum number of classes provided: RPR = NA
82,random_82,random,landscape,1,NA,NA,rpr,rpr,NA,No maximum number of classes provided: RPR = NA
83,random_83,random,landscape,1,NA,NA,rpr,rpr,NA,No maximum number of classes provided: RPR = NA
84,sharp_84_rot19,sharp,landscape,1,NA,NA,rpr,rpr,NA,No maximum number of classes provided: RPR = NA
85,random_85,random,landscape,1,NA,NA,rpr,rpr,NA,No maximum number of classes provided: RPR = NA
86,sharp_86_rot322,sharp,landscape,1,NA,NA,rpr,rpr,NA,No maximum number of classes provided: RPR = NA
87,random_87,random,landscape,1,NA,NA,rpr,rpr,NA,No maximum number of classes provided: RPR = NA
88,sharp_88_rot76,sharp,landscape,1,NA,NA,rpr,rpr,NA,No maximum number of classes provided: RPR = NA
89,sharp_89_rot22,sharp,landscape,1,NA,NA,rpr,rpr,NA,No maximum number of classes provided: RPR = NA
90,sharp_90_rot226,sharp,landscape,1,NA,NA,rpr,rpr,NA,No maximum number of classes provided: RPR = NA
91,sharp_91_rot271,sharp,landscape,1,NA,NA,rpr,rpr,NA,No maximum number of classes provided: RPR = NA
92,random_92,random,landscape,1,NA,NA,rpr,rpr,NA,No maximum number of classes provided: RPR = NA
93,sharp_93_rot226,sharp,landscape,1,NA,NA,rpr,rpr,NA,No maximum number of classes provided: RPR = NA
94,random_94,random,landscape,1,NA,NA,rpr,rpr,NA,No maximum number of classes provided: RPR = NA
95,sharp_95_rot353,sharp,landscape,1,NA,NA,rpr,rpr,NA,No maximum number of classes provided: RPR = NA
96,sharp_96_rot338,sharp,landscape,1,NA,NA,rpr,rpr,NA,No maximum number of classes provided: RPR = NA
97,sharp_97_rot301,sharp,landscape,1,NA,NA,rpr,rpr,NA,No maximum number of classes provided: RPR = NA
98,random_98,random,landscape,1,NA,NA,rpr,rpr,NA,No maximum number of classes provided: RPR = NA
99,sharp_99_rot291,sharp,landscape,1,NA,NA,rpr,rpr,NA,No maximum number of classes provided: RPR = NA
100,random_100,random,landscape,1,NA,NA,rpr,rpr,NA,No maximum number of classes provided: RPR = NA
1,random_1,random,landscape,1,NA,NA,shape_cv,shape_cv,53.815136917800686,NA
2,sharp_2_rot108,sharp,landscape,1,NA,NA,shape_cv,shape_cv,28.015079542953302,NA
3,random_3,random,landscape,1,NA,NA,shape_cv,shape_cv,53.06032708767666,NA
4,sharp_4_rot87,sharp,landscape,1,NA,NA,shape_cv,shape_cv,11.3894648337121,NA
5,sharp_5_rot329,sharp,landscape,1,NA,NA,shape_cv,shape_cv,16.833672301591193,NA
6,random_6,random,landscape,1,NA,NA,shape_cv,shape_cv,203.50609698136438,NA
7,sharp_7_rot144,sharp,landscape,1,NA,NA,shape_cv,shape_cv,9.682766648182344,NA
8,sharp_8_rot184,sharp,landscape,1,NA,NA,shape_cv,shape_cv,5.12089451834867,NA
9,sharp_9_rot64,sharp,landscape,1,NA,NA,shape_cv,shape_cv,6.2682886851001545,NA
10,random_10,random,landscape,1,NA,NA,shape_cv,shape_cv,170.53373228122587,NA
11,random_11,random,landscape,1,NA,NA,shape_cv,shape_cv,53.71416618940669,NA
12,sharp_12_rot167,sharp,landscape,1,NA,NA,shape_cv,shape_cv,18.5597806520725,NA
13,random_13,random,landscape,1,NA,NA,shape_cv,shape_cv,63.7593107736537,NA
14,random_14,random,landscape,1,NA,NA,shape_cv,shape_cv,248.20938991339108,NA
15,random_15,random,landscape,1,NA,NA,shape_cv,shape_cv,72.49886198976145,NA
16,random_16,random,landscape,1,NA,NA,shape_cv,shape_cv,154.76363565377955,NA
17,random_17,random,landscape,1,NA,NA,shape_cv,shape_cv,245.6696516620386,NA
18,random_18,random,landscape,1,NA,NA,shape_cv,shape_cv,48.08314528419685,NA
19,sharp_19_rot112,sharp,landscape,1,NA,NA,shape_cv,shape_cv,1.4352038335127235,NA
20,random_20,random,landscape,1,NA,NA,shape_cv,shape_cv,54.71236084142422,NA
21,random_21,random,landscape,1,NA,NA,shape_cv,shape_cv,47.34965282438639,NA
22,random_22,random,landscape,1,NA,NA,shape_cv,shape_cv,58.95645292403614,NA
23,sharp_23_rot279,sharp,landscape,1,NA,NA,shape_cv,shape_cv,19.51429979643198,NA
24,random_24,random,landscape,1,NA,NA,shape_cv,shape_cv,148.88523468273542,NA
25,random_25,random,landscape,1,NA,NA,shape_cv,shape_cv,52.89033164354422,NA
26,random_26,random,landscape,1,NA,NA,shape_cv,shape_cv,43.08964821316219,NA
27,sharp_27_rot305,sharp,landscape,1,NA,NA,shape_cv,shape_cv,19.377481687383504,NA
28,random_28,random,landscape,1,NA,NA,shape_cv,shape_cv,252.1046005795851,NA
29,sharp_29_rot195,sharp,landscape,1,NA,NA,shape_cv,shape_cv,32.456443480816375,NA
30,sharp_30_rot81,sharp,landscape,1,NA,NA,shape_cv,shape_cv,2.1589202315956144,NA
31,sharp_31_rot308,sharp,landscape,1,NA,NA,shape_cv,shape_cv,20.82956259957897,NA
32,random_32,random,landscape,1,NA,NA,shape_cv,shape_cv,228.1497038855698,NA
33,sharp_33_rot300,sharp,landscape,1,NA,NA,shape_cv,shape_cv,15.78870477268951,NA
34,sharp_34_rot273,sharp,landscape,1,NA,NA,shape_cv,shape_cv,6.234427322220255,NA
35,random_35,random,landscape,1,NA,NA,shape_cv,shape_cv,40.9749937241404,NA
36,random_36,random,landscape,1,NA,NA,shape_cv,shape_cv,72.67227171753716,NA
37,random_37,random,landscape,1,NA,NA,shape_cv,shape_cv,94.440378759122,NA
38,sharp_38_rot249,sharp,landscape,1,NA,NA,shape_cv,shape_cv,9.241231086216143,NA
39,sharp_39_rot66,sharp,landscape,1,NA,NA,shape_cv,shape_cv,21.319910292394244,NA
40,sharp_40_rot331,sharp,landscape,1,NA,NA,shape_cv,shape_cv,4.479574553965875,NA
41,sharp_41_rot185,sharp,landscape,1,NA,NA,shape_cv,shape_cv,19.969380818624717,NA
42,random_42,random,landscape,1,NA,NA,shape_cv,shape_cv,122.26435370225146,NA
43,random_43,random,landscape,1,NA,NA,shape_cv,shape_cv,151.7513383737849,NA
44,random_44,random,landscape,1,NA,NA,shape_cv,shape_cv,180.83201676819903,NA
45,sharp_45_rot260,sharp,landscape,1,NA,NA,shape_cv,shape_cv,25.113288882755093,NA
46,random_46,random,landscape,1,NA,NA,shape_cv,shape_cv,38.20568418393447,NA
47,sharp_47_rot311,sharp,landscape,1,NA,NA,shape_cv,shape_cv,20.417899858784843,NA
48,random_48,random,landscape,1,NA,NA,shape_cv,shape_cv,136.45078599048887,NA
49,sharp_49_rot290,sharp,landscape,1,NA,NA,shape_cv,shape_cv,27.458612536728346,NA
50,sharp_50_rot26,sharp,landscape,1,NA,NA,shape_cv,shape_cv,13.68711089185738,NA
51,sharp_51_rot174,sharp,landscape,1,NA,NA,shape_cv,shape_cv,2.0326683398466563,NA
52,sharp_52_rot258,sharp,landscape,1,NA,NA,shape_cv,shape_cv,3.5529336926809476,NA
53,sharp_53_rot89,sharp,landscape,1,NA,NA,shape_cv,shape_cv,0.4778213858913062,NA
54,sharp_54_rot216,sharp,landscape,1,NA,NA,shape_cv,shape_cv,21.92006339157593,NA
55,random_55,random,landscape,1,NA,NA,shape_cv,shape_cv,60.024217556944635,NA
56,sharp_56_rot328,sharp,landscape,1,NA,NA,shape_cv,shape_cv,13.383041243896216,NA
57,sharp_57_rot74,sharp,landscape,1,NA,NA,shape_cv,shape_cv,15.956688391674861,NA
58,random_58,random,landscape,1,NA,NA,shape_cv,shape_cv,60.873261324825876,NA
59,sharp_59_rot291,sharp,landscape,1,NA,NA,shape_cv,shape_cv,5.5091954148530595,NA
60,random_60,random,landscape,1,NA,NA,shape_cv,shape_cv,85.93273264802168,NA
61,random_61,random,landscape,1,NA,NA,shape_cv,shape_cv,41.97785209272881,NA
62,sharp_62_rot178,sharp,landscape,1,NA,NA,shape_cv,shape_cv,0.9690071866605641,NA
63,random_63,random,landscape,1,NA,NA,shape_cv,shape_cv,187.58952378164267,NA
64,sharp_64_rot282,sharp,landscape,1,NA,NA,shape_cv,shape_cv,29.352886166201415,NA
65,random_65,random,landscape,1,NA,NA,shape_cv,shape_cv,57.613239867166854,NA
66,sharp_66_rot51,sharp,landscape,1,NA,NA,shape_cv,shape_cv,21.36901284740827,NA
67,random_67,random,landscape,1,NA,NA,shape_cv,shape_cv,161.7766868048266,NA
68,sharp_68_rot332,sharp,landscape,1,NA,NA,shape_cv,shape_cv,12.380393980463591,NA
69,random_69,random,landscape,1,NA,NA,shape_cv,shape_cv,65.1465828602379,NA
70,random_70,random,landscape,1,NA,NA,shape_cv,shape_cv,240.6974480723375,NA
71,random_71,random,landscape,1,NA,NA,shape_cv,shape_cv,188.98447933161444,NA
72,random_72,random,landscape,1,NA,NA,shape_cv,shape_cv,251.32021153884244,NA
73,sharp_73_rot288,sharp,landscape,1,NA,NA,shape_cv,shape_cv,8.673565737799677,NA
74,sharp_74_rot285,sharp,landscape,1,NA,NA,shape_cv,shape_cv,16.075830490434342,NA
75,sharp_75_rot69,sharp,landscape,1,NA,NA,shape_cv,shape_cv,15.870923585356284,NA
76,random_76,random,landscape,1,NA,NA,shape_cv,shape_cv,158.35283758951059,NA
77,random_77,random,landscape,1,NA,NA,shape_cv,shape_cv,154.4663307785767,NA
78,random_78,random,landscape,1,NA,NA,shape_cv,shape_cv,66.10061603249297,NA
79,random_79,random,landscape,1,NA,NA,shape_cv,shape_cv,123.33796505039443,NA
80,sharp_80_rot260,sharp,landscape,1,NA,NA,shape_cv,shape_cv,30.156598196679425,NA
81,sharp_81_rot193,sharp,landscape,1,NA,NA,shape_cv,shape_cv,23.5317828540797,NA
82,random_82,random,landscape,1,NA,NA,shape_cv,shape_cv,231.7635039165472,NA
83,random_83,random,landscape,1,NA,NA,shape_cv,shape_cv,42.872062997990504,NA
84,sharp_84_rot19,sharp,landscape,1,NA,NA,shape_cv,shape_cv,30.050804824889628,NA
85,random_85,random,landscape,1,NA,NA,shape_cv,shape_cv,263.12801040849274,NA
86,sharp_86_rot322,sharp,landscape,1,NA,NA,shape_cv,shape_cv,2.772101149115938,NA
87,random_87,random,landscape,1,NA,NA,shape_cv,shape_cv,97.8175524761907,NA
88,sharp_88_rot76,sharp,landscape,1,NA,NA,shape_cv,shape_cv,10.564016145861533,NA
89,sharp_89_rot22,sharp,landscape,1,NA,NA,shape_cv,shape_cv,3.562490145753731,NA
90,sharp_90_rot226,sharp,landscape,1,NA,NA,shape_cv,shape_cv,19.960834734230712,NA
91,sharp_91_rot271,sharp,landscape,1,NA,NA,shape_cv,shape_cv,22.997701641886106,NA
92,random_92,random,landscape,1,NA,NA,shape_cv,shape_cv,124.99473701480981,NA
93,sharp_93_rot226,sharp,landscape,1,NA,NA,shape_cv,shape_cv,9.771099736248944,NA
94,random_94,random,landscape,1,NA,NA,shape_cv,shape_cv,138.44784439938113,NA
95,sharp_95_rot353,sharp,landscape,1,NA,NA,shape_cv,shape_cv,7.746716484693071,NA
96,sharp_96_rot338,sharp,landscape,1,NA,NA,shape_cv,shape_cv,11.20948699190871,NA
97,sharp_97_rot301,sharp,landscape,1,NA,NA,shape_cv,shape_cv,20.364019041417027,NA
98,random_98,random,landscape,1,NA,NA,shape_cv,shape_cv,264.9067416320087,NA
99,sharp_99_rot291,sharp,landscape,1,NA,NA,shape_cv,shape_cv,27.786856521345555,NA
100,random_100,random,landscape,1,NA,NA,shape_cv,shape_cv,74.58937862167288,NA
1,random_1,random,landscape,1,NA,NA,shape_mn,shape_mn,1.2453325029572186,NA
2,sharp_2_rot108,sharp,landscape,1,NA,NA,shape_mn,shape_mn,1.3549903447124338,NA
3,random_3,random,landscape,1,NA,NA,shape_mn,shape_mn,1.230701226517877,NA
4,sharp_4_rot87,sharp,landscape,1,NA,NA,shape_mn,shape_mn,1.1241885623722516,NA
5,sharp_5_rot329,sharp,landscape,1,NA,NA,shape_mn,shape_mn,1.2982285046399518,NA
6,random_6,random,landscape,1,NA,NA,shape_mn,shape_mn,1.813799302717127,NA
7,sharp_7_rot144,sharp,landscape,1,NA,NA,shape_mn,shape_mn,1.3333601613590442,NA
8,sharp_8_rot184,sharp,landscape,1,NA,NA,shape_mn,shape_mn,1.0914179895878595,NA
9,sharp_9_rot64,sharp,landscape,1,NA,NA,shape_mn,shape_mn,1.2422826277585846,NA
10,random_10,random,landscape,1,NA,NA,shape_mn,shape_mn,1.8269862934596226,NA
11,random_11,random,landscape,1,NA,NA,shape_mn,shape_mn,1.2340707065894807,NA
12,sharp_12_rot167,sharp,landscape,1,NA,NA,shape_mn,shape_mn,1.2356222465687452,NA
13,random_13,random,landscape,1,NA,NA,shape_mn,shape_mn,1.3327316872322568,NA
14,random_14,random,landscape,1,NA,NA,shape_mn,shape_mn,1.7929877541068169,NA
15,random_15,random,landscape,1,NA,NA,shape_mn,shape_mn,1.4368428474849566,NA
16,random_16,random,landscape,1,NA,NA,shape_mn,shape_mn,2.0572473769690762,NA
17,random_17,random,landscape,1,NA,NA,shape_mn,shape_mn,1.8773795792609735,NA
18,random_18,random,landscape,1,NA,NA,shape_mn,shape_mn,1.1953496771654086,NA
19,sharp_19_rot112,sharp,landscape,1,NA,NA,shape_mn,shape_mn,1.2026374504619768,NA
20,random_20,random,landscape,1,NA,NA,shape_mn,shape_mn,1.272814559947546,NA
21,random_21,random,landscape,1,NA,NA,shape_mn,shape_mn,1.1965024026509359,NA
22,random_22,random,landscape,1,NA,NA,shape_mn,shape_mn,1.300310073039604,NA
23,sharp_23_rot279,sharp,landscape,1,NA,NA,shape_mn,shape_mn,1.218692611175855,NA
24,random_24,random,landscape,1,NA,NA,shape_mn,shape_mn,1.8802618195096958,NA
25,random_25,random,landscape,1,NA,NA,shape_mn,shape_mn,1.2342616027933158,NA
26,random_26,random,landscape,1,NA,NA,shape_mn,shape_mn,1.160752418867606,NA
27,sharp_27_rot305,sharp,landscape,1,NA,NA,shape_mn,shape_mn,1.2573855033405616,NA
28,random_28,random,landscape,1,NA,NA,shape_mn,shape_mn,1.8917946336930047,NA
29,sharp_29_rot195,sharp,landscape,1,NA,NA,shape_mn,shape_mn,1.3894585788292753,NA
30,sharp_30_rot81,sharp,landscape,1,NA,NA,shape_mn,shape_mn,1.1188405031901698,NA
31,sharp_31_rot308,sharp,landscape,1,NA,NA,shape_mn,shape_mn,1.2407908325925607,NA
32,random_32,random,landscape,1,NA,NA,shape_mn,shape_mn,1.7456856909085023,NA
33,sharp_33_rot300,sharp,landscape,1,NA,NA,shape_mn,shape_mn,1.3077739276493547,NA
34,sharp_34_rot273,sharp,landscape,1,NA,NA,shape_mn,shape_mn,1.0958051915697073,NA
35,random_35,random,landscape,1,NA,NA,shape_mn,shape_mn,1.1488860565049128,NA
36,random_36,random,landscape,1,NA,NA,shape_mn,shape_mn,1.4370733625935062,NA
37,random_37,random,landscape,1,NA,NA,shape_mn,shape_mn,1.6923809063695265,NA
38,sharp_38_rot249,sharp,landscape,1,NA,NA,shape_mn,shape_mn,1.2211815467488543,NA
39,sharp_39_rot66,sharp,landscape,1,NA,NA,shape_mn,shape_mn,1.3116748270571992,NA
40,sharp_40_rot331,sharp,landscape,1,NA,NA,shape_mn,shape_mn,1.2607556319207442,NA
41,sharp_41_rot185,sharp,landscape,1,NA,NA,shape_mn,shape_mn,1.19796262043861,NA
42,random_42,random,landscape,1,NA,NA,shape_mn,shape_mn,1.9054311741583412,NA
43,random_43,random,landscape,1,NA,NA,shape_mn,shape_mn,1.928444083934918,NA
44,random_44,random,landscape,1,NA,NA,shape_mn,shape_mn,1.8618301041527574,NA
45,sharp_45_rot260,sharp,landscape,1,NA,NA,shape_mn,shape_mn,1.27852103685917,NA
46,random_46,random,landscape,1,NA,NA,shape_mn,shape_mn,1.1296732081547562,NA
47,sharp_47_rot311,sharp,landscape,1,NA,NA,shape_mn,shape_mn,1.2198868143838313,NA
48,random_48,random,landscape,1,NA,NA,shape_mn,shape_mn,1.812668626773217,NA
49,sharp_49_rot290,sharp,landscape,1,NA,NA,shape_mn,shape_mn,1.3123783396035562,NA
50,sharp_50_rot26,sharp,landscape,1,NA,NA,shape_mn,shape_mn,1.2830521805254733,NA
51,sharp_51_rot174,sharp,landscape,1,NA,NA,shape_mn,shape_mn,1.0975327994342785,NA
52,sharp_52_rot258,sharp,landscape,1,NA,NA,shape_mn,shape_mn,1.1398805921727604,NA
53,sharp_53_rot89,sharp,landscape,1,NA,NA,shape_mn,shape_mn,1.0678207176449295,NA
54,sharp_54_rot216,sharp,landscape,1,NA,NA,shape_mn,shape_mn,1.2271592342575137,NA
55,random_55,random,landscape,1,NA,NA,shape_mn,shape_mn,1.313859803565001,NA
56,sharp_56_rot328,sharp,landscape,1,NA,NA,shape_mn,shape_mn,1.3194046220349123,NA
57,sharp_57_rot74,sharp,landscape,1,NA,NA,shape_mn,shape_mn,1.2322013694276848,NA
58,random_58,random,landscape,1,NA,NA,shape_mn,shape_mn,1.3299077912126718,NA
59,sharp_59_rot291,sharp,landscape,1,NA,NA,shape_mn,shape_mn,1.203473416497921,NA
60,random_60,random,landscape,1,NA,NA,shape_mn,shape_mn,1.6334854351704284,NA
61,random_61,random,landscape,1,NA,NA,shape_mn,shape_mn,1.157742391722171,NA
62,sharp_62_rot178,sharp,landscape,1,NA,NA,shape_mn,shape_mn,1.075164816232057,NA
63,random_63,random,landscape,1,NA,NA,shape_mn,shape_mn,1.7139544933143147,NA
64,sharp_64_rot282,sharp,landscape,1,NA,NA,shape_mn,shape_mn,1.3364130148002151,NA
65,random_65,random,landscape,1,NA,NA,shape_mn,shape_mn,1.2816669882927452,NA
66,sharp_66_rot51,sharp,landscape,1,NA,NA,shape_mn,shape_mn,1.2294174196161678,NA
67,random_67,random,landscape,1,NA,NA,shape_mn,shape_mn,1.87027020867065,NA
68,sharp_68_rot332,sharp,landscape,1,NA,NA,shape_mn,shape_mn,1.2875452238480793,NA
69,random_69,random,landscape,1,NA,NA,shape_mn,shape_mn,1.3418266906156413,NA
70,random_70,random,landscape,1,NA,NA,shape_mn,shape_mn,1.772540902785898,NA
71,random_71,random,landscape,1,NA,NA,shape_mn,shape_mn,1.9727926466106689,NA
72,random_72,random,landscape,1,NA,NA,shape_mn,shape_mn,1.9121533166133917,NA
73,sharp_73_rot288,sharp,landscape,1,NA,NA,shape_mn,shape_mn,1.1981643386363077,NA
74,sharp_74_rot285,sharp,landscape,1,NA,NA,shape_mn,shape_mn,1.2279751874727896,NA
75,sharp_75_rot69,sharp,landscape,1,NA,NA,shape_mn,shape_mn,1.2674556128782795,NA
76,random_76,random,landscape,1,NA,NA,shape_mn,shape_mn,1.8717165925698138,NA
77,random_77,random,landscape,1,NA,NA,shape_mn,shape_mn,1.875127394075347,NA
78,random_78,random,landscape,1,NA,NA,shape_mn,shape_mn,1.3754129989735755,NA
79,random_79,random,landscape,1,NA,NA,shape_mn,shape_mn,1.8280754668417032,NA
80,sharp_80_rot260,sharp,landscape,1,NA,NA,shape_mn,shape_mn,1.3330439902433282,NA
81,sharp_81_rot193,sharp,landscape,1,NA,NA,shape_mn,shape_mn,1.2812445490151674,NA
82,random_82,random,landscape,1,NA,NA,shape_mn,shape_mn,1.8999985499916816,NA
83,random_83,random,landscape,1,NA,NA,shape_mn,shape_mn,1.1596073185372475,NA
84,sharp_84_rot19,sharp,landscape,1,NA,NA,shape_mn,shape_mn,1.3069489698033707,NA
85,random_85,random,landscape,1,NA,NA,shape_mn,shape_mn,1.8108094506984063,NA
86,sharp_86_rot322,sharp,landscape,1,NA,NA,shape_mn,shape_mn,1.3348645333397573,NA
87,random_87,random,landscape,1,NA,NA,shape_mn,shape_mn,1.694027096402382,NA
88,sharp_88_rot76,sharp,landscape,1,NA,NA,shape_mn,shape_mn,1.183704237199024,NA
89,sharp_89_rot22,sharp,landscape,1,NA,NA,shape_mn,shape_mn,1.205526434742319,NA
90,sharp_90_rot226,sharp,landscape,1,NA,NA,shape_mn,shape_mn,1.2159588276752369,NA
91,sharp_91_rot271,sharp,landscape,1,NA,NA,shape_mn,shape_mn,1.2066025158565763,NA
92,random_92,random,landscape,1,NA,NA,shape_mn,shape_mn,1.8088498306622178,NA
93,sharp_93_rot226,sharp,landscape,1,NA,NA,shape_mn,shape_mn,1.3145287254516478,NA
94,random_94,random,landscape,1,NA,NA,shape_mn,shape_mn,1.919763875691067,NA
95,sharp_95_rot353,sharp,landscape,1,NA,NA,shape_mn,shape_mn,1.1232844979595835,NA
96,sharp_96_rot338,sharp,landscape,1,NA,NA,shape_mn,shape_mn,1.238403534629735,NA
97,sharp_97_rot301,sharp,landscape,1,NA,NA,shape_mn,shape_mn,1.2567296989535062,NA
98,random_98,random,landscape,1,NA,NA,shape_mn,shape_mn,1.939952698391263,NA
99,sharp_99_rot291,sharp,landscape,1,NA,NA,shape_mn,shape_mn,1.305050503726961,NA
100,random_100,random,landscape,1,NA,NA,shape_mn,shape_mn,1.4367400469480065,NA
1,random_1,random,landscape,1,NA,NA,shape_sd,shape_sd,0.6701773915483015,NA
2,sharp_2_rot108,sharp,landscape,1,NA,NA,shape_sd,shape_sd,0.3796016228705255,NA
3,random_3,random,landscape,1,NA,NA,shape_sd,shape_sd,0.653014096262434,NA
4,sharp_4_rot87,sharp,landscape,1,NA,NA,shape_sd,shape_sd,0.12803906097600123,NA
5,sharp_5_rot329,sharp,landscape,1,NA,NA,shape_sd,shape_sd,0.2185395321969371,NA
6,random_6,random,landscape,1,NA,NA,shape_sd,shape_sd,3.6911921680348274,NA
7,sharp_7_rot144,sharp,landscape,1,NA,NA,shape_sd,shape_sd,0.12910615300422382,NA
8,sharp_8_rot184,sharp,landscape,1,NA,NA,shape_sd,shape_sd,0.05589036400107595,NA
9,sharp_9_rot64,sharp,landscape,1,NA,NA,shape_sd,shape_sd,0.077869861392756215,NA
10,random_10,random,landscape,1,NA,NA,shape_sd,shape_sd,3.1156279145031247,NA
11,random_11,random,landscape,1,NA,NA,shape_sd,shape_sd,0.662870790232259,NA
12,sharp_12_rot167,sharp,landscape,1,NA,NA,shape_sd,shape_sd,0.22932877865136955,NA
13,random_13,random,landscape,1,NA,NA,shape_sd,shape_sd,0.849740538241373,NA
14,random_14,random,landscape,1,NA,NA,shape_sd,shape_sd,4.450363965690343,NA
15,random_15,random,landscape,1,NA,NA,shape_sd,shape_sd,1.0416947130078773,NA
16,random_16,random,landscape,1,NA,NA,shape_sd,shape_sd,3.183870834989358,NA
17,random_17,random,landscape,1,NA,NA,shape_sd,shape_sd,4.61215187274468,NA
18,random_18,random,landscape,1,NA,NA,shape_sd,shape_sd,0.5747617219256215,NA
19,sharp_19_rot112,sharp,landscape,1,NA,NA,shape_sd,shape_sd,0.01726029879228997,NA
20,random_20,random,landscape,1,NA,NA,shape_sd,shape_sd,0.6963868948806872,NA
21,random_21,random,landscape,1,NA,NA,shape_sd,shape_sd,0.5665397336906599,NA
22,random_22,random,landscape,1,NA,NA,shape_sd,shape_sd,0.7666166960780941,NA
23,sharp_23_rot279,sharp,landscape,1,NA,NA,shape_sd,shape_sd,0.23781932974182143,NA
24,random_24,random,landscape,1,NA,NA,shape_sd,shape_sd,2.7994322226268817,NA
25,random_25,random,landscape,1,NA,NA,shape_sd,shape_sd,0.6528050550663091,NA
26,random_26,random,landscape,1,NA,NA,shape_sd,shape_sd,0.5001641339158223,NA
27,sharp_27_rot305,sharp,landscape,1,NA,NA,shape_sd,shape_sd,0.24364964564963223,NA
28,random_28,random,landscape,1,NA,NA,shape_sd,shape_sd,4.769301305057775,NA
29,sharp_29_rot195,sharp,landscape,1,NA,NA,shape_sd,shape_sd,0.4509688383270782,NA
30,sharp_30_rot81,sharp,landscape,1,NA,NA,shape_sd,shape_sd,0.024154873982658753,NA
31,sharp_31_rot308,sharp,landscape,1,NA,NA,shape_sd,shape_sd,0.25845130320470455,NA
32,random_32,random,landscape,1,NA,NA,shape_sd,shape_sd,3.9827767345805114,NA
33,sharp_33_rot300,sharp,landscape,1,NA,NA,shape_sd,shape_sd,0.20648056453076272,NA
34,sharp_34_rot273,sharp,landscape,1,NA,NA,shape_sd,shape_sd,0.06831717826152985,NA
35,random_35,random,landscape,1,NA,NA,shape_sd,shape_sd,0.4707559895504121,NA
36,random_36,random,landscape,1,NA,NA,shape_sd,shape_sd,1.0443538588443007,NA
37,random_37,random,landscape,1,NA,NA,shape_sd,shape_sd,1.5982909380224428,NA
38,sharp_38_rot249,sharp,landscape,1,NA,NA,shape_sd,shape_sd,0.11285220871729024,NA
39,sharp_39_rot66,sharp,landscape,1,NA,NA,shape_sd,shape_sd,0.27964789645651217,NA
40,sharp_40_rot331,sharp,landscape,1,NA,NA,shape_sd,shape_sd,0.05647648847521333,NA
41,sharp_41_rot185,sharp,landscape,1,NA,NA,shape_sd,shape_sd,0.23922571774016183,NA
42,random_42,random,landscape,1,NA,NA,shape_sd,shape_sd,2.3296631103259173,NA
43,random_43,random,landscape,1,NA,NA,shape_sd,shape_sd,2.9264397071613137,NA
44,random_44,random,landscape,1,NA,NA,shape_sd,shape_sd,3.3667849261368916,NA
45,sharp_45_rot260,sharp,landscape,1,NA,NA,shape_sd,shape_sd,0.3210786814132391,NA
46,random_46,random,landscape,1,NA,NA,shape_sd,shape_sd,0.4315993782181269,NA
47,sharp_47_rot311,sharp,landscape,1,NA,NA,shape_sd,shape_sd,0.24907526815141123,NA
48,random_48,random,landscape,1,NA,NA,shape_sd,shape_sd,2.473400588635056,NA
49,sharp_49_rot290,sharp,landscape,1,NA,NA,shape_sd,shape_sd,0.3603608832876894,NA
50,sharp_50_rot26,sharp,landscape,1,NA,NA,shape_sd,shape_sd,0.17561277474891565,NA
51,sharp_51_rot174,sharp,landscape,1,NA,NA,shape_sd,shape_sd,0.02230920173353328,NA
52,sharp_52_rot258,sharp,landscape,1,NA,NA,shape_sd,shape_sd,0.04049920161563711,NA
53,sharp_53_rot89,sharp,landscape,1,NA,NA,shape_sd,shape_sd,0.005102275751885494,NA
54,sharp_54_rot216,sharp,landscape,1,NA,NA,shape_sd,shape_sd,0.2689940820648248,NA
55,random_55,random,landscape,1,NA,NA,shape_sd,shape_sd,0.7886340668851017,NA
56,sharp_56_rot328,sharp,landscape,1,NA,NA,shape_sd,shape_sd,0.1765764647408053,NA
57,sharp_57_rot74,sharp,landscape,1,NA,NA,shape_sd,shape_sd,0.19661853287752606,NA
58,random_58,random,landscape,1,NA,NA,shape_sd,shape_sd,0.8095582451241095,NA
59,sharp_59_rot291,sharp,landscape,1,NA,NA,shape_sd,shape_sd,0.06630170228067893,NA
60,random_60,random,landscape,1,NA,NA,shape_sd,shape_sd,1.4036986718493778,NA
61,random_61,random,landscape,1,NA,NA,shape_sd,shape_sd,0.4859953888119539,NA
62,sharp_62_rot178,sharp,landscape,1,NA,NA,shape_sd,shape_sd,0.01041842433773448,NA
63,random_63,random,landscape,1,NA,NA,shape_sd,shape_sd,3.2151990718423895,NA
64,sharp_64_rot282,sharp,landscape,1,NA,NA,shape_sd,shape_sd,0.39227579094460757,NA
65,random_65,random,landscape,1,NA,NA,shape_sd,shape_sd,0.7384098762633926,NA
66,sharp_66_rot51,sharp,landscape,1,NA,NA,shape_sd,shape_sd,0.26271436634605416,NA
67,random_67,random,landscape,1,NA,NA,shape_sd,shape_sd,3.025661177885094,NA
68,sharp_68_rot332,sharp,landscape,1,NA,NA,shape_sd,shape_sd,0.1594031713890341,NA
69,random_69,random,landscape,1,NA,NA,shape_sd,shape_sd,0.8741542368427069,NA
70,random_70,random,landscape,1,NA,NA,shape_sd,shape_sd,4.266460719044029,NA
71,random_71,random,landscape,1,NA,NA,shape_sd,shape_sd,3.728271911489549,NA
72,random_72,random,landscape,1,NA,NA,shape_sd,shape_sd,4.8056277602597675,NA
73,sharp_73_rot288,sharp,landscape,1,NA,NA,shape_sd,shape_sd,0.1039235715584929,NA
74,sharp_74_rot285,sharp,landscape,1,NA,NA,shape_sd,shape_sd,0.19740720960271899,NA
75,sharp_75_rot69,sharp,landscape,1,NA,NA,shape_sd,shape_sd,0.20115691179822087,NA
76,random_76,random,landscape,1,NA,NA,shape_sd,shape_sd,2.963916335967999,NA
77,random_77,random,landscape,1,NA,NA,shape_sd,shape_sd,2.8964404830521304,NA
78,random_78,random,landscape,1,NA,NA,shape_sd,shape_sd,0.9091564653125195,NA
79,random_79,random,landscape,1,NA,NA,shape_sd,shape_sd,2.254711080388055,NA
80,sharp_80_rot260,sharp,landscape,1,NA,NA,shape_sd,shape_sd,0.40200071992266295,NA
81,sharp_81_rot193,sharp,landscape,1,NA,NA,shape_sd,shape_sd,0.30149968510398195,NA
82,random_82,random,landscape,1,NA,NA,shape_sd,shape_sd,4.403503213824311,NA
83,random_83,random,landscape,1,NA,NA,shape_sd,shape_sd,0.49714758013259713,NA
84,sharp_84_rot19,sharp,landscape,1,NA,NA,shape_sd,shape_sd,0.3927486840765166,NA
85,random_85,random,landscape,1,NA,NA,shape_sd,shape_sd,4.764746879911672,NA
86,sharp_86_rot322,sharp,landscape,1,NA,NA,shape_sd,shape_sd,0.037003795067852514,NA
87,random_87,random,landscape,1,NA,NA,shape_sd,shape_sd,1.6570558439842895,NA
88,sharp_88_rot76,sharp,landscape,1,NA,NA,shape_sd,shape_sd,0.125046706736952,NA
89,sharp_89_rot22,sharp,landscape,1,NA,NA,shape_sd,shape_sd,0.04294676044215139,NA
90,sharp_90_rot226,sharp,landscape,1,NA,NA,shape_sd,shape_sd,0.24271553202854323,NA
91,sharp_91_rot271,sharp,landscape,1,NA,NA,shape_sd,shape_sd,0.2774908466001869,NA
92,random_92,random,landscape,1,NA,NA,shape_sd,shape_sd,2.2609670888290716,NA
93,sharp_93_rot226,sharp,landscape,1,NA,NA,shape_sd,shape_sd,0.12844391282552256,NA
94,random_94,random,landscape,1,NA,NA,shape_sd,shape_sd,2.657871703452297,NA
95,sharp_95_rot353,sharp,landscape,1,NA,NA,shape_sd,shape_sd,0.08701766537343686,NA
96,sharp_96_rot338,sharp,landscape,1,NA,NA,shape_sd,shape_sd,0.13881868312165782,NA
97,sharp_97_rot301,sharp,landscape,1,NA,NA,shape_sd,shape_sd,0.2559206751940349,NA
98,random_98,random,landscape,1,NA,NA,shape_sd,shape_sd,5.1390654825105235,NA
99,sharp_99_rot291,sharp,landscape,1,NA,NA,shape_sd,shape_sd,0.3626325110017081,NA
100,random_100,random,landscape,1,NA,NA,shape_sd,shape_sd,1.0716554734272492,NA
1,random_1,random,landscape,1,NA,NA,shdi,shdi,0.4700260265884175,NA
2,sharp_2_rot108,sharp,landscape,1,NA,NA,shdi,shdi,0.4278777886388043,NA
3,random_3,random,landscape,1,NA,NA,shdi,shdi,0.45841416758814246,NA
4,sharp_4_rot87,sharp,landscape,1,NA,NA,shdi,shdi,0.6106098983702197,NA
5,sharp_5_rot329,sharp,landscape,1,NA,NA,shdi,shdi,0.5458371204684478,NA
6,random_6,random,landscape,1,NA,NA,shdi,shdi,0.6801301003034634,NA
7,sharp_7_rot144,sharp,landscape,1,NA,NA,shdi,shdi,0.6485537943412136,NA
8,sharp_8_rot184,sharp,landscape,1,NA,NA,shdi,shdi,0.6728898399611853,NA
9,sharp_9_rot64,sharp,landscape,1,NA,NA,shdi,shdi,0.6728084135494254,NA
10,random_10,random,landscape,1,NA,NA,shdi,shdi,0.6734150493610487,NA
11,random_11,random,landscape,1,NA,NA,shdi,shdi,0.4609241132213748,NA
12,sharp_12_rot167,sharp,landscape,1,NA,NA,shdi,shdi,0.5431141204319571,NA
13,random_13,random,landscape,1,NA,NA,shdi,shdi,0.5188178110615518,NA
14,random_14,random,landscape,1,NA,NA,shdi,shdi,0.6931470005599345,NA
15,random_15,random,landscape,1,NA,NA,shdi,shdi,0.5648478749024068,NA
16,random_16,random,landscape,1,NA,NA,shdi,shdi,0.6749484923209093,NA
17,random_17,random,landscape,1,NA,NA,shdi,shdi,0.69270309481867,NA
18,random_18,random,landscape,1,NA,NA,shdi,shdi,0.42305585121169753,NA
19,sharp_19_rot112,sharp,landscape,1,NA,NA,shdi,shdi,0.6921876536233453,NA
20,random_20,random,landscape,1,NA,NA,shdi,shdi,0.46773467247300304,NA
21,random_21,random,landscape,1,NA,NA,shdi,shdi,0.4094758829967651,NA
22,random_22,random,landscape,1,NA,NA,shdi,shdi,0.4964962129213734,NA
23,sharp_23_rot279,sharp,landscape,1,NA,NA,shdi,shdi,0.5221849445092062,NA
24,random_24,random,landscape,1,NA,NA,shdi,shdi,0.673455158562628,NA
25,random_25,random,landscape,1,NA,NA,shdi,shdi,0.4546154404853877,NA
26,random_26,random,landscape,1,NA,NA,shdi,shdi,0.37715916051262843,NA
27,sharp_27_rot305,sharp,landscape,1,NA,NA,shdi,shdi,0.4239213894318079,NA
28,random_28,random,landscape,1,NA,NA,shdi,shdi,0.691622885911003,NA
29,sharp_29_rot195,sharp,landscape,1,NA,NA,shdi,shdi,0.38160652681401264,NA
30,sharp_30_rot81,sharp,landscape,1,NA,NA,shdi,shdi,0.6898630838856521,NA
31,sharp_31_rot308,sharp,landscape,1,NA,NA,shdi,shdi,0.3395597783074327,NA
32,random_32,random,landscape,1,NA,NA,shdi,shdi,0.6879156311399224,NA
33,sharp_33_rot300,sharp,landscape,1,NA,NA,shdi,shdi,0.572113438863439,NA
34,sharp_34_rot273,sharp,landscape,1,NA,NA,shdi,shdi,0.6639170710753426,NA
35,random_35,random,landscape,1,NA,NA,shdi,shdi,0.3594875949958015,NA
36,random_36,random,landscape,1,NA,NA,shdi,shdi,0.568617845536813,NA
37,random_37,random,landscape,1,NA,NA,shdi,shdi,0.6342494316049554,NA
38,sharp_38_rot249,sharp,landscape,1,NA,NA,shdi,shdi,0.6476321530210221,NA
39,sharp_39_rot66,sharp,landscape,1,NA,NA,shdi,shdi,0.49211369024935414,NA
40,sharp_40_rot331,sharp,landscape,1,NA,NA,shdi,shdi,0.6838978082336005,NA
41,sharp_41_rot185,sharp,landscape,1,NA,NA,shdi,shdi,0.5126287278172773,NA
42,random_42,random,landscape,1,NA,NA,shdi,shdi,0.6564067947900494,NA
43,random_43,random,landscape,1,NA,NA,shdi,shdi,0.6681630276273638,NA
44,random_44,random,landscape,1,NA,NA,shdi,shdi,0.6779669909488928,NA
45,sharp_45_rot260,sharp,landscape,1,NA,NA,shdi,shdi,0.46388146493381244,NA
46,random_46,random,landscape,1,NA,NA,shdi,shdi,0.3206661689759344,NA
47,sharp_47_rot311,sharp,landscape,1,NA,NA,shdi,shdi,0.2838685775335348,NA
48,random_48,random,landscape,1,NA,NA,shdi,shdi,0.6615632381579821,NA
49,sharp_49_rot290,sharp,landscape,1,NA,NA,shdi,shdi,0.3378564925557459,NA
50,sharp_50_rot26,sharp,landscape,1,NA,NA,shdi,shdi,0.6103550658688414,NA
51,sharp_51_rot174,sharp,landscape,1,NA,NA,shdi,shdi,0.6899277040643512,NA
52,sharp_52_rot258,sharp,landscape,1,NA,NA,shdi,shdi,0.6829163225215985,NA
53,sharp_53_rot89,sharp,landscape,1,NA,NA,shdi,shdi,0.6929471672244782,NA
54,sharp_54_rot216,sharp,landscape,1,NA,NA,shdi,shdi,0.25363894692169137,NA
55,random_55,random,landscape,1,NA,NA,shdi,shdi,0.5080683477244046,NA
56,sharp_56_rot328,sharp,landscape,1,NA,NA,shdi,shdi,0.6101849391816957,NA
57,sharp_57_rot74,sharp,landscape,1,NA,NA,shdi,shdi,0.573683563179757,NA
58,random_58,random,landscape,1,NA,NA,shdi,shdi,0.5082034825728726,NA
59,sharp_59_rot291,sharp,landscape,1,NA,NA,shdi,shdi,0.678454580852039,NA
60,random_60,random,landscape,1,NA,NA,shdi,shdi,0.6094170072849022,NA
61,random_61,random,landscape,1,NA,NA,shdi,shdi,0.36970514418449435,NA
62,sharp_62_rot178,sharp,landscape,1,NA,NA,shdi,shdi,0.6923469670899615,NA
63,random_63,random,landscape,1,NA,NA,shdi,shdi,0.6752170382595268,NA
64,sharp_64_rot282,sharp,landscape,1,NA,NA,shdi,shdi,0.4268496404987726,NA
65,random_65,random,landscape,1,NA,NA,shdi,shdi,0.49197129966350894,NA
66,sharp_66_rot51,sharp,landscape,1,NA,NA,shdi,shdi,0.28338548185568535,NA
67,random_67,random,landscape,1,NA,NA,shdi,shdi,0.6780020868017558,NA
68,sharp_68_rot332,sharp,landscape,1,NA,NA,shdi,shdi,0.625581398634282,NA
69,random_69,random,landscape,1,NA,NA,shdi,shdi,0.525384960485501,NA
70,random_70,random,landscape,1,NA,NA,shdi,shdi,0.6906245586382849,NA
71,random_71,random,landscape,1,NA,NA,shdi,shdi,0.6837055078791969,NA
72,random_72,random,landscape,1,NA,NA,shdi,shdi,0.6877502445782513,NA
73,sharp_73_rot288,sharp,landscape,1,NA,NA,shdi,shdi,0.6489805157992268,NA
74,sharp_74_rot285,sharp,landscape,1,NA,NA,shdi,shdi,0.575138476441581,NA
75,sharp_75_rot69,sharp,landscape,1,NA,NA,shdi,shdi,0.5777113458132048,NA
76,random_76,random,landscape,1,NA,NA,shdi,shdi,0.6652747443075995,NA
77,random_77,random,landscape,1,NA,NA,shdi,shdi,0.6738142684948127,NA
78,random_78,random,landscape,1,NA,NA,shdi,shdi,0.5384291392677658,NA
79,random_79,random,landscape,1,NA,NA,shdi,shdi,0.6615121342615133,NA
80,sharp_80_rot260,sharp,landscape,1,NA,NA,shdi,shdi,0.41322673751478234,NA
81,sharp_81_rot193,sharp,landscape,1,NA,NA,shdi,shdi,0.4892536987108864,NA
82,random_82,random,landscape,1,NA,NA,shdi,shdi,0.6848293728809662,NA
83,random_83,random,landscape,1,NA,NA,shdi,shdi,0.3773535231543583,NA
84,sharp_84_rot19,sharp,landscape,1,NA,NA,shdi,shdi,0.215816483459616,NA
85,random_85,random,landscape,1,NA,NA,shdi,shdi,0.6926666035702632,NA
86,sharp_86_rot322,sharp,landscape,1,NA,NA,shdi,shdi,0.6902411444520293,NA
87,random_87,random,landscape,1,NA,NA,shdi,shdi,0.632394020977368,NA
88,sharp_88_rot76,sharp,landscape,1,NA,NA,shdi,shdi,0.6304347597065139,NA
89,sharp_89_rot22,sharp,landscape,1,NA,NA,shdi,shdi,0.6872167278338668,NA
90,sharp_90_rot226,sharp,landscape,1,NA,NA,shdi,shdi,0.28627611749274107,NA
91,sharp_91_rot271,sharp,landscape,1,NA,NA,shdi,shdi,0.471241818180921,NA
92,random_92,random,landscape,1,NA,NA,shdi,shdi,0.6556291588097304,NA
93,sharp_93_rot226,sharp,landscape,1,NA,NA,shdi,shdi,0.6357257098483284,NA
94,random_94,random,landscape,1,NA,NA,shdi,shdi,0.6666925622050904,NA
95,sharp_95_rot353,sharp,landscape,1,NA,NA,shdi,shdi,0.6528986086085373,NA
96,sharp_96_rot338,sharp,landscape,1,NA,NA,shdi,shdi,0.6324659496820735,NA
97,sharp_97_rot301,sharp,landscape,1,NA,NA,shdi,shdi,0.3974504079264891,NA
98,random_98,random,landscape,1,NA,NA,shdi,shdi,0.6930652583228365,NA
99,sharp_99_rot291,sharp,landscape,1,NA,NA,shdi,shdi,0.30392381063900986,NA
100,random_100,random,landscape,1,NA,NA,shdi,shdi,0.5678690180242985,NA
1,random_1,random,landscape,1,NA,NA,shei,shei,0.678104217647854,NA
2,sharp_2_rot108,sharp,landscape,1,NA,NA,shei,shei,0.6172971637757391,NA
3,random_3,random,landscape,1,NA,NA,shei,shei,0.6613518462526553,NA
4,sharp_4_rot87,sharp,landscape,1,NA,NA,shei,shei,0.88092387229643,NA
5,sharp_5_rot329,sharp,landscape,1,NA,NA,shei,shei,0.7874765068329413,NA
6,random_6,random,landscape,1,NA,NA,shei,shei,0.98122032286712,NA
7,sharp_7_rot144,sharp,landscape,1,NA,NA,shei,shei,0.9356653428457896,NA
8,sharp_8_rot184,sharp,landscape,1,NA,NA,shei,shei,0.9707748351765704,NA
9,sharp_9_rot64,sharp,landscape,1,NA,NA,shei,shei,0.9706573616961269,NA
10,random_10,random,landscape,1,NA,NA,shei,shei,0.9715325521731815,NA
11,random_11,random,landscape,1,NA,NA,shei,shei,0.6649729323706205,NA
12,sharp_12_rot167,sharp,landscape,1,NA,NA,shei,shei,0.7835480481839557,NA
13,random_13,random,landscape,1,NA,NA,shei,shei,0.748495883143368,NA
14,random_14,random,landscape,1,NA,NA,shei,shei,0.999999740314877,NA
15,random_15,random,landscape,1,NA,NA,shei,shei,0.814903227978372,NA
16,random_16,random,landscape,1,NA,NA,shei,shei,0.9737448427268585,NA
17,random_17,random,landscape,1,NA,NA,shei,shei,0.9993593197033326,NA
18,random_18,random,landscape,1,NA,NA,shei,shei,0.6103405785621752,NA
19,sharp_19_rot112,sharp,landscape,1,NA,NA,shei,shei,0.9986156952469679,NA
20,random_20,random,landscape,1,NA,NA,shei,shei,0.6747984924286251,NA
21,random_21,random,landscape,1,NA,NA,shei,shei,0.5907488257630624,NA
22,random_22,random,landscape,1,NA,NA,shei,shei,0.7162926242018163,NA
23,sharp_23_rot279,sharp,landscape,1,NA,NA,shei,shei,0.7533536298703103,NA
24,random_24,random,landscape,1,NA,NA,shei,shei,0.971590417519394,NA
25,random_25,random,landscape,1,NA,NA,shei,shei,0.6558714414998206,NA
26,random_26,random,landscape,1,NA,NA,shei,shei,0.5441256504974136,NA
27,sharp_27_rot305,sharp,landscape,1,NA,NA,shei,shei,0.6115892862600283,NA
28,random_28,random,landscape,1,NA,NA,shei,shei,0.9978009076691173,NA
29,sharp_29_rot195,sharp,landscape,1,NA,NA,shei,shei,0.5505418438054372,NA
30,sharp_30_rot81,sharp,landscape,1,NA,NA,shei,shei,0.9952620500141973,NA
31,sharp_31_rot308,sharp,landscape,1,NA,NA,shei,shei,0.489881208249489,NA
32,random_32,random,landscape,1,NA,NA,shei,shei,0.9924524695955674,NA
33,sharp_33_rot300,sharp,landscape,1,NA,NA,shei,shei,0.8253852210742146,NA
34,sharp_34_rot273,sharp,landscape,1,NA,NA,shei,shei,0.9578298660019222,NA
35,random_35,random,landscape,1,NA,NA,shei,shei,0.5186309705615431,NA
36,random_36,random,landscape,1,NA,NA,shei,shei,0.8203421459169268,NA
37,random_37,random,landscape,1,NA,NA,shei,shei,0.915028509663113,NA
38,sharp_38_rot249,sharp,landscape,1,NA,NA,shei,shei,0.9343356954836709,NA
39,sharp_39_rot66,sharp,landscape,1,NA,NA,shei,shei,0.7099699804763107,NA
40,sharp_40_rot331,sharp,landscape,1,NA,NA,shei,shei,0.9866559764134467,NA
41,sharp_41_rot185,sharp,landscape,1,NA,NA,shei,shei,0.7395669234392042,NA
42,random_42,random,landscape,1,NA,NA,shei,shei,0.9469948276494238,NA
43,random_43,random,landscape,1,NA,NA,shei,shei,0.9639554864633533,NA
44,random_44,random,landscape,1,NA,NA,shei,shei,0.9780996157283804,NA
45,sharp_45_rot260,sharp,landscape,1,NA,NA,shei,shei,0.6692394890203188,NA
46,random_46,random,landscape,1,NA,NA,shei,shei,0.462623491762443,NA
47,sharp_47_rot311,sharp,landscape,1,NA,NA,shei,shei,0.40953578907183485,NA
48,random_48,random,landscape,1,NA,NA,shei,shei,0.954434002924965,NA
49,sharp_49_rot290,sharp,landscape,1,NA,NA,shei,shei,0.4874238863423136,NA
50,sharp_50_rot26,sharp,landscape,1,NA,NA,shei,shei,0.8805562267104341,NA
51,sharp_51_rot174,sharp,landscape,1,NA,NA,shei,shei,0.9953552772255478,NA
52,sharp_52_rot258,sharp,landscape,1,NA,NA,shei,shei,0.9852399918440381,NA
53,sharp_53_rot89,sharp,landscape,1,NA,NA,shei,shei,0.99971144175281,NA
54,sharp_54_rot216,sharp,landscape,1,NA,NA,shei,shei,0.36592365090022316,NA
55,random_55,random,landscape,1,NA,NA,shei,shei,0.732987685694648,NA
56,sharp_56_rot328,sharp,landscape,1,NA,NA,shei,shei,0.8803107857825662,NA
57,sharp_57_rot74,sharp,landscape,1,NA,NA,shei,shei,0.8276504316389458,NA
58,random_58,random,landscape,1,NA,NA,shei,shei,0.7331826440703841,NA
59,sharp_59_rot291,sharp,landscape,1,NA,NA,shei,shei,0.978803059263637,NA
60,random_60,random,landscape,1,NA,NA,shei,shei,0.8792028942433218,NA
61,random_61,random,landscape,1,NA,NA,shei,shei,0.5333717781061093,NA
62,sharp_62_rot178,sharp,landscape,1,NA,NA,shei,shei,0.9988455359952018,NA
63,random_63,random,landscape,1,NA,NA,shei,shei,0.9741322726207529,NA
64,sharp_64_rot282,sharp,landscape,1,NA,NA,shei,shei,0.6158138595528161,NA
65,random_65,random,landscape,1,NA,NA,shei,shei,0.7097645542842426,NA
66,sharp_66_rot51,sharp,landscape,1,NA,NA,shei,shei,0.4088388293331266,NA
67,random_67,random,landscape,1,NA,NA,shei,shei,0.9781502483412616,NA
68,sharp_68_rot332,sharp,landscape,1,NA,NA,shei,shei,0.9025231814820603,NA
69,random_69,random,landscape,1,NA,NA,shei,shei,0.7579702770500762,NA
70,random_70,random,landscape,1,NA,NA,shei,shei,0.9963606258635828,NA
71,random_71,random,landscape,1,NA,NA,shei,shei,0.9863785456457875,NA
72,random_72,random,landscape,1,NA,NA,shei,shei,0.9922138672232149,NA
73,sharp_73_rot288,sharp,landscape,1,NA,NA,shei,shei,0.9362809717771061,NA
74,sharp_74_rot285,sharp,landscape,1,NA,NA,shei,shei,0.8297494277867028,NA
75,sharp_75_rot69,sharp,landscape,1,NA,NA,shei,shei,0.8334612936699997,NA
76,random_76,random,landscape,1,NA,NA,shei,shei,0.9597885744412469,NA
77,random_77,random,landscape,1,NA,NA,shei,shei,0.9721085036376909,NA
78,random_78,random,landscape,1,NA,NA,shei,shei,0.7767890490917188,NA
79,random_79,random,landscape,1,NA,NA,shei,shei,0.9543602755869595,NA
80,sharp_80_rot260,sharp,landscape,1,NA,NA,shei,shei,0.5961601649753019,NA
81,sharp_81_rot193,sharp,landscape,1,NA,NA,shei,shei,0.7058438848667788,NA
82,random_82,random,landscape,1,NA,NA,shei,shei,0.9879999401104688,NA
83,random_83,random,landscape,1,NA,NA,shei,shei,0.5444060565167713,NA
84,sharp_84_rot19,sharp,landscape,1,NA,NA,shei,shei,0.311357370429283,NA
85,random_85,random,landscape,1,NA,NA,shei,shei,0.9993066739602203,NA
86,sharp_86_rot322,sharp,landscape,1,NA,NA,shei,shei,0.9958074761184654,NA
87,random_87,random,landscape,1,NA,NA,shei,shei,0.9123517179518799,NA
88,sharp_88_rot76,sharp,landscape,1,NA,NA,shei,shei,0.9095251014326129,NA
89,sharp_89_rot22,sharp,landscape,1,NA,NA,shei,shei,0.9914441652618601,NA
90,sharp_90_rot226,sharp,landscape,1,NA,NA,shei,shei,0.41300913503172376,NA
91,sharp_91_rot271,sharp,landscape,1,NA,NA,shei,shei,0.6798582341491133,NA
92,random_92,random,landscape,1,NA,NA,shei,shei,0.9458729360770007,NA
93,sharp_93_rot226,sharp,landscape,1,NA,NA,shei,shei,0.9171583289637996,NA
94,random_94,random,landscape,1,NA,NA,shei,shei,0.9618340532908407,NA
95,sharp_95_rot353,sharp,landscape,1,NA,NA,shei,shei,0.9419335848428411,NA
96,sharp_96_rot338,sharp,landscape,1,NA,NA,shei,shei,0.9124554891374561,NA
97,sharp_97_rot301,sharp,landscape,1,NA,NA,shei,shei,0.5733997325148414,NA
98,random_98,random,landscape,1,NA,NA,shei,shei,0.9998818111947846,NA
99,sharp_99_rot291,sharp,landscape,1,NA,NA,shei,shei,0.4384693744169759,NA
100,random_100,random,landscape,1,NA,NA,shei,shei,0.8192618161781408,NA
1,random_1,random,landscape,1,NA,NA,sidi,sidi,0.29404637999999994,NA
2,sharp_2_rot108,sharp,landscape,1,NA,NA,sidi,sidi,0.259182,NA
3,random_3,random,landscape,1,NA,NA,sidi,sidi,0.28430687999999993,NA
4,sharp_4_rot87,sharp,landscape,1,NA,NA,sidi,sidi,0.4197598199999999,NA
5,sharp_5_rot329,sharp,landscape,1,NA,NA,sidi,sidi,0.3600794999999999,NA
6,random_6,random,landscape,1,NA,NA,sidi,sidi,0.48703949999999996,NA
7,sharp_7_rot144,sharp,landscape,1,NA,NA,sidi,sidi,0.4560735200000001,NA
8,sharp_8_rot184,sharp,landscape,1,NA,NA,sidi,sidi,0.47987981999999996,NA
9,sharp_9_rot64,sharp,landscape,1,NA,NA,sidi,sidi,0.47979949999999993,NA
10,random_10,random,landscape,1,NA,NA,sidi,sidi,0.4803979999999999,NA
11,random_11,random,landscape,1,NA,NA,sidi,sidi,0.2864035199999999,NA
12,sharp_12_rot167,sharp,landscape,1,NA,NA,sidi,sidi,0.3576355199999999,NA
13,random_13,random,landscape,1,NA,NA,sidi,sidi,0.3360646199999999,NA
14,random_14,random,landscape,1,NA,NA,sidi,sidi,0.4999998199999999,NA
15,random_15,random,landscape,1,NA,NA,sidi,sidi,0.37728941999999976,NA
16,random_16,random,landscape,1,NA,NA,sidi,sidi,0.48191198000000013,NA
17,random_17,random,landscape,1,NA,NA,sidi,sidi,0.49955598,NA
18,random_18,random,landscape,1,NA,NA,sidi,sidi,0.25527992,NA
19,sharp_19_rot112,sharp,landscape,1,NA,NA,sidi,sidi,0.49904077999999996,NA
20,random_20,random,landscape,1,NA,NA,sidi,sidi,0.2921164799999998,NA
21,random_21,random,landscape,1,NA,NA,sidi,sidi,0.24438749999999998,NA
22,random_22,random,landscape,1,NA,NA,sidi,sidi,0.31662432000000007,NA
23,sharp_23_rot279,sharp,landscape,1,NA,NA,sidi,sidi,0.3390286199999999,NA
24,random_24,random,landscape,1,NA,NA,sidi,sidi,0.48043758000000003,NA
25,random_25,random,landscape,1,NA,NA,sidi,sidi,0.28114271999999985,NA
26,random_26,random,landscape,1,NA,NA,sidi,sidi,0.21904992,NA
27,sharp_27_rot305,sharp,landscape,1,NA,NA,sidi,sidi,0.25597901999999984,NA
28,random_28,random,landscape,1,NA,NA,sidi,sidi,0.4984764799999999,NA
29,sharp_29_rot195,sharp,landscape,1,NA,NA,sidi,sidi,0.22248749999999995,NA
30,sharp_30_rot81,sharp,landscape,1,NA,NA,sidi,sidi,0.4967195,NA
31,sharp_31_rot308,sharp,landscape,1,NA,NA,sidi,sidi,0.19063021999999985,NA
32,random_32,random,landscape,1,NA,NA,sidi,sidi,0.49477757999999994,NA
33,sharp_33_rot300,sharp,landscape,1,NA,NA,sidi,sidi,0.3839343799999999,NA
34,sharp_34_rot273,sharp,landscape,1,NA,NA,sidi,sidi,0.4710558199999999,NA
35,random_35,random,landscape,1,NA,NA,sidi,sidi,0.20554861999999985,NA
36,random_36,random,landscape,1,NA,NA,sidi,sidi,0.38073272000000014,NA
37,random_37,random,landscape,1,NA,NA,sidi,sidi,0.44226798,NA
38,sharp_38_rot249,sharp,landscape,1,NA,NA,sidi,sidi,0.4551798200000001,NA
39,sharp_39_rot66,sharp,landscape,1,NA,NA,sidi,sidi,0.3128503799999999,NA
40,sharp_40_rot331,sharp,landscape,1,NA,NA,sidi,sidi,0.49077917999999987,NA
41,sharp_41_rot185,sharp,landscape,1,NA,NA,sidi,sidi,0.330638,NA
42,random_42,random,landscape,1,NA,NA,sidi,sidi,0.4637118199999999,NA
43,random_43,random,landscape,1,NA,NA,sidi,sidi,0.47522462,NA
44,random_44,random,landscape,1,NA,NA,sidi,sidi,0.48489678,NA
45,sharp_45_rot260,sharp,landscape,1,NA,NA,sidi,sidi,0.2888799799999999,NA
46,random_46,random,landscape,1,NA,NA,sidi,sidi,0.17679200000000006,NA
47,sharp_47_rot311,sharp,landscape,1,NA,NA,sidi,sidi,0.15071917999999984,NA
48,random_48,random,landscape,1,NA,NA,sidi,sidi,0.46875,NA
49,sharp_49_rot290,sharp,landscape,1,NA,NA,sidi,sidi,0.18937037999999995,NA
50,sharp_50_rot26,sharp,landscape,1,NA,NA,sidi,sidi,0.41951928000000005,NA
51,sharp_51_rot174,sharp,landscape,1,NA,NA,sidi,sidi,0.49678398,NA
52,sharp_52_rot258,sharp,landscape,1,NA,NA,sidi,sidi,0.48980407999999986,NA
53,sharp_53_rot89,sharp,landscape,1,NA,NA,sidi,sidi,0.4998,NA
54,sharp_54_rot216,sharp,landscape,1,NA,NA,sidi,sidi,0.13019999999999987,NA
55,random_55,random,landscape,1,NA,NA,sidi,sidi,0.32665728000000005,NA
56,sharp_56_rot328,sharp,landscape,1,NA,NA,sidi,sidi,0.41935871999999996,NA
57,sharp_57_rot74,sharp,landscape,1,NA,NA,sidi,sidi,0.38537527999999976,NA
58,random_58,random,landscape,1,NA,NA,sidi,sidi,0.3267750199999998,NA
59,sharp_59_rot291,sharp,landscape,1,NA,NA,sidi,sidi,0.48537949999999996,NA
60,random_60,random,landscape,1,NA,NA,sidi,sidi,0.41863422000000006,NA
61,random_61,random,landscape,1,NA,NA,sidi,sidi,0.21332407999999992,NA
62,sharp_62_rot178,sharp,landscape,1,NA,NA,sidi,sidi,0.49919999999999987,NA
63,random_63,random,landscape,1,NA,NA,sidi,sidi,0.48217727999999993,NA
64,sharp_64_rot282,sharp,landscape,1,NA,NA,sidi,sidi,0.25834848,NA
65,random_65,random,landscape,1,NA,NA,sidi,sidi,0.3127279999999999,NA
66,sharp_66_rot51,sharp,landscape,1,NA,NA,sidi,sidi,0.15038478,NA
67,random_67,random,landscape,1,NA,NA,sidi,sidi,0.48493151999999984,NA
68,sharp_68_rot332,sharp,landscape,1,NA,NA,sidi,sidi,0.4339702200000001,NA
69,random_69,random,landscape,1,NA,NA,sidi,sidi,0.3418531199999999,NA
70,random_70,random,landscape,1,NA,NA,sidi,sidi,0.49747949999999985,NA
71,random_71,random,landscape,1,NA,NA,sidi,sidi,0.49058808,NA
72,random_72,random,landscape,1,NA,NA,sidi,sidi,0.49461278,NA
73,sharp_73_rot288,sharp,landscape,1,NA,NA,sidi,sidi,0.4564874999999998,NA
74,sharp_74_rot285,sharp,landscape,1,NA,NA,sidi,sidi,0.38671199999999994,NA
75,sharp_75_rot69,sharp,landscape,1,NA,NA,sidi,sidi,0.3890794999999998,NA
76,random_76,random,landscape,1,NA,NA,sidi,sidi,0.47238749999999996,NA
77,random_77,random,landscape,1,NA,NA,sidi,sidi,0.4807919999999999,NA
78,random_78,random,landscape,1,NA,NA,sidi,sidi,0.35344301999999994,NA
79,random_79,random,landscape,1,NA,NA,sidi,sidi,0.4686999799999998,NA
80,sharp_80_rot260,sharp,landscape,1,NA,NA,sidi,sidi,0.24738167999999994,NA
81,sharp_81_rot193,sharp,landscape,1,NA,NA,sidi,sidi,0.3103951799999999,NA
82,random_82,random,landscape,1,NA,NA,sidi,sidi,0.4917052799999999,NA
83,random_83,random,landscape,1,NA,NA,sidi,sidi,0.21919982000000005,NA
84,sharp_84_rot19,sharp,landscape,1,NA,NA,sidi,sidi,0.10572799999999982,NA
85,random_85,random,landscape,1,NA,NA,sidi,sidi,0.4995195,NA
86,sharp_86_rot322,sharp,landscape,1,NA,NA,sidi,sidi,0.4970967799999999,NA
87,random_87,random,landscape,1,NA,NA,sidi,sidi,0.4404874999999998,NA
88,sharp_88_rot76,sharp,landscape,1,NA,NA,sidi,sidi,0.4386099200000001,NA
89,sharp_89_rot22,sharp,landscape,1,NA,NA,sidi,sidi,0.49408127999999996,NA
90,sharp_90_rot226,sharp,landscape,1,NA,NA,sidi,sidi,0.1523887800000001,NA
91,sharp_91_rot271,sharp,landscape,1,NA,NA,sidi,sidi,0.2950719799999999,NA
92,random_92,random,landscape,1,NA,NA,sidi,sidi,0.46295358,NA
93,sharp_93_rot226,sharp,landscape,1,NA,NA,sidi,sidi,0.44368631999999997,NA
94,random_94,random,landscape,1,NA,NA,sidi,sidi,0.4737794999999999,NA
95,sharp_95_rot353,sharp,landscape,1,NA,NA,sidi,sidi,0.4602943799999999,NA
96,sharp_96_rot338,sharp,landscape,1,NA,NA,sidi,sidi,0.44055648000000003,NA
97,sharp_97_rot301,sharp,landscape,1,NA,NA,sidi,sidi,0.23486237999999982,NA
98,random_98,random,landscape,1,NA,NA,sidi,sidi,0.49991808000000004,NA
99,sharp_99_rot291,sharp,landscape,1,NA,NA,sidi,sidi,0.16478327999999975,NA
100,random_100,random,landscape,1,NA,NA,sidi,sidi,0.3800479800000002,NA
1,random_1,random,landscape,1,NA,NA,siei,siei,0.5880927599999999,NA
2,sharp_2_rot108,sharp,landscape,1,NA,NA,siei,siei,0.518364,NA
3,random_3,random,landscape,1,NA,NA,siei,siei,0.5686137599999999,NA
4,sharp_4_rot87,sharp,landscape,1,NA,NA,siei,siei,0.8395196399999998,NA
5,sharp_5_rot329,sharp,landscape,1,NA,NA,siei,siei,0.7201589999999998,NA
6,random_6,random,landscape,1,NA,NA,siei,siei,0.9740789999999999,NA
7,sharp_7_rot144,sharp,landscape,1,NA,NA,siei,siei,0.9121470400000002,NA
8,sharp_8_rot184,sharp,landscape,1,NA,NA,siei,siei,0.9597596399999999,NA
9,sharp_9_rot64,sharp,landscape,1,NA,NA,siei,siei,0.9595989999999999,NA
10,random_10,random,landscape,1,NA,NA,siei,siei,0.9607959999999998,NA
11,random_11,random,landscape,1,NA,NA,siei,siei,0.5728070399999998,NA
12,sharp_12_rot167,sharp,landscape,1,NA,NA,siei,siei,0.7152710399999997,NA
13,random_13,random,landscape,1,NA,NA,siei,siei,0.6721292399999999,NA
14,random_14,random,landscape,1,NA,NA,siei,siei,0.9999996399999997,NA
15,random_15,random,landscape,1,NA,NA,siei,siei,0.7545788399999995,NA
16,random_16,random,landscape,1,NA,NA,siei,siei,0.9638239600000003,NA
17,random_17,random,landscape,1,NA,NA,siei,siei,0.99911196,NA
18,random_18,random,landscape,1,NA,NA,siei,siei,0.51055984,NA
19,sharp_19_rot112,sharp,landscape,1,NA,NA,siei,siei,0.9980815599999999,NA
20,random_20,random,landscape,1,NA,NA,siei,siei,0.5842329599999996,NA
21,random_21,random,landscape,1,NA,NA,siei,siei,0.48877499999999996,NA
22,random_22,random,landscape,1,NA,NA,siei,siei,0.6332486400000001,NA
23,sharp_23_rot279,sharp,landscape,1,NA,NA,siei,siei,0.6780572399999998,NA
24,random_24,random,landscape,1,NA,NA,siei,siei,0.9608751600000001,NA
25,random_25,random,landscape,1,NA,NA,siei,siei,0.5622854399999997,NA
26,random_26,random,landscape,1,NA,NA,siei,siei,0.43809984,NA
27,sharp_27_rot305,sharp,landscape,1,NA,NA,siei,siei,0.5119580399999997,NA
28,random_28,random,landscape,1,NA,NA,siei,siei,0.9969529599999998,NA
29,sharp_29_rot195,sharp,landscape,1,NA,NA,siei,siei,0.4449749999999999,NA
30,sharp_30_rot81,sharp,landscape,1,NA,NA,siei,siei,0.993439,NA
31,sharp_31_rot308,sharp,landscape,1,NA,NA,siei,siei,0.3812604399999997,NA
32,random_32,random,landscape,1,NA,NA,siei,siei,0.9895551599999999,NA
33,sharp_33_rot300,sharp,landscape,1,NA,NA,siei,siei,0.7678687599999998,NA
34,sharp_34_rot273,sharp,landscape,1,NA,NA,siei,siei,0.9421116399999998,NA
35,random_35,random,landscape,1,NA,NA,siei,siei,0.4110972399999997,NA
36,random_36,random,landscape,1,NA,NA,siei,siei,0.7614654400000003,NA
37,random_37,random,landscape,1,NA,NA,siei,siei,0.88453596,NA
38,sharp_38_rot249,sharp,landscape,1,NA,NA,siei,siei,0.9103596400000002,NA
39,sharp_39_rot66,sharp,landscape,1,NA,NA,siei,siei,0.6257007599999997,NA
40,sharp_40_rot331,sharp,landscape,1,NA,NA,siei,siei,0.9815583599999997,NA
41,sharp_41_rot185,sharp,landscape,1,NA,NA,siei,siei,0.661276,NA
42,random_42,random,landscape,1,NA,NA,siei,siei,0.9274236399999998,NA
43,random_43,random,landscape,1,NA,NA,siei,siei,0.95044924,NA
44,random_44,random,landscape,1,NA,NA,siei,siei,0.96979356,NA
45,sharp_45_rot260,sharp,landscape,1,NA,NA,siei,siei,0.5777599599999999,NA
46,random_46,random,landscape,1,NA,NA,siei,siei,0.3535840000000001,NA
47,sharp_47_rot311,sharp,landscape,1,NA,NA,siei,siei,0.3014383599999997,NA
48,random_48,random,landscape,1,NA,NA,siei,siei,0.9375,NA
49,sharp_49_rot290,sharp,landscape,1,NA,NA,siei,siei,0.3787407599999999,NA
50,sharp_50_rot26,sharp,landscape,1,NA,NA,siei,siei,0.8390385600000001,NA
51,sharp_51_rot174,sharp,landscape,1,NA,NA,siei,siei,0.99356796,NA
52,sharp_52_rot258,sharp,landscape,1,NA,NA,siei,siei,0.9796081599999997,NA
53,sharp_53_rot89,sharp,landscape,1,NA,NA,siei,siei,0.9996,NA
54,sharp_54_rot216,sharp,landscape,1,NA,NA,siei,siei,0.26039999999999974,NA
55,random_55,random,landscape,1,NA,NA,siei,siei,0.6533145600000001,NA
56,sharp_56_rot328,sharp,landscape,1,NA,NA,siei,siei,0.8387174399999999,NA
57,sharp_57_rot74,sharp,landscape,1,NA,NA,siei,siei,0.7707505599999995,NA
58,random_58,random,landscape,1,NA,NA,siei,siei,0.6535500399999996,NA
59,sharp_59_rot291,sharp,landscape,1,NA,NA,siei,siei,0.9707589999999999,NA
60,random_60,random,landscape,1,NA,NA,siei,siei,0.8372684400000001,NA
61,random_61,random,landscape,1,NA,NA,siei,siei,0.42664815999999983,NA
62,sharp_62_rot178,sharp,landscape,1,NA,NA,siei,siei,0.9983999999999997,NA
63,random_63,random,landscape,1,NA,NA,siei,siei,0.9643545599999999,NA
64,sharp_64_rot282,sharp,landscape,1,NA,NA,siei,siei,0.51669696,NA
65,random_65,random,landscape,1,NA,NA,siei,siei,0.6254559999999998,NA
66,sharp_66_rot51,sharp,landscape,1,NA,NA,siei,siei,0.30076956,NA
67,random_67,random,landscape,1,NA,NA,siei,siei,0.9698630399999997,NA
68,sharp_68_rot332,sharp,landscape,1,NA,NA,siei,siei,0.8679404400000001,NA
69,random_69,random,landscape,1,NA,NA,siei,siei,0.6837062399999998,NA
70,random_70,random,landscape,1,NA,NA,siei,siei,0.9949589999999997,NA
71,random_71,random,landscape,1,NA,NA,siei,siei,0.98117616,NA
72,random_72,random,landscape,1,NA,NA,siei,siei,0.98922556,NA
73,sharp_73_rot288,sharp,landscape,1,NA,NA,siei,siei,0.9129749999999996,NA
74,sharp_74_rot285,sharp,landscape,1,NA,NA,siei,siei,0.7734239999999999,NA
75,sharp_75_rot69,sharp,landscape,1,NA,NA,siei,siei,0.7781589999999996,NA
76,random_76,random,landscape,1,NA,NA,siei,siei,0.9447749999999999,NA
77,random_77,random,landscape,1,NA,NA,siei,siei,0.9615839999999998,NA
78,random_78,random,landscape,1,NA,NA,siei,siei,0.7068860399999999,NA
79,random_79,random,landscape,1,NA,NA,siei,siei,0.9373999599999996,NA
80,sharp_80_rot260,sharp,landscape,1,NA,NA,siei,siei,0.4947633599999999,NA
81,sharp_81_rot193,sharp,landscape,1,NA,NA,siei,siei,0.6207903599999998,NA
82,random_82,random,landscape,1,NA,NA,siei,siei,0.9834105599999998,NA
83,random_83,random,landscape,1,NA,NA,siei,siei,0.4383996400000001,NA
84,sharp_84_rot19,sharp,landscape,1,NA,NA,siei,siei,0.21145599999999964,NA
85,random_85,random,landscape,1,NA,NA,siei,siei,0.999039,NA
86,sharp_86_rot322,sharp,landscape,1,NA,NA,siei,siei,0.9941935599999998,NA
87,random_87,random,landscape,1,NA,NA,siei,siei,0.8809749999999996,NA
88,sharp_88_rot76,sharp,landscape,1,NA,NA,siei,siei,0.8772198400000002,NA
89,sharp_89_rot22,sharp,landscape,1,NA,NA,siei,siei,0.9881625599999999,NA
90,sharp_90_rot226,sharp,landscape,1,NA,NA,siei,siei,0.3047775600000002,NA
91,sharp_91_rot271,sharp,landscape,1,NA,NA,siei,siei,0.5901439599999998,NA
92,random_92,random,landscape,1,NA,NA,siei,siei,0.92590716,NA
93,sharp_93_rot226,sharp,landscape,1,NA,NA,siei,siei,0.8873726399999999,NA
94,random_94,random,landscape,1,NA,NA,siei,siei,0.9475589999999998,NA
95,sharp_95_rot353,sharp,landscape,1,NA,NA,siei,siei,0.9205887599999998,NA
96,sharp_96_rot338,sharp,landscape,1,NA,NA,siei,siei,0.8811129600000001,NA
97,sharp_97_rot301,sharp,landscape,1,NA,NA,siei,siei,0.46972475999999963,NA
98,random_98,random,landscape,1,NA,NA,siei,siei,0.9998361600000001,NA
99,sharp_99_rot291,sharp,landscape,1,NA,NA,siei,siei,0.3295665599999995,NA
100,random_100,random,landscape,1,NA,NA,siei,siei,0.7600959600000003,NA
1,random_1,random,landscape,1,NA,NA,split,split,1.483769608089559,NA
2,sharp_2_rot108,sharp,landscape,1,NA,NA,split,split,1.3498592096844295,NA
3,random_3,random,landscape,1,NA,NA,split,split,1.457039057680388,NA
4,sharp_4_rot87,sharp,landscape,1,NA,NA,split,split,1.7234242551076002,NA
5,sharp_5_rot329,sharp,landscape,1,NA,NA,split,split,1.5626941159097103,NA
6,random_6,random,landscape,1,NA,NA,split,split,2.2122859121146408,NA
7,sharp_7_rot144,sharp,landscape,1,NA,NA,split,split,1.8384837597904775,NA
8,sharp_8_rot184,sharp,landscape,1,NA,NA,split,split,1.9226325731103144,NA
9,sharp_9_rot64,sharp,landscape,1,NA,NA,split,split,1.9223357147868945,NA
10,random_10,random,landscape,1,NA,NA,split,split,2.497178313364813,NA
11,random_11,random,landscape,1,NA,NA,split,split,1.462669942501274,NA
12,sharp_12_rot167,sharp,landscape,1,NA,NA,split,split,1.5567485923256525,NA
13,random_13,random,landscape,1,NA,NA,split,split,1.6174074446676825,NA
14,random_14,random,landscape,1,NA,NA,split,split,2.1369364246882485,NA
15,random_15,random,landscape,1,NA,NA,split,split,1.7878214887418376,NA
16,random_16,random,landscape,1,NA,NA,split,split,2.711011145888564,NA
17,random_17,random,landscape,1,NA,NA,split,split,2.163313091501178,NA
18,random_18,random,landscape,1,NA,NA,split,split,1.3846388936535852,NA
19,sharp_19_rot112,sharp,landscape,1,NA,NA,split,split,1.9961704667298068,NA
20,random_20,random,landscape,1,NA,NA,split,split,1.4783504447469478,NA
21,random_21,random,landscape,1,NA,NA,split,split,1.3598933560751019,NA
22,random_22,random,landscape,1,NA,NA,split,split,1.5513353786345807,NA
23,sharp_23_rot279,sharp,landscape,1,NA,NA,split,split,1.5129248107535305,NA
24,random_24,random,landscape,1,NA,NA,split,split,2.628698723682651,NA
25,random_25,random,landscape,1,NA,NA,split,split,1.448644718984509,NA
26,random_26,random,landscape,1,NA,NA,split,split,1.3066638366070185,NA
27,sharp_27_rot305,sharp,landscape,1,NA,NA,split,split,1.3440481207935826,NA
28,random_28,random,landscape,1,NA,NA,split,split,2.1507209775904332,NA
29,sharp_29_rot195,sharp,landscape,1,NA,NA,split,split,1.2861529557402613,NA
30,sharp_30_rot81,sharp,landscape,1,NA,NA,split,split,1.9869635322648105,NA
31,sharp_31_rot308,sharp,landscape,1,NA,NA,split,split,1.2355292039690435,NA
32,random_32,random,landscape,1,NA,NA,split,split,2.1546195495612697,NA
33,sharp_33_rot300,sharp,landscape,1,NA,NA,split,split,1.6232037100203707,NA
34,sharp_34_rot273,sharp,landscape,1,NA,NA,split,split,1.890558659705831,NA
35,random_35,random,landscape,1,NA,NA,split,split,1.280481247877122,NA
36,random_36,random,landscape,1,NA,NA,split,split,1.8046176556572955,NA
37,random_37,random,landscape,1,NA,NA,split,split,2.2249007060188415,NA
38,sharp_38_rot249,sharp,landscape,1,NA,NA,split,split,1.8354679887224439,NA
39,sharp_39_rot66,sharp,landscape,1,NA,NA,split,split,1.4552871323715493,NA
40,sharp_40_rot331,sharp,landscape,1,NA,NA,split,split,1.9637845915255385,NA
41,sharp_41_rot185,sharp,landscape,1,NA,NA,split,split,1.493959920043265,NA
42,random_42,random,landscape,1,NA,NA,split,split,2.450570762436279,NA
43,random_43,random,landscape,1,NA,NA,split,split,2.5010147867497237,NA
44,random_44,random,landscape,1,NA,NA,split,split,2.586655413680955,NA
45,sharp_45_rot260,sharp,landscape,1,NA,NA,split,split,1.4062323825449323,NA
46,random_46,random,landscape,1,NA,NA,split,split,1.2290639404783015,NA
47,sharp_47_rot311,sharp,landscape,1,NA,NA,split,split,1.177466835998957,NA
48,random_48,random,landscape,1,NA,NA,split,split,2.4928245292338267,NA
49,sharp_49_rot290,sharp,landscape,1,NA,NA,split,split,1.2336090062931575,NA
50,sharp_50_rot26,sharp,landscape,1,NA,NA,split,split,1.7227101013794224,NA
51,sharp_51_rot174,sharp,landscape,1,NA,NA,split,split,1.9872181334767522,NA
52,sharp_52_rot258,sharp,landscape,1,NA,NA,split,split,1.9600313542295673,NA
53,sharp_53_rot89,sharp,landscape,1,NA,NA,split,split,1.9992003198720512,NA
54,sharp_54_rot216,sharp,landscape,1,NA,NA,split,split,1.1496895838123704,NA
55,random_55,random,landscape,1,NA,NA,split,split,1.5843012225577244,NA
56,sharp_56_rot328,sharp,landscape,1,NA,NA,split,split,1.7222337343979401,NA
57,sharp_57_rot74,sharp,landscape,1,NA,NA,split,split,1.627009079621789,NA
58,random_58,random,landscape,1,NA,NA,split,split,1.5846867033185683,NA
59,sharp_59_rot291,sharp,landscape,1,NA,NA,split,split,1.9431794885745903,NA
60,random_60,random,landscape,1,NA,NA,split,split,2.029364004220915,NA
61,random_61,random,landscape,1,NA,NA,split,split,1.2953891400792363,NA
62,sharp_62_rot178,sharp,landscape,1,NA,NA,split,split,1.9968051118210857,NA
63,random_63,random,landscape,1,NA,NA,split,split,2.430383015239133,NA
64,sharp_64_rot282,sharp,landscape,1,NA,NA,split,split,1.3483421432211182,NA
65,random_65,random,landscape,1,NA,NA,split,split,1.5390908608753897,NA
66,sharp_66_rot51,sharp,landscape,1,NA,NA,split,split,1.1770033969024236,NA
67,random_67,random,landscape,1,NA,NA,split,split,2.6726534103057507,NA
68,sharp_68_rot332,sharp,landscape,1,NA,NA,split,split,1.7666914981045692,NA
69,random_69,random,landscape,1,NA,NA,split,split,1.6385266643506635,NA
70,random_70,random,landscape,1,NA,NA,split,split,2.142614384647362,NA
71,random_71,random,landscape,1,NA,NA,split,split,2.4409218795645242,NA
72,random_72,random,landscape,1,NA,NA,split,split,2.0867248698749665,NA
73,sharp_73_rot288,sharp,landscape,1,NA,NA,split,split,1.8398840873024993,NA
74,sharp_74_rot285,sharp,landscape,1,NA,NA,split,split,1.6305553019136196,NA
75,sharp_75_rot69,sharp,landscape,1,NA,NA,split,split,1.6368741923048908,NA
76,random_76,random,landscape,1,NA,NA,split,split,2.4836994803107197,NA
77,random_77,random,landscape,1,NA,NA,split,split,2.457943239306681,NA
78,random_78,random,landscape,1,NA,NA,split,split,1.6829752579075434,NA
79,random_79,random,landscape,1,NA,NA,split,split,2.520594771641171,NA
80,sharp_80_rot260,sharp,landscape,1,NA,NA,split,split,1.328694735998454,NA
81,sharp_81_rot193,sharp,landscape,1,NA,NA,split,split,1.450105873679943,NA
82,random_82,random,landscape,1,NA,NA,split,split,2.140898251541243,NA
83,random_83,random,landscape,1,NA,NA,split,split,1.3069590051658078,NA
84,sharp_84_rot19,sharp,landscape,1,NA,NA,split,split,1.1182280111643883,NA
85,random_85,random,landscape,1,NA,NA,split,split,2.0931352239451657,NA
86,sharp_86_rot322,sharp,landscape,1,NA,NA,split,split,1.9884541602258976,NA
87,random_87,random,landscape,1,NA,NA,split,split,2.2077948227388027,NA
88,sharp_88_rot76,sharp,landscape,1,NA,NA,split,split,1.7812926085191958,NA
89,sharp_89_rot22,sharp,landscape,1,NA,NA,split,split,1.9766020913398894,NA
90,sharp_90_rot226,sharp,landscape,1,NA,NA,split,split,1.1797861760253714,NA
91,sharp_91_rot271,sharp,landscape,1,NA,NA,split,split,1.418584552788808,NA
92,random_92,random,landscape,1,NA,NA,split,split,2.4360349594402613,NA
93,sharp_93_rot226,sharp,landscape,1,NA,NA,split,split,1.797547024189662,NA
94,random_94,random,landscape,1,NA,NA,split,split,2.5810549329018633,NA
95,sharp_95_rot353,sharp,landscape,1,NA,NA,split,split,1.8528619361050933,NA
96,sharp_96_rot338,sharp,landscape,1,NA,NA,split,split,1.7874905406000592,NA
97,sharp_97_rot301,sharp,landscape,1,NA,NA,split,split,1.3069544273617075,NA
98,random_98,random,landscape,1,NA,NA,split,split,2.102394694834046,NA
99,sharp_99_rot291,sharp,landscape,1,NA,NA,split,split,1.1972940388453905,NA
100,random_100,random,landscape,1,NA,NA,split,split,1.8007759111214805,NA
1,random_1,random,landscape,1,NA,NA,ta,ta,1,NA
2,sharp_2_rot108,sharp,landscape,1,NA,NA,ta,ta,1,NA
3,random_3,random,landscape,1,NA,NA,ta,ta,1,NA
4,sharp_4_rot87,sharp,landscape,1,NA,NA,ta,ta,1,NA
5,sharp_5_rot329,sharp,landscape,1,NA,NA,ta,ta,1,NA
6,random_6,random,landscape,1,NA,NA,ta,ta,1,NA
7,sharp_7_rot144,sharp,landscape,1,NA,NA,ta,ta,1,NA
8,sharp_8_rot184,sharp,landscape,1,NA,NA,ta,ta,1,NA
9,sharp_9_rot64,sharp,landscape,1,NA,NA,ta,ta,1,NA
10,random_10,random,landscape,1,NA,NA,ta,ta,1,NA
11,random_11,random,landscape,1,NA,NA,ta,ta,1,NA
12,sharp_12_rot167,sharp,landscape,1,NA,NA,ta,ta,1,NA
13,random_13,random,landscape,1,NA,NA,ta,ta,1,NA
14,random_14,random,landscape,1,NA,NA,ta,ta,1,NA
15,random_15,random,landscape,1,NA,NA,ta,ta,1,NA
16,random_16,random,landscape,1,NA,NA,ta,ta,1,NA
17,random_17,random,landscape,1,NA,NA,ta,ta,1,NA
18,random_18,random,landscape,1,NA,NA,ta,ta,1,NA
19,sharp_19_rot112,sharp,landscape,1,NA,NA,ta,ta,1,NA
20,random_20,random,landscape,1,NA,NA,ta,ta,1,NA
21,random_21,random,landscape,1,NA,NA,ta,ta,1,NA
22,random_22,random,landscape,1,NA,NA,ta,ta,1,NA
23,sharp_23_rot279,sharp,landscape,1,NA,NA,ta,ta,1,NA
24,random_24,random,landscape,1,NA,NA,ta,ta,1,NA
25,random_25,random,landscape,1,NA,NA,ta,ta,1,NA
26,random_26,random,landscape,1,NA,NA,ta,ta,1,NA
27,sharp_27_rot305,sharp,landscape,1,NA,NA,ta,ta,1,NA
28,random_28,random,landscape,1,NA,NA,ta,ta,1,NA
29,sharp_29_rot195,sharp,landscape,1,NA,NA,ta,ta,1,NA
30,sharp_30_rot81,sharp,landscape,1,NA,NA,ta,ta,1,NA
31,sharp_31_rot308,sharp,landscape,1,NA,NA,ta,ta,1,NA
32,random_32,random,landscape,1,NA,NA,ta,ta,1,NA
33,sharp_33_rot300,sharp,landscape,1,NA,NA,ta,ta,1,NA
34,sharp_34_rot273,sharp,landscape,1,NA,NA,ta,ta,1,NA
35,random_35,random,landscape,1,NA,NA,ta,ta,1,NA
36,random_36,random,landscape,1,NA,NA,ta,ta,1,NA
37,random_37,random,landscape,1,NA,NA,ta,ta,1,NA
38,sharp_38_rot249,sharp,landscape,1,NA,NA,ta,ta,1,NA
39,sharp_39_rot66,sharp,landscape,1,NA,NA,ta,ta,1,NA
40,sharp_40_rot331,sharp,landscape,1,NA,NA,ta,ta,1,NA
41,sharp_41_rot185,sharp,landscape,1,NA,NA,ta,ta,1,NA
42,random_42,random,landscape,1,NA,NA,ta,ta,1,NA
43,random_43,random,landscape,1,NA,NA,ta,ta,1,NA
44,random_44,random,landscape,1,NA,NA,ta,ta,1,NA
45,sharp_45_rot260,sharp,landscape,1,NA,NA,ta,ta,1,NA
46,random_46,random,landscape,1,NA,NA,ta,ta,1,NA
47,sharp_47_rot311,sharp,landscape,1,NA,NA,ta,ta,1,NA
48,random_48,random,landscape,1,NA,NA,ta,ta,1,NA
49,sharp_49_rot290,sharp,landscape,1,NA,NA,ta,ta,1,NA
50,sharp_50_rot26,sharp,landscape,1,NA,NA,ta,ta,1,NA
51,sharp_51_rot174,sharp,landscape,1,NA,NA,ta,ta,1,NA
52,sharp_52_rot258,sharp,landscape,1,NA,NA,ta,ta,1,NA
53,sharp_53_rot89,sharp,landscape,1,NA,NA,ta,ta,1,NA
54,sharp_54_rot216,sharp,landscape,1,NA,NA,ta,ta,1,NA
55,random_55,random,landscape,1,NA,NA,ta,ta,1,NA
56,sharp_56_rot328,sharp,landscape,1,NA,NA,ta,ta,1,NA
57,sharp_57_rot74,sharp,landscape,1,NA,NA,ta,ta,1,NA
58,random_58,random,landscape,1,NA,NA,ta,ta,1,NA
59,sharp_59_rot291,sharp,landscape,1,NA,NA,ta,ta,1,NA
60,random_60,random,landscape,1,NA,NA,ta,ta,1,NA
61,random_61,random,landscape,1,NA,NA,ta,ta,1,NA
62,sharp_62_rot178,sharp,landscape,1,NA,NA,ta,ta,1,NA
63,random_63,random,landscape,1,NA,NA,ta,ta,1,NA
64,sharp_64_rot282,sharp,landscape,1,NA,NA,ta,ta,1,NA
65,random_65,random,landscape,1,NA,NA,ta,ta,1,NA
66,sharp_66_rot51,sharp,landscape,1,NA,NA,ta,ta,1,NA
67,random_67,random,landscape,1,NA,NA,ta,ta,1,NA
68,sharp_68_rot332,sharp,landscape,1,NA,NA,ta,ta,1,NA
69,random_69,random,landscape,1,NA,NA,ta,ta,1,NA
70,random_70,random,landscape,1,NA,NA,ta,ta,1,NA
71,random_71,random,landscape,1,NA,NA,ta,ta,1,NA
72,random_72,random,landscape,1,NA,NA,ta,ta,1,NA
73,sharp_73_rot288,sharp,landscape,1,NA,NA,ta,ta,1,NA
74,sharp_74_rot285,sharp,landscape,1,NA,NA,ta,ta,1,NA
75,sharp_75_rot69,sharp,landscape,1,NA,NA,ta,ta,1,NA
76,random_76,random,landscape,1,NA,NA,ta,ta,1,NA
77,random_77,random,landscape,1,NA,NA,ta,ta,1,NA
78,random_78,random,landscape,1,NA,NA,ta,ta,1,NA
79,random_79,random,landscape,1,NA,NA,ta,ta,1,NA
80,sharp_80_rot260,sharp,landscape,1,NA,NA,ta,ta,1,NA
81,sharp_81_rot193,sharp,landscape,1,NA,NA,ta,ta,1,NA
82,random_82,random,landscape,1,NA,NA,ta,ta,1,NA
83,random_83,random,landscape,1,NA,NA,ta,ta,1,NA
84,sharp_84_rot19,sharp,landscape,1,NA,NA,ta,ta,1,NA
85,random_85,random,landscape,1,NA,NA,ta,ta,1,NA
86,sharp_86_rot322,sharp,landscape,1,NA,NA,ta,ta,1,NA
87,random_87,random,landscape,1,NA,NA,ta,ta,1,NA
88,sharp_88_rot76,sharp,landscape,1,NA,NA,ta,ta,1,NA
89,sharp_89_rot22,sharp,landscape,1,NA,NA,ta,ta,1,NA
90,sharp_90_rot226,sharp,landscape,1,NA,NA,ta,ta,1,NA
91,sharp_91_rot271,sharp,landscape,1,NA,NA,ta,ta,1,NA
92,random_92,random,landscape,1,NA,NA,ta,ta,1,NA
93,sharp_93_rot226,sharp,landscape,1,NA,NA,ta,ta,1,NA
94,random_94,random,landscape,1,NA,NA,ta,ta,1,NA
95,sharp_95_rot353,sharp,landscape,1,NA,NA,ta,ta,1,NA
96,sharp_96_rot338,sharp,landscape,1,NA,NA,ta,ta,1,NA
97,sharp_97_rot301,sharp,landscape,1,NA,NA,ta,ta,1,NA
98,random_98,random,landscape,1,NA,NA,ta,ta,1,NA
99,sharp_99_rot291,sharp,landscape,1,NA,NA,ta,ta,1,NA
100,random_100,random,landscape,1,NA,NA,ta,ta,1,NA
1,random_1,random,landscape,1,NA,NA,tca,tca,0.35710000000000003,NA
2,sharp_2_rot108,sharp,landscape,1,NA,NA,tca,tca,0.9418,NA
3,random_3,random,landscape,1,NA,NA,tca,tca,0.3755,NA
4,sharp_4_rot87,sharp,landscape,1,NA,NA,tca,tca,0.9408,NA
5,sharp_5_rot329,sharp,landscape,1,NA,NA,tca,tca,0.9431999999999999,NA
6,random_6,random,landscape,1,NA,NA,tca,tca,0.0795,NA
7,sharp_7_rot144,sharp,landscape,1,NA,NA,tca,tca,0.9411,NA
8,sharp_8_rot184,sharp,landscape,1,NA,NA,tca,tca,0.9408,NA
9,sharp_9_rot64,sharp,landscape,1,NA,NA,tca,tca,0.9408,NA
10,random_10,random,landscape,1,NA,NA,tca,tca,0.0846,NA
11,random_11,random,landscape,1,NA,NA,tca,tca,0.36569999999999997,NA
12,sharp_12_rot167,sharp,landscape,1,NA,NA,tca,tca,0.9408,NA
13,random_13,random,landscape,1,NA,NA,tca,tca,0.2935,NA
14,random_14,random,landscape,1,NA,NA,tca,tca,0.0605,NA
15,random_15,random,landscape,1,NA,NA,tca,tca,0.22110000000000002,NA
16,random_16,random,landscape,1,NA,NA,tca,tca,0.0831,NA
17,random_17,random,landscape,1,NA,NA,tca,tca,0.061,NA
18,random_18,random,landscape,1,NA,NA,tca,tca,0.4249,NA
19,sharp_19_rot112,sharp,landscape,1,NA,NA,tca,tca,0.9408000000000001,NA
20,random_20,random,landscape,1,NA,NA,tca,tca,0.36779999999999996,NA
21,random_21,random,landscape,1,NA,NA,tca,tca,0.4458,NA
22,random_22,random,landscape,1,NA,NA,tca,tca,0.323,NA
23,sharp_23_rot279,sharp,landscape,1,NA,NA,tca,tca,0.9408,NA
24,random_24,random,landscape,1,NA,NA,tca,tca,0.0873,NA
25,random_25,random,landscape,1,NA,NA,tca,tca,0.3757,NA
26,random_26,random,landscape,1,NA,NA,tca,tca,0.4853,NA
27,sharp_27_rot305,sharp,landscape,1,NA,NA,tca,tca,0.9478,NA
28,random_28,random,landscape,1,NA,NA,tca,tca,0.0618,NA
29,sharp_29_rot195,sharp,landscape,1,NA,NA,tca,tca,0.9418,NA
30,sharp_30_rot81,sharp,landscape,1,NA,NA,tca,tca,0.9408000000000001,NA
31,sharp_31_rot308,sharp,landscape,1,NA,NA,tca,tca,0.9504,NA
32,random_32,random,landscape,1,NA,NA,tca,tca,0.063,NA
33,sharp_33_rot300,sharp,landscape,1,NA,NA,tca,tca,0.942,NA
34,sharp_34_rot273,sharp,landscape,1,NA,NA,tca,tca,0.9408000000000001,NA
35,random_35,random,landscape,1,NA,NA,tca,tca,0.5214,NA
36,random_36,random,landscape,1,NA,NA,tca,tca,0.2225,NA
37,random_37,random,landscape,1,NA,NA,tca,tca,0.13299999999999998,NA
38,sharp_38_rot249,sharp,landscape,1,NA,NA,tca,tca,0.9408,NA
39,sharp_39_rot66,sharp,landscape,1,NA,NA,tca,tca,0.9423999999999999,NA
40,sharp_40_rot331,sharp,landscape,1,NA,NA,tca,tca,0.9408000000000001,NA
41,sharp_41_rot185,sharp,landscape,1,NA,NA,tca,tca,0.9408000000000001,NA
42,random_42,random,landscape,1,NA,NA,tca,tca,0.1095,NA
43,random_43,random,landscape,1,NA,NA,tca,tca,0.0886,NA
44,random_44,random,landscape,1,NA,NA,tca,tca,0.0844,NA
45,sharp_45_rot260,sharp,landscape,1,NA,NA,tca,tca,0.9408,NA
46,random_46,random,landscape,1,NA,NA,tca,tca,0.579,NA
47,sharp_47_rot311,sharp,landscape,1,NA,NA,tca,tca,0.9521,NA
48,random_48,random,landscape,1,NA,NA,tca,tca,0.0974,NA
49,sharp_49_rot290,sharp,landscape,1,NA,NA,tca,tca,0.9459,NA
50,sharp_50_rot26,sharp,landscape,1,NA,NA,tca,tca,0.9408000000000001,NA
51,sharp_51_rot174,sharp,landscape,1,NA,NA,tca,tca,0.9408000000000001,NA
52,sharp_52_rot258,sharp,landscape,1,NA,NA,tca,tca,0.9408000000000001,NA
53,sharp_53_rot89,sharp,landscape,1,NA,NA,tca,tca,0.9408000000000001,NA
54,sharp_54_rot216,sharp,landscape,1,NA,NA,tca,tca,0.9521,NA
55,random_55,random,landscape,1,NA,NA,tca,tca,0.3034,NA
56,sharp_56_rot328,sharp,landscape,1,NA,NA,tca,tca,0.9414,NA
57,sharp_57_rot74,sharp,landscape,1,NA,NA,tca,tca,0.9408,NA
58,random_58,random,landscape,1,NA,NA,tca,tca,0.3079,NA
59,sharp_59_rot291,sharp,landscape,1,NA,NA,tca,tca,0.9408000000000001,NA
60,random_60,random,landscape,1,NA,NA,tca,tca,0.1656,NA
61,random_61,random,landscape,1,NA,NA,tca,tca,0.5044,NA
62,sharp_62_rot178,sharp,landscape,1,NA,NA,tca,tca,0.9408,NA
63,random_63,random,landscape,1,NA,NA,tca,tca,0.0828,NA
64,sharp_64_rot282,sharp,landscape,1,NA,NA,tca,tca,0.9408000000000001,NA
65,random_65,random,landscape,1,NA,NA,tca,tca,0.3277,NA
66,sharp_66_rot51,sharp,landscape,1,NA,NA,tca,tca,0.9518,NA
67,random_67,random,landscape,1,NA,NA,tca,tca,0.0779,NA
68,sharp_68_rot332,sharp,landscape,1,NA,NA,tca,tca,0.9408,NA
69,random_69,random,landscape,1,NA,NA,tca,tca,0.2875,NA
70,random_70,random,landscape,1,NA,NA,tca,tca,0.0655,NA
71,random_71,random,landscape,1,NA,NA,tca,tca,0.0663,NA
72,random_72,random,landscape,1,NA,NA,tca,tca,0.0616,NA
73,sharp_73_rot288,sharp,landscape,1,NA,NA,tca,tca,0.9408000000000001,NA
74,sharp_74_rot285,sharp,landscape,1,NA,NA,tca,tca,0.9408,NA
75,sharp_75_rot69,sharp,landscape,1,NA,NA,tca,tca,0.9408,NA
76,random_76,random,landscape,1,NA,NA,tca,tca,0.094,NA
77,random_77,random,landscape,1,NA,NA,tca,tca,0.0819,NA
78,random_78,random,landscape,1,NA,NA,tca,tca,0.265,NA
79,random_79,random,landscape,1,NA,NA,tca,tca,0.0972,NA
80,sharp_80_rot260,sharp,landscape,1,NA,NA,tca,tca,0.9408,NA
81,sharp_81_rot193,sharp,landscape,1,NA,NA,tca,tca,0.9408,NA
82,random_82,random,landscape,1,NA,NA,tca,tca,0.075,NA
83,random_83,random,landscape,1,NA,NA,tca,tca,0.4968,NA
84,sharp_84_rot19,sharp,landscape,1,NA,NA,tca,tca,0.9498,NA
85,random_85,random,landscape,1,NA,NA,tca,tca,0.0569,NA
86,sharp_86_rot322,sharp,landscape,1,NA,NA,tca,tca,0.9408000000000001,NA
87,random_87,random,landscape,1,NA,NA,tca,tca,0.1352,NA
88,sharp_88_rot76,sharp,landscape,1,NA,NA,tca,tca,0.9408000000000001,NA
89,sharp_89_rot22,sharp,landscape,1,NA,NA,tca,tca,0.9408000000000001,NA
90,sharp_90_rot226,sharp,landscape,1,NA,NA,tca,tca,0.9525,NA
91,sharp_91_rot271,sharp,landscape,1,NA,NA,tca,tca,0.9408000000000001,NA
92,random_92,random,landscape,1,NA,NA,tca,tca,0.1012,NA
93,sharp_93_rot226,sharp,landscape,1,NA,NA,tca,tca,0.9440999999999999,NA
94,random_94,random,landscape,1,NA,NA,tca,tca,0.0951,NA
95,sharp_95_rot353,sharp,landscape,1,NA,NA,tca,tca,0.9408000000000001,NA
96,sharp_96_rot338,sharp,landscape,1,NA,NA,tca,tca,0.9408,NA
97,sharp_97_rot301,sharp,landscape,1,NA,NA,tca,tca,0.9476,NA
98,random_98,random,landscape,1,NA,NA,tca,tca,0.06,NA
99,sharp_99_rot291,sharp,landscape,1,NA,NA,tca,tca,0.9472999999999999,NA
100,random_100,random,landscape,1,NA,NA,tca,tca,0.22130000000000002,NA
1,random_1,random,landscape,1,NA,NA,te,te,5782,NA
2,sharp_2_rot108,sharp,landscape,1,NA,NA,te,te,127,NA
3,random_3,random,landscape,1,NA,NA,te,te,5615,NA
4,sharp_4_rot87,sharp,landscape,1,NA,NA,te,te,106,NA
5,sharp_5_rot329,sharp,landscape,1,NA,NA,te,te,141,NA
6,random_6,random,landscape,1,NA,NA,te,te,9609,NA
7,sharp_7_rot144,sharp,landscape,1,NA,NA,te,te,169,NA
8,sharp_8_rot184,sharp,landscape,1,NA,NA,te,te,106,NA
9,sharp_9_rot64,sharp,landscape,1,NA,NA,te,te,148,NA
10,random_10,random,landscape,1,NA,NA,te,te,9526,NA
11,random_11,random,landscape,1,NA,NA,te,te,5679,NA
12,sharp_12_rot167,sharp,landscape,1,NA,NA,te,te,123,NA
13,random_13,random,landscape,1,NA,NA,te,te,6626,NA
14,random_14,random,landscape,1,NA,NA,te,te,9825,NA
15,random_15,random,landscape,1,NA,NA,te,te,7514,NA
16,random_16,random,landscape,1,NA,NA,te,te,9496,NA
17,random_17,random,landscape,1,NA,NA,te,te,9874,NA
18,random_18,random,landscape,1,NA,NA,te,te,5093,NA
19,sharp_19_rot112,sharp,landscape,1,NA,NA,te,te,140,NA
20,random_20,random,landscape,1,NA,NA,te,te,5709,NA
21,random_21,random,landscape,1,NA,NA,te,te,4877,NA
22,random_22,random,landscape,1,NA,NA,te,te,6262,NA
23,sharp_23_rot279,sharp,landscape,1,NA,NA,te,te,115,NA
24,random_24,random,landscape,1,NA,NA,te,te,9445,NA
25,random_25,random,landscape,1,NA,NA,te,te,5602,NA
26,random_26,random,landscape,1,NA,NA,te,te,4392,NA
27,sharp_27_rot305,sharp,landscape,1,NA,NA,te,te,111,NA
28,random_28,random,landscape,1,NA,NA,te,te,9916,NA
29,sharp_29_rot195,sharp,landscape,1,NA,NA,te,te,122,NA
30,sharp_30_rot81,sharp,landscape,1,NA,NA,te,te,116,NA
31,sharp_31_rot308,sharp,landscape,1,NA,NA,te,te,93,NA
32,random_32,random,landscape,1,NA,NA,te,te,9922,NA
33,sharp_33_rot300,sharp,landscape,1,NA,NA,te,te,148,NA
34,sharp_34_rot273,sharp,landscape,1,NA,NA,te,te,106,NA
35,random_35,random,landscape,1,NA,NA,te,te,4033,NA
36,random_36,random,landscape,1,NA,NA,te,te,7527,NA
37,random_37,random,landscape,1,NA,NA,te,te,8765,NA
38,sharp_38_rot249,sharp,landscape,1,NA,NA,te,te,138,NA
39,sharp_39_rot66,sharp,landscape,1,NA,NA,te,te,133,NA
40,sharp_40_rot331,sharp,landscape,1,NA,NA,te,te,155,NA
41,sharp_41_rot185,sharp,landscape,1,NA,NA,te,te,108,NA
42,random_42,random,landscape,1,NA,NA,te,te,9190,NA
43,random_43,random,landscape,1,NA,NA,te,te,9548,NA
44,random_44,random,landscape,1,NA,NA,te,te,9523,NA
45,sharp_45_rot260,sharp,landscape,1,NA,NA,te,te,117,NA
46,random_46,random,landscape,1,NA,NA,te,te,3458,NA
47,sharp_47_rot311,sharp,landscape,1,NA,NA,te,te,80,NA
48,random_48,random,landscape,1,NA,NA,te,te,9401,NA
49,sharp_49_rot290,sharp,landscape,1,NA,NA,te,te,102,NA
50,sharp_50_rot26,sharp,landscape,1,NA,NA,te,te,148,NA
51,sharp_51_rot174,sharp,landscape,1,NA,NA,te,te,110,NA
52,sharp_52_rot258,sharp,landscape,1,NA,NA,te,te,121,NA
53,sharp_53_rot89,sharp,landscape,1,NA,NA,te,te,102,NA
54,sharp_54_rot216,sharp,landscape,1,NA,NA,te,te,75,NA
55,random_55,random,landscape,1,NA,NA,te,te,6490,NA
56,sharp_56_rot328,sharp,landscape,1,NA,NA,te,te,158,NA
57,sharp_57_rot74,sharp,landscape,1,NA,NA,te,te,128,NA
58,random_58,random,landscape,1,NA,NA,te,te,6484,NA
59,sharp_59_rot291,sharp,landscape,1,NA,NA,te,te,138,NA
60,random_60,random,landscape,1,NA,NA,te,te,8357,NA
61,random_61,random,landscape,1,NA,NA,te,te,4208,NA
62,sharp_62_rot178,sharp,landscape,1,NA,NA,te,te,104,NA
63,random_63,random,landscape,1,NA,NA,te,te,9544,NA
64,sharp_64_rot282,sharp,landscape,1,NA,NA,te,te,121,NA
65,random_65,random,landscape,1,NA,NA,te,te,6140,NA
66,sharp_66_rot51,sharp,landscape,1,NA,NA,te,te,81,NA
67,random_67,random,landscape,1,NA,NA,te,te,9579,NA
68,sharp_68_rot332,sharp,landscape,1,NA,NA,te,te,152,NA
69,random_69,random,landscape,1,NA,NA,te,te,6738,NA
70,random_70,random,landscape,1,NA,NA,te,te,9771,NA
71,random_71,random,landscape,1,NA,NA,te,te,9827,NA
72,random_72,random,landscape,1,NA,NA,te,te,9910,NA
73,sharp_73_rot288,sharp,landscape,1,NA,NA,te,te,132,NA
74,sharp_74_rot285,sharp,landscape,1,NA,NA,te,te,127,NA
75,sharp_75_rot69,sharp,landscape,1,NA,NA,te,te,138,NA
76,random_76,random,landscape,1,NA,NA,te,te,9453,NA
77,random_77,random,landscape,1,NA,NA,te,te,9560,NA
78,random_78,random,landscape,1,NA,NA,te,te,6992,NA
79,random_79,random,landscape,1,NA,NA,te,te,9184,NA
80,sharp_80_rot260,sharp,landscape,1,NA,NA,te,te,117,NA
81,sharp_81_rot193,sharp,landscape,1,NA,NA,te,te,123,NA
82,random_82,random,landscape,1,NA,NA,te,te,9791,NA
83,random_83,random,landscape,1,NA,NA,te,te,4289,NA
84,sharp_84_rot19,sharp,landscape,1,NA,NA,te,te,75,NA
85,random_85,random,landscape,1,NA,NA,te,te,10057,NA
86,sharp_86_rot322,sharp,landscape,1,NA,NA,te,te,177,NA
87,random_87,random,landscape,1,NA,NA,te,te,8789,NA
88,sharp_88_rot76,sharp,landscape,1,NA,NA,te,te,125,NA
89,sharp_89_rot22,sharp,landscape,1,NA,NA,te,te,140,NA
90,sharp_90_rot226,sharp,landscape,1,NA,NA,te,te,80,NA
91,sharp_91_rot271,sharp,landscape,1,NA,NA,te,te,102,NA
92,random_92,random,landscape,1,NA,NA,te,te,9232,NA
93,sharp_93_rot226,sharp,landscape,1,NA,NA,te,te,162,NA
94,random_94,random,landscape,1,NA,NA,te,te,9456,NA
95,sharp_95_rot353,sharp,landscape,1,NA,NA,te,te,112,NA
96,sharp_96_rot338,sharp,landscape,1,NA,NA,te,te,140,NA
97,sharp_97_rot301,sharp,landscape,1,NA,NA,te,te,106,NA
98,random_98,random,landscape,1,NA,NA,te,te,9961,NA
99,sharp_99_rot291,sharp,landscape,1,NA,NA,te,te,94,NA
100,random_100,random,landscape,1,NA,NA,te,te,7491,NA
